update_step,landmark_label,cov_x,cov_y,NIS
1,1,0.003719187146665027,0.0037191871466673806,9.792215804630235e-32
2,1,0.0037191868371962674,0.003719186452382522,nan
2,2,0.0037191868371986366,0.0037191864523802172,9.79225408941576e-32
3,1,0.0037191861446808287,0.003719186144683182,nan
3,2,0.0037191867178188133,0.003719186334511775,nan
3,3,0.0037191863345140412,0.003719186717816521,9.792292564886313e-32
4,1,0.0037191860272579673,0.0037191860272603205,nan
4,2,0.0037191860272603365,0.0037191860272580163,nan
4,3,0.0037191860272602828,0.003719186027258044,nan
4,4,0.003719186027258074,0.0037191860272603166,1.4645274098961719e-31
5,1,0.0018672622191919443,0.0018672622191930907,0.0
5,2,0.003719186025977082,0.0037191860240790094,nan
5,3,0.003719186024081276,0.0037191860259747894,nan
5,4,0.0037191860267370034,0.003719186026739246,nan
6,1,0.0018672622188675124,0.0018672622183911912,nan
6,2,0.0018672622188686625,0.001867262218390057,0.0
6,3,0.0037191860235602516,0.0037191860254537374,nan
6,4,0.003719186023558043,0.0037191860254560103,nan
7,1,0.001867262218065622,0.0018672622180667684,nan
7,2,0.0018672622187371824,0.001867262218258584,nan
7,3,0.0018672622182597089,0.0018672622187360511,0.0
7,4,0.003719186022274843,0.0037191860222770858,nan
8,1,0.0018672622179341535,0.0018672622179353,nan
8,2,0.0018672622179353037,0.001867262217934166,nan
8,3,0.0018672622179352909,0.0018672622179341724,nan
8,4,0.0018672622179341804,0.0018672622179352993,0.0
9,1,0.001246555874425146,0.001246555874425903,0.0
9,2,0.0018672622178265161,0.0018672622176651736,nan
9,3,0.0018672622176662986,0.0018672622178253849,nan
9,4,0.0018672622178900848,0.0018672622178912037,nan
10,1,0.0012465558743766142,0.0012465558743059923,nan
10,2,0.0012465558743773731,0.0012465558743052405,0.0
10,3,0.0018672622176222043,0.0018672622177812897,nan
10,4,0.0018672622176210938,0.0018672622177824168,nan
11,1,0.001246555874256704,0.001246555874257461,nan
11,2,0.0012465558743577142,0.001246555874285582,nan
11,3,0.00124655587428633,0.0012465558743569635,0.0
11,4,0.0018672622175123078,0.001867262217513427,nan
12,1,0.0012465558742370457,0.0012465558742378027,nan
12,2,0.0012465558742378044,0.001246555874237051,nan
12,3,0.001246555874237799,0.0012465558742370537,nan
12,4,0.0012465558742370576,0.001246555874237803,0.0
13,1,0.0009355612383337458,0.0009355612383343108,0.0
13,2,0.0012465558742134843,0.0012465558741769531,nan
13,3,0.0012465558741777012,0.0012465558742127336,nan
13,4,0.0012465558742272055,0.0012465558742279508,nan
14,1,0.0009355612383200399,0.0009355612383004551,nan
14,2,0.0009355612383206061,0.0009355612382998927,0.0
14,3,0.0012465558741678493,0.0012465558742028814,nan
14,4,0.0012465558741671077,0.0012465558742036308,nan
15,1,0.0009355612382861842,0.0009355612382867494,nan
15,2,0.0009355612383150556,0.0009355612382943424,nan
15,3,0.0009355612382949028,0.0009355612383144938,0.0
15,4,0.0012465558741427878,0.0012465558741435333,nan
16,1,0.0009355612382806338,0.000935561238281199,nan
16,2,0.0009355612382812001,0.0009355612382806368,nan
16,3,0.0009355612382811972,0.0009355612382806383,nan
16,4,0.0009355612382806405,0.0009355612382811994,0.0
17,1,0.0007487586384934327,0.0007487586384938838,0.0
17,2,0.0009355612382729668,0.0009355612382602976,nan
17,3,0.000935561238260858,0.000935561238272405,nan
17,4,0.0009355612382773061,0.000935561238277865,nan
18,1,0.0007487586384881574,0.000748758638480855,nan
18,2,0.0007487586384886093,0.0007487586384804058,0.0
18,3,0.0009355612382575236,0.0009355612382690706,nan
18,4,0.0009355612382569669,0.0009355612382696318,nan
19,1,0.0007487586384751285,0.0007487586384755797,nan
19,2,0.0007487586384864733,0.0007487586384782698,nan
19,3,0.0007487586384787178,0.0007487586384860243,0.0
19,4,0.0009355612382487337,0.0009355612382492926,nan
20,1,0.0007487586384729926,0.0007487586384734437,nan
20,2,0.0007487586384734444,0.0007487586384729946,nan
20,3,0.0007487586384734426,0.0007487586384729955,nan
20,4,0.000748758638472997,0.000748758638473444,0.0
21,1,0.000624137686699378,0.0006241376866997532,0.0
21,2,0.000748758638469925,0.0007487586384643018,nan
21,3,0.0007487586384647498,0.000748758638469476,nan
21,4,0.0007487586384715719,0.0007487586384720189,nan
22,1,0.0006241376866969322,0.0006241376866937129,nan
22,2,0.0006241376866973079,0.0006241376866933391,0.0
22,3,0.0007487586384633247,0.000748758638468051,nan
22,4,0.0007487586384628791,0.0007487586384684995,nan
23,1,0.0006241376866908918,0.0006241376866912671,nan
23,2,0.0006241376866963176,0.0006241376866923488,nan
23,3,0.0006241376866927219,0.0006241376866959439,0.0
23,4,0.0007487586384593597,0.0007487586384598067,nan
24,1,0.0006241376866899015,0.0006241376866902768,nan
24,2,0.0006241376866902773,0.0006241376866899029,nan
24,3,0.000624137686690276,0.0006241376866899036,nan
24,4,0.0006241376866899047,0.0006241376866902771,0.0
25,1,0.0005350806146293567,0.0005350806146296778,0.0
25,2,0.0006241376866885294,0.0006241376866855861,nan
25,3,0.0006241376866859592,0.0006241376866881556,nan
25,4,0.000624137686689197,0.0006241376866895694,nan
26,1,0.0005350806146280718,0.0005350806146265049,nan
26,2,0.0005350806146283933,0.0005350806146261848,0.0
26,3,0.0006241376866852515,0.000624137686687448,nan
26,4,0.0006241376866848802,0.0006241376866878215,nan
27,1,0.0005350806146248989,0.00053508061462522,nan
27,2,0.0005350806146278731,0.0005350806146256646,nan
27,3,0.0005350806146259843,0.0005350806146275531,0.0
27,4,0.0006241376866831322,0.0006241376866835046,nan
28,1,0.0005350806146243787,0.0005350806146246998,nan
28,2,0.0005350806146247002,0.0005350806146243797,nan
28,3,0.0005350806146246994,0.0005350806146243802,nan
28,4,0.0005350806146243809,0.0005350806146247,0.0
29,1,0.0004682647681509529,0.00046826476815123373,0.0
29,2,0.0005350806146237361,0.0005350806146219991,nan
29,3,0.0005350806146223188,0.0005350806146234161,nan
29,4,0.0005350806146239905,0.0005350806146243097,nan
30,1,0.0004682647681502145,0.00046826476814941043,nan
30,2,0.0004682647681504955,0.0004682647681491305,0.0
30,3,0.0005350806146219285,0.0005350806146230258,nan
30,4,0.00053508061462161,0.0005350806146233457,nan
31,1,0.0004682647681483912,0.00046826476814867203,nan
31,2,0.00046826476815019664,0.0004682647681488316,nan
31,3,0.0004682647681491112,0.00046826476814991675,0.0
31,4,0.0005350806146206459,0.0005350806146209651,nan
32,1,0.00046826476814809236,0.00046826476814837317,nan
32,2,0.00046826476814837333,0.00046826476814809323,nan
32,3,0.0004682647681483728,0.00046826476814809345,nan
32,4,0.00046826476814809404,0.0004682647681483733,0.0
33,1,0.0004163017065500486,0.00041633881236847553,4.743053201854335e-05
33,2,0.0004682647681477995,0.0004682647681466764,nan
33,3,0.0004682647681469554,0.0004682647681475193,nan
33,4,0.00046826476814786175,0.0004682647681481409,nan
34,1,0.0004163017065495949,0.00041633881236735544,nan
34,2,0.00041630170513353684,0.00041633880807884964,4.7437631251972e-05
34,3,0.0004682647681467231,0.0004682647681472869,nan
34,4,0.0004682647681464444,0.00046826476814756674,nan
35,1,0.00041630170654847283,0.000416338812366901,nan
35,2,0.0004163017051333528,0.00041633880807866565,nan
35,3,0.00041626467151737373,0.000416227625929583,4.745888553021813e-05
35,4,0.00046826476814586926,0.00046826476814614655,nan
36,1,0.0004163017065482888,0.000416338812366717,nan
36,2,0.0004163017051322307,0.0004163388080782112,nan
36,3,0.0004162646715169193,0.0004162276259284609,nan
36,4,0.0004162646729487076,0.0004162276302242567,4.746593776068086e-05
37,1,0.0003748390247602156,0.00037514567550878835,1.2787153975236722e-06
37,2,0.0004163017051318711,0.00041633880807732346,nan
37,3,0.00041626467151602867,0.0004162276259280996,nan
37,4,0.0004162646729485621,0.0004162276302241106,nan
38,1,0.00037483902475992357,0.0003751456755080674,nan
38,2,0.00037483902382739147,0.0003751456716445578,1.2787574725985205e-06
38,3,0.00041626467151588317,0.0004162276259279535,nan
38,4,0.0004162646729476715,0.0004162276302237493,nan
39,1,0.00037483902475919065,0.00037514567550777045,nan
39,2,0.00037483902382727085,0.00037514567164443756,nan
39,3,0.0003745345197882375,0.0003742316760486502,1.2792117591130022e-06
39,4,0.00041626467294730445,0.0004162276302228428,nan
40,1,0.00037483902475907003,0.0003751456755076502,nan
40,2,0.00037483902382653793,0.0003751456716441406,nan
40,3,0.00037453451978794087,0.00037423167604791756,nan
40,4,0.00037453452073439824,0.00037423167989910467,1.2792494532841638e-06
41,1,0.0003413089950127249,0.0003427791590593361,0.00011838716435362274
41,2,0.0003748390238263092,0.00037514567164357633,nan
41,3,0.0003745345197873675,0.00037423167604768353,nan
41,4,0.00037453452073430614,0.00037423167989901045,nan
42,1,0.00034130899501253387,0.0003427791590588645,nan
42,2,0.00034130899546256515,0.00034277915947718773,0.00011840464852984529
42,3,0.0003745345197872754,0.0003742316760475893,nan
42,4,0.00037453452073373276,0.00037423167989877643,nan
43,1,0.00034130899501202017,0.00034277915905865593,nan
43,2,0.0003413089954624794,0.0003427791594771031,nan
43,3,0.00033987739246027563,0.000338495179969634,0.00011848961952274734
43,4,0.0003745345207334794,0.00037423167989814987,nan
44,1,0.0003413089950119344,0.0003427791590585713,nan
44,2,0.0003413089954619657,0.00034277915947689456,nan
44,3,0.0003398773924600686,0.00033849517996912203,nan
44,4,0.00033987739132244053,0.0003384951792015759,0.00011850354189278179
45,1,0.00031381411035908996,0.000317769160023467,0.0009243187739100109
45,2,0.00034130899546181884,0.0003427791594765319,nan
45,3,0.00033987739245969347,0.000338495179968968,nan
45,4,0.0003398773913223824,0.00033849517920151427,nan
46,1,0.0003138141103589638,0.00031776916002315464,nan
46,2,0.000313814111888283,0.0003177691675805138,0.0009244498938487455
46,3,0.00033987739245963536,0.0003384951799689064,nan
46,4,0.0003398773913220073,0.00033849517920136026,nan
47,1,0.0003138141103585784,0.00031776916002299683,nan
47,2,0.00031381411188821743,0.00031776916758044954,nan
47,3,0.00031005035460280656,0.000306660740037969,0.0009264498933857075
47,4,0.0003398773913218215,0.0003384951792008992,nan
48,1,0.0003138141103585128,0.0003177691600229326,nan
48,2,0.000313814111887832,0.00031776916758029174,nan
48,3,0.00031005035460265483,0.00030666074003759175,nan
48,4,0.00031005034908336386,0.0003066607310508105,0.0009265196013304423
49,1,0.00029078648527209943,0.0002984013191369499,0.0015207306362524536
49,2,0.0003138141118877347,0.00031776916758005007,nan
49,3,0.00031005035460240286,0.00030666074003748875,nan
49,4,0.0003100503490833268,0.0003066607310507693,nan
50,1,0.00029078648527201383,0.0002984013191367362,nan
50,2,0.00029078648660539255,0.0002984013324389708,0.0015209424457083751
50,3,0.0003100503546023658,0.00030666074003744755,nan
50,4,0.0003100503490830748,0.0003066607310506663,nan
51,1,0.00029078648527171183,0.00029840131913660983,nan
51,2,0.0002907864866053405,0.00029840133243891933,nan
51,3,0.0002836559049211466,0.0002779157237919917,0.0015342579634567643
51,4,0.0003100503490829366,0.0003066607310503205,nan
52,1,0.0002907864852716598,0.0002984013191365584,nan
52,2,0.0002907864866050385,0.00029840133243879297,nan
52,3,0.00028365590492103443,0.00027791572379170924,nan
52,4,0.000283655894781605,0.00027791570834626386,0.0015343164084240376
53,1,0.0002710851297435976,0.0002830025542457671,0.002051771674962348
53,2,0.00029078648660497053,0.0002984013324386223,nan
53,3,0.00028365590492085977,0.0002779157237916392,nan
53,4,0.00028365589478158054,0.0002779157083462356,nan
54,1,0.0002710851297435369,0.00028300255424561313,nan
54,2,0.0002710851302006555,0.0002830025718981693,0.002052047634822445
54,3,0.0002836559049208353,0.00027791572379161095,nan
54,4,0.0002836558947814059,0.0002779157083461656,nan
55,1,0.0002710851297432976,0.0002830025542455095,nan
55,2,0.0002710851302006143,0.0002830025718981273,nan
55,3,0.0002600639546586283,0.000252335261662093,0.002095928651845923
55,4,0.00028365589478130526,0.0002779157083459105,nan
56,1,0.0002710851297432564,0.00028300255424546747,nan
56,2,0.000271085130200375,0.00028300257189802365,nan
56,3,0.00026006395465854714,0.0002523352616618843,nan
56,4,0.0002600639403977544,0.0002523352423137335,0.0020959521485184127
57,1,0.00025395861171833173,0.00027059874646363655,0.003587849630026038
57,2,0.000271085130200326,0.00028300257189789853,nan
57,3,0.0002600639546584234,0.00025233526166183604,nan
57,4,0.000260063940397738,0.0002523352423137137,nan
58,1,0.00025395861171828734,0.00027059874646352184,nan
58,2,0.0002539586109143935,0.00027059876824981667,0.0035883326954564924
58,3,0.000260063954658407,0.00025233526166181625,nan
58,4,0.00026006394039761427,0.00025233524231366546,nan
59,1,0.0002539586117180955,0.000270598746463435,nan
59,2,0.00025395861091436075,0.0002705987682497817,nan
59,3,0.00023876092265662168,0.00022976164345842384,0.0037419525214853876
59,4,0.0002600639403975421,0.00025233524231347854,nan
60,1,0.00025395861171806274,0.00027059874646340003,nan
60,2,0.0002539586109141689,0.00027059876824969486,nan
60,3,0.00023876092265656372,0.00022976164345827032,nan
60,4,0.0002387609036040993,0.0002297616216393547,0.0037419141286622317
61,1,0.000238877689818116,0.0002604427558532176,0.005073339761877178
61,2,0.0002539586109141324,0.00027059876824959967,nan
61,3,0.00023876092265647436,0.00022976164345823666,nan
61,4,0.00023876090360408812,0.00022976162163934052,nan
62,1,0.00023887768981808264,0.0002604427558531292,nan
62,2,0.00023887768756883287,0.00026044278111194596,0.005074009539368122
62,3,0.00023876092265646316,0.00022976164345822248,nan
62,4,0.00023876090360399875,0.00022976162163930685,nan
63,1,0.00023887768981792885,0.000260442755853056,nan
63,2,0.00023887768756880698,0.00026044278111191663,nan
63,3,0.00021951294411444395,0.00021009077157150595,0.005420428080839143
63,4,0.00023876090360394798,0.0002297616216391714,nan
64,1,0.00023887768981790296,0.00026044275585302665,nan
64,2,0.0002388776875686532,0.0002604427811118434,nan
64,3,0.00021951294411440327,0.00021009077157139395,nan
64,4,0.00021951292124107826,0.00021009074952541777,0.005420305690093866
65,1,0.00022546117682036089,0.00025200887436559774,0.007310700704476698
65,2,0.0002388776875686253,0.00026044278111176874,nan
65,3,0.00021951294411433767,0.00021009077157137013,nan
65,4,0.00021951292124107048,0.0002100907495254074,nan
66,1,0.0002254611768203352,0.00025200887436552775,nan
66,2,0.00022546117305287229,0.0002520089026721486,0.007311654235981855
66,3,0.0002195129441143299,0.00021009077157135974,nan
66,4,0.0002195129212410049,0.00021009074952538356,nan
67,1,0.00022546117682021249,0.00025200887436546595,nan
67,2,0.00022546117305285196,0.0002520089026721241,nan
67,3,0.00020221131929689501,0.00019312184889602155,0.00800258902792393
67,4,0.0002195129212409697,0.00021009074952528617,nan
68,1,0.00022546117682019216,0.00025200887436544145,nan
68,2,0.00022546117305272925,0.0002520089026720623,nan
68,3,0.00020221131929686672,0.0001931218488959402,nan
68,4,0.00020221129411400325,0.00019312182834667227,0.008002364709311323
69,1,0.00021342644886276118,0.0002449103545346087,0.008017168570179974
69,2,0.00022546117305270743,0.0002520089026720022,nan
69,3,0.00020221131929681782,0.00019312184889592305,nan
69,4,0.00020221129411399774,0.00019312182834666452,nan
70,1,0.00021342644886274096,0.0002449103545345519,nan
70,2,0.00021342644370100819,0.0002449103849924365,0.008018163457026349
70,3,0.00020221131929681232,0.0001931218488959153,nan
70,4,0.00020221129411394885,0.00019312182834664736,nan
71,1,0.0002134264488626439,0.0002449103545345001,nan
71,2,0.0002134264437009923,0.0002449103849924162,nan
71,3,0.00018682290532177833,0.00017856570300088813,0.00888397436647851
71,4,0.00020221129411392459,0.00019312182834657748,nan
72,1,0.00021342644886262801,0.0002449103545344798,nan
72,2,0.00021342644370089524,0.0002449103849923644,nan
72,3,0.00018682290532175868,0.00017856570300082904,nan
72,4,0.00018682288120222654,0.00017856568519232442,0.00888375895729528
73,1,0.00020256157076105504,0.00023884353608060233,0.010180266237434413
73,2,0.00021342644370087778,0.00024491038499231487,nan
73,3,0.00018682290532172162,0.00017856570300081644,nan
73,4,0.00018682288120222255,0.0001785656851923185,nan
74,1,0.00020256157076103877,0.00023884353608055517,nan
74,2,0.00020256156430598332,0.00023884356831353992,0.010181501902226957
74,3,0.00018682290532171764,0.0001785657030008105,nan
74,4,0.0001868228812021855,0.00017856568519230588,nan
75,1,0.00020256157076096266,0.0002388435360805122,nan
75,2,0.00020256156430597093,0.00023884356831352317,nan
75,3,0.00017332498997071964,0.00016606904742843845,0.011318821208830033
75,4,0.0001868228812021687,0.00017856568519225552,nan
76,1,0.00020256157076095028,0.00023884353608049545,nan
76,2,0.00020256156430589482,0.0002388435683134802,nan
76,3,0.00017332498997070587,0.00016606904742839533,nan
76,4,0.0001733249689972856,0.00016606903238513412,0.011318588502189182
77,1,0.00019268606659867942,0.00023362452775566698,0.0110296385934591
77,2,0.00020256156430588067,0.00023884356831343868,nan
77,3,0.00017332498997067728,0.00016606904742838587,nan
77,4,0.00017332496899728265,0.00016606903238512952,nan
78,1,0.0001926860665986662,0.00023362452775562727,nan
78,2,0.0001926969551761733,0.00023362479258053808,0.013863770736246424
78,3,0.00017332498997067435,0.00016606904742838126,nan
78,4,0.0001733249689972541,0.00016606903238512008,nan
79,1,0.00019268606659860672,0.0002336245277555918,nan
79,2,0.0001926969551761636,0.00023362479258052433,nan
79,3,0.00016160788706371063,0.00015526353107753492,0.006653388777735762
79,4,0.00017332496899724226,0.00016606903238508327,nan
80,1,0.00019268606659859704,0.00023362452775557807,nan
80,2,0.00019269695517610427,0.00023362479258048896,nan
80,3,0.00016160788706370076,0.00015526353107750307,nan
80,4,0.0001616432722013237,0.00015526471379332028,0.02026177500563302
81,1,0.00018361048569084273,0.00022908646073807848,0.013329270303487288
81,2,0.00019269695517609256,0.00023362479258045335,nan
81,3,0.0001616078870636781,0.00015526353107749578,nan
81,4,0.00016164327220132148,0.0001552647137933166,nan
82,1,0.00018361048569083183,0.00022908646073804476,nan
82,2,0.00018375226716508885,0.00022909058351055063,0.012753179348365676
82,3,0.0001616078870636759,0.00015526353107749214,nan
82,4,0.00016164327220129926,0.0001552647137933094,nan
83,1,0.00018361048569078486,0.00022908646073801519,nan
83,2,0.00018375226716508113,0.0002290905835105392,nan
83,3,0.00015138041736844046,0.00014582587529763855,0.014312895270601467
83,4,0.0001616432722012907,0.00015526471379328195,nan
84,1,0.00018361048569077721,0.00022908646073800407,nan
84,2,0.00018375226716503537,0.00022909058351051052,nan
84,3,0.00015138041736843325,0.0001458258752976147,nan
84,4,0.0001517947609083892,0.00014582859477529623,0.013310611853607084
85,1,0.00017516347625532995,0.00022508830496805794,0.017542525308281796
85,2,0.00018375226716502543,0.00022909058351047913,nan
85,3,0.00015138041736841476,0.0001458258752976089,nan
85,4,0.00015179476090838748,0.0001458285947752932,nan
86,1,0.00017516347625532098,0.0002250883049680292,nan
86,2,0.00017568288964242538,0.00022511010165653813,0.01427461762890302
86,3,0.00015138041736841308,0.00014582587529760602,nan
86,4,0.00015179476090837005,0.0001458285947752877,nan
87,1,0.0001751634762552833,0.00022508830496800416,nan
87,2,0.00017568288964241914,0.00022511010165652848,nan
87,3,0.0001423166607142181,0.000137504610283948,0.022899816004291546
87,4,0.00015179476090836368,0.00014582859477526677,nan
88,1,0.00017516347625527718,0.00022508830496799522,nan
88,2,0.00017568288964238385,0.00022511010165650547,nan
88,3,0.00014231666071421267,0.00013750461028392975,nan
88,4,0.00014366606028238008,0.00013750836647821713,0.00995556372573318
89,1,0.00016722205360591362,0.00022150680320350016,0.019966999259962485
89,2,0.00017568288964237518,0.00022511010165647706,nan
89,3,0.00014231666071419725,0.00013750461028392506,nan
89,4,0.00014366606028237867,0.00013750836647821458,nan
90,1,0.0001672220536059062,0.00022150680320347563,nan
90,2,0.0001684375512402037,0.00022157432710916925,0.01594141821094454
90,3,0.00014231666071419594,0.00013750461028392278,nan
90,4,0.0001436660602823649,0.00013750836647821035,nan
91,1,0.00016722205360587564,0.0002215068032034542,nan
91,2,0.00016843755124019858,0.00022157432710916098,nan
91,3,0.00013418949584397,0.00013009929827735993,0.025795189694407274
91,4,0.00014366606028236005,0.00013750836647819414,nan
92,1,0.00016722205360587068,0.0002215068032034469,nan
92,2,0.0001684375512401709,0.0002215743271091423,nan
92,3,0.00013418949584396585,0.00013009929827734564,nan
92,4,0.000136965436972015,0.0001301376590506234,0.00993219520584639
93,1,0.00015971199577683882,0.00021822873861261004,0.02165878435529665
93,2,0.00016843755124016312,0.000221574327109116,nan
93,3,0.00013418949584395273,0.00013009929827734177,nan
93,4,0.00013696543697201384,0.00013013765905062126,nan
94,1,0.00015971199577683262,0.00021822873861258895,nan
94,2,0.000161953688120574,0.00021838380771273483,0.01961242769013222
94,3,0.0001341894958439517,0.00013009929827733998,nan
94,4,0.00013696543697200284,0.000130137659050618,nan
95,1,0.00015971199577680768,0.00021822873861257046,nan
95,2,0.00016195368812056977,0.00021838380771272767,nan
95,3,0.0001268501519791445,0.00012344025240123403,0.022082860774908366
95,4,0.00013696543697199905,0.00013013765905060527,nan
96,1,0.00015971199577680361,0.00021822873861256442,nan
96,2,0.00016195368812054755,0.0002183838077127122,nan
96,3,0.0001268501519791413,0.00012344025240122267,nan
96,4,0.00013136184597069094,0.0001235953239347309,0.016404019690488734
97,1,0.0001525595866286821,0.00021516876018462994,0.02348839998273581
97,2,0.0001619536881205404,0.00021838380771268723,nan
97,3,0.00012685015197912993,0.0001234402524012194,nan
97,4,0.00013136184597068993,0.00012359532393472906,nan
98,1,0.00015255958662867692,0.00021516876018461183,nan
98,2,0.0001561799574778027,0.00021547043677154303,0.02334329310294552
98,3,0.00012685015197912912,0.00012344025240121795,nan
98,4,0.00013136184597068113,0.00012359532393472656,nan
99,1,0.00015255958662865651,0.0002151687601845959,nan
99,2,0.00015617995747779914,0.0002154704367715368,nan
99,3,0.00012018969387189605,0.00011737211997103342,0.01904243045624686
99,4,0.00013136184597067812,0.0001235953239347164,nan
100,1,0.00015255958662865315,0.0002151687601845908,nan
100,2,0.00015617995747778098,0.00021547043677152376,nan
100,3,0.00012018969387189353,0.00011737211997102426,nan
100,4,0.0001266239254835932,0.00011777634193855808,0.022019622164719085
101,1,0.00014572377491745694,0.0002122439258359491,0.025412547347978903
101,2,0.0001561799574777742,0.00021547043677149963,nan
101,3,0.00012018969387188359,0.00011737211997102147,nan
101,4,0.0001266239254835923,0.00011777634193855647,nan
102,1,0.00014572377491745258,0.00021224392583593343,nan
102,2,0.00015106052611441194,0.00021276464516561136,0.027257376982041573
102,3,0.00012018969387188292,0.00011737211997102033,nan
102,4,0.00012662392548358522,0.00011777634193855454,nan
103,1,0.00014572377491743583,0.00021224392583591968,nan
103,2,0.0001510605261144089,0.00021276464516560591,nan
103,3,0.00011414008873507715,0.00011174952262612677,0.020709892573735882
103,4,0.00012662392548358278,0.0001177763419385463,nan
104,1,0.00014572377491743304,0.00021224392583591535,nan
104,2,0.0001510605261143938,0.00021276464516559477,nan
104,3,0.00011414008873507513,0.00011174952262611933,nan
104,4,0.0001225698949136014,0.00011257577042888583,0.024406412601219826
105,1,0.00013918000358994787,0.000209382822482943,0.02737883956430702
105,2,0.00015106052611438725,0.00021276464516557108,nan
105,3,0.00011414008873506632,0.00011174952262611692,nan
105,4,0.00012256989491360058,0.00011257577042888442,nan
106,1,0.00013918000358994416,0.00020938282248292937,nan
106,2,0.00014653973256873373,0.00021020397542237856,0.03157897907084481
106,3,0.00011414008873506576,0.00011174952262611601,nan
106,4,0.0001225698949135949,0.00011257577042888295,nan
107,1,0.00013918000358993044,0.00020938282248291756,nan
107,2,0.0001465397325687311,0.0002102039754223738,nan
107,3,0.00010865783377096355,0.00010643562577910945,0.023855312529000937
107,4,0.00012256989491359285,0.00011257577042887613,nan
108,1,0.00013918000358992814,0.00020938282248291387,nan
108,2,0.00014653973256871844,0.0002102039754223642,nan
108,3,0.00010865783377096193,0.00010643562577910335,nan
108,4,0.00011907300017292982,0.0001078943911539381,0.026777464308556865
109,1,0.0001329152779537485,0.00020652513136806014,0.027853321405782044
109,2,0.00014653973256871196,0.00021020397542234067,nan
109,3,0.00010865783377095405,0.00010643562577910126,nan
109,4,0.00011907300017292906,0.00010789439115393686,nan
110,1,0.0001329152779537453,0.0002065251313680481,nan
110,2,0.00014256367542968436,0.00020773147313385087,0.03260251970212221
110,3,0.00010865783377095358,0.00010643562577910054,nan
110,4,0.00011907300017292445,0.00010789439115393572,nan
111,1,0.00013291527795373406,0.000206525131368038,nan
111,2,0.000142563675429682,0.00020773147313384667,nan
111,3,0.00010370959917803124,0.00010130338767959677,0.031790459705210716
111,4,0.00011907300017292269,0.00010789439115392993,nan
112,1,0.00013291527795373213,0.00020652513136803485,nan
112,2,0.0001425636754296713,0.00020773147313383832,nan
112,3,0.0001037095991780299,0.00010130338767959177,nan
112,4,0.0001160438572378479,0.00010364421508128107,0.023202900208394862
113,1,0.00012693514117119702,0.00020362978317108016,0.02838729137568795
113,2,0.00014256367542966482,0.0002077314731338149,nan
113,3,0.00010370959917802285,0.00010130338767958996,nan
113,4,0.00011604385723784718,0.00010364421508127999,nan
114,1,0.00012693514117119423,0.00020362978317106938,nan
114,2,0.00013907063105579392,0.00020529809775370517,0.034115535707566404
114,3,0.00010370959917802243,0.00010130338767958939,nan
114,4,0.00011604385723784343,0.00010364421508127911,nan
115,1,0.00012693514117118493,0.00020362978317106076,nan
115,2,0.00013907063105579175,0.00020529809775370145,nan
115,3,9.925882738891452e-05,9.625977902045017e-05,0.03743865004790248
115,4,0.00011604385723784187,0.00010364421508127407,nan
116,1,0.00012693514117118334,0.00020362978317105807,nan
116,2,0.00013907063105578264,0.0002052980977536942,nan
116,3,9.925882738891338e-05,9.625977902044605e-05,nan
116,4,0.00011340805879302146,9.975182334830914e-05,0.022067725287351472
117,1,0.00012122512957925003,0.00020065102201199296,0.02909896604217608
117,2,0.00013907063105577608,0.00020529809775367066,nan
117,3,9.925882738890701e-05,9.625977902044447e-05,nan
117,4,0.00011340805879302077,9.975182334830818e-05,nan
118,1,0.00012122512957924755,0.0002006510220119831,nan
118,2,0.00013602266615274743,0.00020285639669994948,0.04322555870392086
118,3,9.925882738890663e-05,9.625977902044402e-05,nan
118,4,0.00011340805879301769,9.97518233483075e-05,nan
119,1,0.00012122512957923977,0.0002006510220119757,nan
119,2,0.0001360226661527454,0.00020285639669994615,nan
119,3,9.526488486942106e-05,9.119460981476492e-05,0.027353117435824935
119,4,0.00011340805879301627,9.975182334830296e-05,nan
120,1,0.00012122512957923844,0.00020065102201197345,nan
120,2,0.00013602266615273762,0.00020285639669993986,nan
120,3,9.526488486942012e-05,9.119460981476156e-05,nan
120,4,0.00011112327051925553,9.615772313734983e-05,0.03790632401844004
121,1,0.00011578849204688723,0.00019756112675743987,0.03050077450898055
121,2,0.00013602266615273095,0.00020285639669991625,nan
121,3,9.526488486941434e-05,9.119460981476018e-05,nan
121,4,0.00011112327051925486,9.615772313734899e-05,nan
122,1,0.00011578849204688498,0.00019756112675743066,nan
122,2,0.00013337177550524915,0.0002003647076414324,0.048713498058295446
122,3,9.526488486941399e-05,9.119460981475984e-05,nan
122,4,0.00011112327051925233,9.615772313734847e-05,nan
123,1,0.00011578849204687831,0.00019756112675742423,nan
123,2,0.00013337177550524717,0.00020036470764142934,nan
123,3,9.166207533977338e-05,8.604947103914126e-05,0.022864006658374195
123,4,0.00011112327051925102,9.615772313734426e-05,nan
124,1,0.00011578849204687721,0.00019756112675742236,nan
124,2,0.00013337177550524053,0.00020036470764142386,nan
124,3,9.166207533977257e-05,8.604947103913851e-05,nan
124,4,0.0001091450872491205,9.281445870969526e-05,0.04717284763069956
125,1,0.00011062897147401623,0.00019434212875197503,0.029831660926252394
125,2,0.00013337177550523373,0.0002003647076414002,nan
125,3,9.166207533976733e-05,8.604947103913733e-05,nan
125,4,0.00010914508724911985,9.281445870969452e-05,nan
126,1,0.00011062897147401417,0.00019434212875196627,nan
126,2,0.0001310721784975772,0.00019778694381014072,0.04899319019563578
126,3,9.1662075339767e-05,8.604947103913707e-05,nan
126,4,0.00010914508724911772,9.281445870969413e-05,nan
127,1,0.00011062897147400824,0.00019434212875196055,nan
127,2,0.00013107217849757518,0.0001977869438101378,nan
127,3,8.835130275951246e-05,8.081046895644741e-05,0.02078461025236829
127,4,0.00010914508724911647,9.281445870969011e-05,nan
128,1,0.00011062897147400732,0.00019434212875195898,nan
128,2,0.0001310721784975695,0.00019778694381013308,nan
128,3,8.835130275951176e-05,8.081046895644519e-05,nan
128,4,0.00010743486921820085,8.968518888400191e-05,0.04907638875721827
129,1,0.00010574926666134342,0.00019098409187304628,0.04396569251374087
129,2,0.00013107217849756255,0.00019778694381010945,nan
129,3,8.835130275950703e-05,8.08104689564442e-05,nan
129,4,0.0001074348692182002,8.968518888400126e-05,nan
130,1,0.00010574926666134148,0.00019098409187303774,nan
130,2,0.00012908050997317936,0.00019509229815150377,0.06844686582534926
130,3,8.835130275950671e-05,8.0810468956444e-05,nan
130,4,0.00010743486921819837,8.968518888400095e-05,nan
131,1,0.00010574926666133595,0.00019098409187303246,nan
131,2,0.00012908050997317733,0.0001950922981515008,nan
131,3,8.518985565328973e-05,7.552249528461558e-05,0.01917709213779907
131,4,0.0001074348692181972,8.968518888399706e-05,nan
132,1,0.00010574926666133518,0.00019098409187303116,nan
132,2,0.00012908050997317245,0.00019509229815149675,nan
132,3,8.518985565328916e-05,7.55224952846138e-05,nan
132,4,0.00010595803347994691,8.674154271375869e-05,0.0767748016216643
133,1,0.0001011564112236602,0.00018750060328965709,0.0424888587540725
133,2,0.00012908050997316543,0.00019509229815147335,nan
133,3,8.518985565328492e-05,7.5522495284613e-05,nan
133,4,0.00010595803347994628,8.674154271375812e-05,nan
134,1,0.00010115641122365837,0.00018750060328964866,nan
134,2,0.0001273473801627012,0.00019226738217897264,0.06500337902439259
134,3,8.518985565328461e-05,7.552249528461286e-05,nan
134,4,0.00010595803347994466,8.674154271375787e-05,nan
135,1,0.00010115641122365302,0.00018750060328964356,nan
135,2,0.00012734738016269908,0.00019226738217896958,nan
135,3,8.200377034058813e-05,7.032936775863691e-05,0.019110262564293098
135,4,0.0001059580334799436,8.674154271375413e-05,nan
136,1,0.00010115641122365238,0.0001875006032896425,nan
136,2,0.0001273473801626949,0.00019226738217896605,nan
136,3,8.200377034058767e-05,7.032936775863553e-05,nan
136,4,0.00010467654068642182,8.396355733449132e-05,0.07370418118132543
137,1,9.684266221895715e-05,0.00018388077567482923,0.04234037666038263
137,2,0.00012734738016268777,0.00019226738217894293,nan
137,3,8.200377034058389e-05,7.03293677586349e-05,nan
137,4,0.00010467654068642118,8.396355733449084e-05,nan
138,1,9.68426622189554e-05,0.0001838807756748208,nan
138,2,0.00012584109508251195,0.00018928355651512218,0.06439592007620744
138,3,8.200377034058358e-05,7.032936775863478e-05,nan
138,4,0.00010467654068641973,8.396355733449065e-05,nan
139,1,9.684266221895001e-05,0.00018388077567481554,nan
139,2,0.00012584109508250978,0.00018928355651511887,nan
139,3,7.855532496129474e-05,6.53988542893734e-05,0.01712349318413415
139,4,0.00010467654068641877,8.396355733448707e-05,nan
140,1,9.684266221894948e-05,0.00018388077567481467,nan
140,2,0.0001258410950825062,0.0001892835565151159,nan
140,3,7.855532496129436e-05,6.539885428937232e-05,nan
140,4,0.00010356646862673405,8.133326857004834e-05,0.07463057758450171
141,1,9.280566621019353e-05,0.00018013734907777065,0.044333311381382794
141,2,0.000125841095082499,0.0001892835565150932,nan
141,3,7.855532496129107e-05,6.539885428937185e-05,nan
141,4,0.00010356646862673341,8.13332685700479e-05,nan
142,1,9.280566621019187e-05,0.00018013734907776214,nan
142,2,0.0001245221315150027,0.00018613136989655815,0.06415995979252972
142,3,7.855532496129077e-05,6.539885428937176e-05,nan
142,4,0.00010356646862673206,8.133326857004775e-05,nan
143,1,9.28056662101864e-05,0.00018013734907775664,nan
143,2,0.00012452213151500056,0.00018613136989655455,nan
143,3,7.461831826693171e-05,6.099587608827142e-05,0.016737501101704175
143,4,0.00010356646862673124,8.133326857004445e-05,nan
144,1,9.280566621018595e-05,0.00018013734907775593,nan
144,2,0.00012452213151499753,0.00018613136989655197,nan
144,3,7.461831826693143e-05,6.099587608827058e-05,nan
144,4,0.0001025981263301427,7.883879036574378e-05,0.07478506135837336
145,1,8.904011655452558e-05,0.00017628788724160008,0.08128792054523847
145,2,0.0001245221315149903,0.0001861313698965299,nan
145,3,7.461831826692862e-05,6.099587608827025e-05,nan
145,4,0.00010259812633014206,7.883879036574341e-05,nan
146,1,8.9040116554524e-05,0.00017628788724159146,nan
146,2,0.00012335299596886605,0.0001828088296244969,0.1003157224747158
146,3,7.461831826692834e-05,6.099587608827018e-05,nan
146,4,0.00010259812633014075,7.883879036574329e-05,nan
147,1,8.904011655451853e-05,0.0001762878872415857,nan
147,2,0.00012335299596886402,0.0001828088296244931,nan
147,3,7.004018985940752e-05,5.737814324459033e-05,0.03490712673688144
147,4,0.00010259812633014011,7.883879036574042e-05,nan
148,1,8.904011655451815e-05,0.0001762878872415851,nan
148,2,0.00012335299596886144,0.00018280882962449092,nan
148,3,7.004018985940732e-05,5.737814324458967e-05,nan
148,4,0.00010174335772545103,7.647131762669795e-05,0.11318763288522965
149,1,8.553738115705948e-05,0.00017235130053498064,0.08978567051602009
149,2,0.00012335299596885423,0.00018280882962446964,nan
149,3,7.0040189859405e-05,5.737814324458945e-05,nan
149,4,0.0001017433577254504,7.647131762669763e-05,nan
150,1,8.553738115705797e-05,0.00017235130053497194,nan
150,2,0.00012229904770129867,0.00017931963340862324,0.10336086370004838
150,3,7.004018985940473e-05,5.737814324458939e-05,nan
150,4,0.00010174335772544908,7.647131762669752e-05,nan
151,1,8.553738115705282e-05,0.00017235130053496614,nan
151,2,0.0001222990477012969,0.00017931963340861944,nan
151,3,6.482910513748898e-05,5.470163839189685e-05,0.03427685517645831
151,4,0.00010174335772544862,7.647131762669522e-05,nan
152,1,8.553738115705251e-05,0.00017235130053496568,nan
152,2,0.00012229904770129469,0.00017931963340861757,nan
152,3,6.482910513748883e-05,5.470163839189632e-05,nan
152,4,0.00010097585751031815,7.422427017151445e-05,0.11322110642037304
153,1,8.228727469121568e-05,0.00016836142910777656,0.1018376366637922
153,2,0.00012229904770128758,0.00017931963340859724,nan
153,3,6.482910513748699e-05,5.470163839189617e-05,nan
153,4,0.00010097585751031752,7.422427017151416e-05,nan
154,1,8.228727469121425e-05,0.00016836142910776783,nan
154,2,0.00012132611865920285,0.00017568818074019168,0.10968402528789278
154,3,6.482910513748676e-05,5.470163839189612e-05,nan
154,4,0.00010097585751031617,7.422427017151408e-05,nan
155,1,8.228727469120975e-05,0.00016836142910776238,nan
155,2,0.00012132611865920145,0.0001756881807401882,nan
155,3,5.929125663230543e-05,5.289006757016759e-05,0.030700824499653327
155,4,0.00010097585751031588,7.422427017151243e-05,nan
156,1,8.22872746912095e-05,0.000168361429107762,nan
156,2,0.00012132611865919954,0.00017568818074018661,nan
156,3,5.9291256632305324e-05,5.289006757016716e-05,nan
156,4,0.0001002691725759149,7.209329446148437e-05,0.1154281936649663
157,1,7.9274608856197e-05,0.00016432685837426922,0.11245466484764602
157,2,0.00012132611865919256,0.00017568818074016731,nan
157,3,5.929125663230388e-05,5.289006757016705e-05,nan
157,4,0.00010026917257591428,7.209329446148413e-05,nan
158,1,7.927460885619567e-05,0.00016432685837426046,nan
158,2,0.00012040756191473291,0.00017192038801973615,0.1153933945195161
158,3,5.929125663230368e-05,5.289006757016701e-05,nan
158,4,0.0001002691725759129,7.209329446148405e-05,nan
159,1,7.92746088561921e-05,0.00016432685837425575,nan
159,2,0.00012040756191473194,0.00017192038801973328,nan
159,3,5.384582131029368e-05,5.1670607387820986e-05,0.03225604605189062
159,4,0.0001002691725759127,7.209329446148299e-05,nan
160,1,7.927460885619188e-05,0.0001643268583742554,nan
160,2,0.00012040756191473028,0.00017192038801973187,nan
160,3,5.3845821310293596e-05,5.167060738782061e-05,nan
160,4,9.96021605801176e-05,7.00740541346632e-05,0.11702183752165432
161,1,7.648380047894487e-05,0.00016026427436838497,0.11591784973255236
161,2,0.00012040756191472347,0.00017192038801971368,nan
161,3,5.3845821310292485e-05,5.1670607387820525e-05,nan
161,4,9.960216058011698e-05,7.007405413466299e-05,nan
162,1,7.648380047894362e-05,0.00016026427436837627,nan
162,2,0.00011951739418963584,0.00016803713855823377,0.11294262769328388
162,3,5.384582131029231e-05,5.167060738782049e-05,nan
162,4,9.960216058011553e-05,7.007405413466292e-05,nan
163,1,7.64838004789411e-05,0.0001602642743683726,nan
163,2,0.00011951739418963524,0.0001680371385582317,nan
163,3,4.903558081064009e-05,5.0611062832889906e-05,0.01829971452632935
163,4,9.960216058011537e-05,7.007405413466231e-05,nan
164,1,7.648380047894091e-05,0.00016026427436837234,nan
164,2,0.00011951739418963379,0.00016803713855823046,nan
164,3,4.903558081064003e-05,5.061106283288958e-05,nan
164,4,9.895345378176589e-05,6.816356762901896e-05,0.10881286107119947
165,1,7.389786268477752e-05,0.0001561848631902388,0.16342488651622716
165,2,0.00011951739418962718,0.0001680371385582134,nan
165,3,4.903558081063916e-05,5.06110628328895e-05,nan
165,4,9.895345378176527e-05,6.816356762901877e-05,nan
166,1,7.389786268477637e-05,0.0001561848631902302,nan
166,2,0.00011863325686787407,0.00016406315708357856,0.15161833724724438
166,3,4.903558081063901e-05,5.0611062832889466e-05,nan
166,4,9.895345378176375e-05,6.81635676290187e-05,nan
167,1,7.38978626847748e-05,0.00015618486319022768,nan
167,2,0.00011863325686787372,0.00016406315708357723,nan
167,3,4.5263140558871674e-05,4.934425052058625e-05,0.014030235448679264
167,4,9.895345378176355e-05,6.816356762901832e-05,nan
168,1,7.389786268477465e-05,0.0001561848631902274,nan
168,2,0.00011863325686787243,0.0001640631570835761,nan
168,3,4.526314055887162e-05,4.9344250520585966e-05,nan
168,4,9.830382436024905e-05,6.635931154359799e-05,0.1372674842760581
169,1,7.14972519372842e-05,0.0001520697807801865,0.17698392678112576
169,2,0.00011863325686786601,0.00016406315708356007,nan
169,3,4.5263140558870915e-05,4.9344250520585885e-05,nan
169,4,9.830382436024844e-05,6.635931154359782e-05,nan
170,1,7.149725193728313e-05,0.0001520697807801781,nan
170,2,0.00011774229436919118,0.00016001028727747214,0.15890173035497032
170,3,4.5263140558870787e-05,4.934425052058585e-05,nan
170,4,9.830382436024684e-05,6.635931154359776e-05,nan
171,1,7.149725193728223e-05,0.00015206978078017655,nan
171,2,0.00011774229436919091,0.00016001028727747138,nan
171,3,4.267787314405224e-05,4.779317050157866e-05,0.006309698798138319
171,4,9.83038243602466e-05,6.635931154359744e-05,nan
172,1,7.14972519372821e-05,0.00015206978078017634,nan
172,2,0.00011774229436918973,0.00016001028727747035,nan
172,3,4.267787314405219e-05,4.779317050157842e-05,nan
172,4,9.764161102143903e-05,6.465888537980352e-05,0.1372129865961851
173,1,6.926372956915141e-05,0.00014789624029685087,0.19110488527136457
173,2,0.00011774229436918346,0.00016001028727745525,nan
173,3,4.2677873144051586e-05,4.779317050157834e-05,nan
173,4,9.764161102143841e-05,6.465888537980337e-05,nan
174,1,6.92637295691504e-05,0.00014789624029684265,nan
174,2,0.00011683610684148307,0.00015589199517183425,0.1649906815491513
174,3,4.267787314405147e-05,4.7793170501578305e-05,nan
174,4,9.764161102143673e-05,6.46588853798033e-05,nan
175,1,6.926372956914988e-05,0.00014789624029684176,nan
175,2,0.00011683610684148281,0.00015589199517183376,nan
175,3,4.09986674300894e-05,4.6159217316911485e-05,0.0005304603757875549
175,4,9.764161102143649e-05,6.465888537980298e-05,nan
176,1,6.926372956914977e-05,0.00014789624029684154,nan
176,2,0.00011683610684148172,0.0001558919951718328,nan
176,3,4.0998667430089355e-05,4.6159217316911275e-05,nan
176,4,9.695994217957243e-05,6.305944858515883e-05,0.13109956758707716
177,1,6.718097631404159e-05,0.00014361168968114388,0.20814015723787643
177,2,0.00011683610684147556,0.00015589199517181845,nan
177,3,4.099866743008882e-05,4.6159217316911194e-05,nan
177,4,9.69599421795718e-05,6.305944858515869e-05,nan
178,1,6.718097631404067e-05,0.00014361168968113588,nan
178,2,0.00011590557411542856,0.00015169863359024106,0.17456380237945845
178,3,4.099866743008871e-05,4.615921731691116e-05,nan
178,4,9.695994217957004e-05,6.305944858515862e-05,nan
179,1,6.71809763140403e-05,0.0001436116896811353,nan
179,2,0.00011590557411542829,0.00015169863359024074,nan
179,3,3.9879063326504646e-05,4.464966349288655e-05,0.0010749927963838632
179,4,9.695994217956981e-05,6.30594485851583e-05,nan
180,1,6.718097631404021e-05,0.0001436116896811351,nan
180,2,0.0001159055741154273,0.0001516986335902398,nan
180,3,3.9879063326504606e-05,4.464966349288637e-05,nan
180,4,9.625228615770219e-05,6.155927403009034e-05,0.1291653134976818
181,1,6.523504675787056e-05,0.00013917270210983462,0.22219476219805856
181,2,0.00011590557411542119,0.0001516986335902261,nan
181,3,3.987906332650412e-05,4.4649663492886296e-05,nan
181,4,9.625228615770155e-05,6.155927403009022e-05,nan
182,1,6.523504675786969e-05,0.00013917270210982686,nan
182,2,0.0001149442768505248,0.00014743183903369596,0.18186764896592353
182,3,3.987906332650401e-05,4.464966349288626e-05,nan
182,4,9.625228615769971e-05,6.155927403009015e-05,nan
183,1,6.52350467578694e-05,0.00013917270210982646,nan
183,2,0.00011494427685052454,0.00014743183903369566,nan
183,3,3.904910776902449e-05,4.337080755496222e-05,0.002950701925963316
183,4,9.625228615769952e-05,6.155927403008985e-05,nan
184,1,6.523504675786931e-05,0.00013917270210982624,nan
184,2,0.0001149442768505236,0.00014743183903369482,nan
184,3,3.904910776902445e-05,4.337080755496207e-05,nan
184,4,9.551628900681303e-05,6.015580080457976e-05,0.12613734204822724
185,1,6.341436074946971e-05,0.00013453931073268747,0.25443162602045605
185,2,0.00011494427685051752,0.00014743183903368165,nan
185,3,3.9049107769024e-05,4.3370807554962e-05,nan
185,4,9.551628900681236e-05,6.0155800804579653e-05,nan
186,1,6.341436074946893e-05,0.00013453931073268,nan
186,2,0.00011394529098702134,0.00014309644032940074,0.2017833564625635
186,3,3.90491077690239e-05,4.337080755496197e-05,nan
186,4,9.551628900681044e-05,6.0155800804579586e-05,nan
187,1,6.341436074946865e-05,0.00013453931073267967,nan
187,2,0.0001139452909870211,0.00014309644032940046,nan
187,3,3.836403500679546e-05,4.232602464664304e-05,0.005634081969826558
187,4,9.551628900681028e-05,6.015580080457933e-05,nan
188,1,6.341436074946859e-05,0.00013453931073267948,nan
188,2,0.00011394529098702021,0.00014309644032939965,nan
188,3,3.836403500679542e-05,4.2326024646642916e-05,nan
188,4,9.475042886671529e-05,5.884620029466036e-05,0.12883277847352168
189,1,6.170862545827968e-05,0.00012970877482192128,0.27529672689730333
189,2,0.00011394529098701417,0.00014309644032938702,nan
189,3,3.8364035006795e-05,4.2326024646642855e-05,nan
189,4,9.475042886671461e-05,5.8846200294660264e-05,nan
190,1,6.170862545827895e-05,0.00012970877482191417,nan
190,2,0.00011290414924804688,0.00013872076405333547,0.21289723024446144
190,3,3.83640350067949e-05,4.232602464664282e-05,nan
190,4,9.475042886671261e-05,5.8846200294660197e-05,nan
191,1,6.17086254582787e-05,0.0001297087748219139,nan
191,2,0.00011290414924804668,0.00013872076405333522,nan
191,3,3.775311643363456e-05,4.146973633406206e-05,0.007985183049101946
191,4,9.475042886671247e-05,5.884620029465997e-05,nan
192,1,6.170862545827863e-05,0.00012970877482191374,nan
192,2,0.00011290414924804584,0.00013872076405333444,nan
192,3,3.7753116433634526e-05,4.146973633406195e-05,nan
192,4,9.395476652318695e-05,5.7625900436345506e-05,0.1281785841896955
193,1,6.010754586734109e-05,0.00012463467869426985,0.29805746130776245
193,2,0.0001129041492480398,0.0001387207640533223,nan
193,3,3.775311643363414e-05,4.14697363340619e-05,nan
193,4,9.395476652318625e-05,5.762590043634542e-05,nan
194,1,6.010754586734041e-05,0.00012463467869426313,nan
194,2,0.00011181116558316952,0.00013430807136591234,0.2242592410494857
194,3,3.775311643363404e-05,4.1469736334061865e-05,nan
194,4,9.395476652318416e-05,5.762590043634534e-05,nan
195,1,6.010754586734019e-05,0.0001246346786942629,nan
195,2,0.00011181116558316933,0.00013430807136591212,nan
195,3,3.71864667836453e-05,4.07680508816567e-05,0.009916871532599934
195,4,9.395476652318405e-05,5.762590043634515e-05,nan
196,1,6.0107545867340145e-05,0.00012463467869426275,nan
196,2,0.00011181116558316852,0.00013430807136591137,nan
196,3,3.718646678364527e-05,4.076805088165661e-05,nan
196,4,9.31257722923434e-05,5.649261983544252e-05,0.12894275462512136
197,1,5.859945560092731e-05,0.00011929503818799461,0.32260031561880986
197,2,0.00011181116558316253,0.0001343080713658997,nan
197,3,3.718646678364491e-05,4.076805088165656e-05,nan
197,4,9.312577229234267e-05,5.649261983544244e-05,nan
198,1,5.859945560092668e-05,0.00011929503818798832,nan
198,2,0.00011066009029791564,0.00012987490830583342,0.2353910024366601
198,3,3.718646678364481e-05,4.076805088165653e-05,nan
198,4,9.312577229234051e-05,5.649261983544236e-05,nan
199,1,5.8599455600926485e-05,0.00011929503818798813,nan
199,2,0.00011066009029791547,0.0001298749083058332,nan
199,3,3.6648308921946684e-05,4.0188073015546634e-05,0.014530468933660298
199,4,9.312577229234042e-05,5.649261983544219e-05,nan
200,1,5.8599455600926444e-05,0.00011929503818798797,nan
200,2,0.00011066009029791465,0.00012987490830583247,nan
200,3,3.664830892194666e-05,4.018807301554655e-05,nan
200,4,9.226257979511732e-05,5.544285896468932e-05,0.12531848642931304
201,1,5.716898999010809e-05,0.00011368707350598581,0.34495445410835257
201,2,0.00011066009029790872,0.00012987490830582135,nan
201,3,3.6648308921946325e-05,4.0188073015546506e-05,nan
201,4,9.226257979511657e-05,5.544285896468925e-05,nan
202,1,5.716898999010751e-05,0.00011368707350598,nan
202,2,0.00010944684871833961,0.00012544157512270337,0.2449694163965974
202,3,3.664830892194623e-05,4.018807301554647e-05,nan
202,4,9.226257979511435e-05,5.544285896468916e-05,nan
203,1,5.716898999010733e-05,0.00011368707350597984,nan
203,2,0.00010944684871833947,0.00012544157512270319,nan
203,3,3.613070681125658e-05,3.9703419691004087e-05,0.018421021985026247
203,4,9.226257979511427e-05,5.544285896468902e-05,nan
204,1,5.71689899901073e-05,0.00011368707350597968,nan
204,2,0.00010944684871833867,0.00012544157512270248,nan
204,3,3.613070681125655e-05,3.970341969100402e-05,nan
204,4,9.136567809622769e-05,5.447265112081816e-05,0.12314329817249006
205,1,5.579274787875069e-05,0.00010783165238157971,0.3635156348671038
205,2,0.00010944684871833287,0.000125441575122692,nan
205,3,3.613070681125625e-05,3.970341969100398e-05,nan
205,4,9.136567809622693e-05,5.447265112081809e-05,nan
206,1,5.579274787875015e-05,0.00010783165238157441,nan
206,2,0.00010816839973586616,0.00012102771975566425,0.25316902721506085
206,3,3.613070681125615e-05,3.9703419691003944e-05,nan
206,4,9.136567809622466e-05,5.4472651120818e-05,nan
207,1,5.579274787874998e-05,0.00010783165238157426,nan
207,2,0.00010816839973586604,0.00012102771975566409,nan
207,3,3.562956716263327e-05,3.929429527079942e-05,0.024383632577036175
207,4,9.136567809622459e-05,5.447265112081787e-05,nan
208,1,5.579274787874995e-05,0.00010783165238157411,nan
208,2,0.00010816839973586526,0.00012102771975566341,nan
208,3,3.562956716263325e-05,3.929429527079936e-05,nan
208,4,9.04360299684304e-05,5.357803376440606e-05,0.11823429297468471
209,1,5.4434569920795555e-05,0.0001018366213155757,0.371859927474173
209,2,0.0001081683997358597,0.00012102771975565374,nan
209,3,3.562956716263298e-05,3.929429527079932e-05,nan
209,4,9.043602996842963e-05,5.357803376440599e-05,nan
210,1,5.443456992079505e-05,0.00010183662131557092,nan
210,2,0.0001068292835638353,0.0001166656850309288,0.2582814912495602
210,3,3.562956716263289e-05,3.9294295270799287e-05,nan
210,4,9.043602996842733e-05,5.357803376440589e-05,nan
211,1,5.44345699207949e-05,0.0001018366213155708,nan
211,2,0.00010682928356383519,0.00011666568503092867,nan
211,3,3.514265965550234e-05,3.8943412193944134e-05,0.028248586321738958
211,4,9.043602996842728e-05,5.357803376440578e-05,nan
212,1,5.443456992079487e-05,0.00010183662131557067,nan
212,2,0.00010682928356383442,0.000116665685030928,nan
212,3,3.514265965550232e-05,3.894341219394408e-05,nan
212,4,8.947816125774839e-05,5.2753347684276756e-05,0.11566680743392306
213,1,5.302387799259842e-05,9.58207190992468e-05,0.3666322726326947
213,2,0.00010682928356382925,0.00011666568503091933,nan
213,3,3.514265965550207e-05,3.894341219394404e-05,nan
213,4,8.947816125774765e-05,5.275334768427669e-05,nan
214,1,5.302387799259794e-05,9.582071909924253e-05,nan
214,2,0.00010542421258363975,0.0001123630415896353,0.26240484072265996
214,3,3.5142659655501985e-05,3.8943412193944006e-05,nan
214,4,8.947816125774532e-05,5.275334768427658e-05,nan
215,1,5.3023877992597805e-05,9.582071909924242e-05,nan
215,2,0.00010542421258363966,0.00011236304158963516,nan
215,3,3.466868114245694e-05,3.864159422267929e-05,0.036182629443254094
215,4,8.947816125774526e-05,5.275334768427648e-05,nan
216,1,5.3023877992597785e-05,9.58207190992423e-05,nan
216,2,0.0001054242125836389,0.00011236304158963452,nan
216,3,3.466868114245692e-05,3.864159422267925e-05,nan
216,4,8.849143166033693e-05,5.199593767676273e-05,0.10866803853047581
217,1,5.143625906700508e-05,9.007906327863196e-05,0.33824712288884756
217,2,0.00010542421258363434,0.00011236304158962716,nan
217,3,3.46686811424567e-05,3.864159422267921e-05,nan
217,4,8.849143166033624e-05,5.1995937676762665e-05,nan
218,1,5.143625906700461e-05,9.007906327862816e-05,nan
218,2,0.00010395542334533751,0.00010814038961837645,0.2640094794720437
218,3,3.466868114245662e-05,3.864159422267918e-05,nan
218,4,8.849143166033389e-05,5.199593767676255e-05,nan
219,1,5.143625906700448e-05,9.007906327862807e-05,nan
219,2,0.00010395542334533741,0.00010814038961837633,nan
219,3,3.420678674444315e-05,3.837970652986022e-05,0.04382785519738628
219,4,8.849143166033385e-05,5.199593767676246e-05,nan
220,1,5.143625906700446e-05,9.007906327862796e-05,nan
220,2,0.00010395542334533665,0.00010814038961837572,nan
220,3,3.4206786744443137e-05,3.8379706529860184e-05,nan
220,4,8.747858262923065e-05,5.130152167634585e-05,0.10225036449053987
221,1,4.946274203169823e-05,8.506009261630257e-05,0.2838939024932809
221,2,0.00010395542334533298,0.00010814038961836997,nan
221,3,3.420678674444293e-05,3.837970652986013e-05,nan
221,4,8.747858262923006e-05,5.130152167634577e-05,nan
222,1,4.946274203169778e-05,8.506009261629917e-05,nan
222,2,0.00010242670798330272,0.00010401721167995639,0.2632110394907751
222,3,3.420678674444286e-05,3.837970652986009e-05,nan
222,4,8.747858262922772e-05,5.130152167634564e-05,nan
223,1,4.946274203169766e-05,8.506009261629907e-05,nan
223,2,0.00010242670798330265,0.0001040172116799563,nan
223,3,3.375638734323466e-05,3.815064634768857e-05,0.05052811980744425
223,4,8.747858262922768e-05,5.130152167634556e-05,nan
224,1,4.9462742031697645e-05,8.506009261629896e-05,nan
224,2,0.0001024267079833019,0.00010401721167995571,nan
224,3,3.375638734323465e-05,3.815064634768854e-05,nan
224,4,8.644264911991783e-05,5.066584783692865e-05,0.09677331321601584
225,1,4.6827947068728316e-05,8.121015789768739e-05,0.21906406052088906
225,2,0.00010242670798329924,0.00010401721167995155,nan
225,3,3.3756387343234425e-05,3.815064634768847e-05,nan
225,4,8.64426491199174e-05,5.066584783692855e-05,nan
226,1,4.682794706872788e-05,8.12101578976843e-05,nan
226,2,0.00010084337432574614,0.00010001153695041592,0.2604776697943535
226,3,3.375638734323435e-05,3.815064634768843e-05,nan
226,4,8.644264911991507e-05,5.0665847836928414e-05,nan
227,1,4.682794706872778e-05,8.121015789768422e-05,nan
227,2,0.00010084337432574607,0.00010001153695041583,nan
227,3,3.331702921767496e-05,3.794881290376401e-05,0.05463546323225255
227,4,8.644264911991503e-05,5.066584783692834e-05,nan
228,1,4.6827947068727774e-05,8.121015789768412e-05,nan
228,2,0.00010084337432574532,0.00010001153695041527,nan
228,3,3.3317029217674944e-05,3.794881290376397e-05,nan
228,4,8.538690520222492e-05,5.008471306244225e-05,0.0934242528024801
229,1,4.3441000965213464e-05,7.843849683549424e-05,0.19031151094389795
229,2,0.00010084337432574326,0.00010001153695041188,nan
229,3,3.3317029217674646e-05,3.7948812903763885e-05,nan
229,4,8.53869052022246e-05,5.008471306244212e-05,nan
230,1,4.344100096521308e-05,7.843849683549139e-05,nan
230,2,9.921704186288659e-05,9.614487485947385e-05,0.25492209451054754
230,3,3.331702921767458e-05,3.7948812903763844e-05,nan
230,4,8.538690520222231e-05,5.0084713062441975e-05,nan
231,1,4.344100096521299e-05,7.843849683549131e-05,nan
231,2,9.921704186288654e-05,9.614487485947377e-05,nan
231,3,3.2888364090777256e-05,3.776910565806269e-05,0.06020140213036281
231,4,8.538690520222229e-05,5.008471306244191e-05,nan
232,1,4.3441000965212976e-05,7.843849683549122e-05,nan
232,2,9.921704186288581e-05,9.614487485947326e-05,nan
232,3,3.288836409077724e-05,3.7769105658062666e-05,nan
232,4,8.431670441578946e-05,4.955304115104177e-05,0.08841904452698489
233,1,3.965277539880521e-05,7.579826976232524e-05,0.24954947760942847
233,2,9.921704186288353e-05,9.614487485946926e-05,nan
233,3,3.2888364090776836e-05,3.776910565806257e-05,nan
233,4,8.431670441578914e-05,4.9553041151041604e-05,nan
234,1,3.96527753988049e-05,7.579826976232266e-05,nan
234,2,9.754842863069433e-05,9.242286559323751e-05,0.24838283361430982
234,3,3.2888364090776775e-05,3.776910565806253e-05,nan
234,4,8.431670441578687e-05,4.9553041151041455e-05,nan
235,1,3.9652775398804835e-05,7.57982697623226e-05,nan
235,2,9.754842863069427e-05,9.242286559323743e-05,nan
235,3,3.247000545806032e-05,3.760885012306289e-05,0.06491022831908748
235,4,8.431670441578685e-05,4.9553041151041394e-05,nan
236,1,3.965277539880483e-05,7.579826976232251e-05,nan
236,2,9.754842863069357e-05,9.242286559323694e-05,nan
236,3,3.247000545806031e-05,3.760885012306287e-05,nan
236,4,8.323285294646188e-05,4.9068165137405444e-05,0.08417241602665192
237,1,3.6323770973320156e-05,7.228692834031351e-05,0.33856525227109746
237,2,9.754842863069066e-05,9.242286559323191e-05,nan
237,3,3.247000545805987e-05,3.760885012306279e-05,nan
237,4,8.323285294646144e-05,4.906816513740529e-05,nan
238,1,3.632377097331993e-05,7.228692834031126e-05,nan
238,2,9.584359310499953e-05,8.885579435684169e-05,0.2476591807785786
238,3,3.247000545805981e-05,3.760885012306275e-05,nan
238,4,8.323285294645924e-05,4.906816513740513e-05,nan
239,1,3.632377097331988e-05,7.22869283403112e-05,nan
239,2,9.584359310499949e-05,8.885579435684162e-05,nan
239,3,3.206153965671017e-05,3.746532039461998e-05,0.07214319601622132
239,4,8.323285294645921e-05,4.906816513740508e-05,nan
240,1,3.632377097331987e-05,7.228692834031112e-05,nan
240,2,9.584359310499881e-05,8.885579435684116e-05,nan
240,3,3.2061539656710165e-05,3.746532039461996e-05,nan
240,4,8.213729326127486e-05,4.862674497080899e-05,0.08462208484099304
241,1,3.3881975642824786e-05,6.796136092057578e-05,0.33063376937731975
241,2,9.584359310499563e-05,8.885579435683591e-05,nan
241,3,3.206153965670977e-05,3.74653203946199e-05,nan
241,4,8.213729326127436e-05,4.862674497080886e-05,nan
242,1,3.388197564282463e-05,6.796136092057389e-05,nan
242,2,9.410443416450543e-05,8.545103758005695e-05,0.26821271114792866
242,3,3.206153965670972e-05,3.746532039461986e-05,nan
242,4,8.21372932612722e-05,4.86267449708087e-05,nan
243,1,3.388197564282458e-05,6.796136092057385e-05,nan
243,2,9.410443416450539e-05,8.545103758005688e-05,nan
243,3,3.166213961298259e-05,3.733678400913702e-05,0.08637423723733745
243,4,8.213729326127218e-05,4.862674497080865e-05,nan
244,1,3.3881975642824576e-05,6.796136092057378e-05,nan
244,2,9.410443416450471e-05,8.545103758005646e-05,nan
244,3,3.166213961298258e-05,3.7336784009137006e-05,nan
244,4,8.10265149588844e-05,4.822691789125401e-05,0.10529841700800487
245,1,3.226797250146465e-05,6.342361124544726e-05,0.24358698380220362
245,2,9.410443416450176e-05,8.545103758005181e-05,nan
245,3,3.166213961298228e-05,3.7336784009136966e-05,nan
245,4,8.102651495888389e-05,4.822691789125391e-05,nan
246,1,3.226797250146453e-05,6.342361124544569e-05,nan
246,2,9.233378839819475e-05,8.221467322282517e-05,0.3175898345855138
246,3,3.166213961298222e-05,3.7336784009136925e-05,nan
246,4,8.10265149588818e-05,4.822691789125374e-05,nan
247,1,3.226797250146449e-05,6.342361124544565e-05,nan
247,2,9.233378839819472e-05,8.221467322282513e-05,nan
247,3,3.1271077940147614e-05,3.722169977301698e-05,0.11013165968215316
247,4,8.102651495888178e-05,4.8226917891253695e-05,nan
248,1,3.2267972501464484e-05,6.342361124544558e-05,nan
248,2,9.233378839819406e-05,8.221467322282472e-05,nan
248,3,3.127107794014761e-05,3.722169977301696e-05,nan
248,4,7.989659028439495e-05,4.786685371685576e-05,0.15448535686567583
249,1,3.123171573431915e-05,5.9207859861199384e-05,0.20930563220458218
249,2,9.233378839819162e-05,8.2214673222821e-05,nan
249,3,3.127107794014739e-05,3.722169977301693e-05,nan
249,4,7.98965902843945e-05,4.78668537168557e-05,nan
250,1,3.123171573431906e-05,5.920785986119808e-05,nan
250,2,9.054128006736402e-05,7.915297953318918e-05,0.33921739535925266
250,3,3.1271077940147343e-05,3.722169977301689e-05,nan
250,4,7.98965902843925e-05,4.786685371685552e-05,nan
251,1,3.1231715734319034e-05,5.9207859861198056e-05,nan
251,2,9.0541280067364e-05,7.915297953318914e-05,nan
251,3,3.08880047446495e-05,3.711810851204091e-05,0.12182908734027856
251,4,7.989659028439249e-05,4.786685371685548e-05,nan
252,1,3.123171573431903e-05,5.9207859861197995e-05,nan
252,2,9.054128006736334e-05,7.915297953318876e-05,nan
252,3,3.088800474464949e-05,3.71181085120409e-05,nan
252,4,7.874754088127512e-05,4.754343326632748e-05,0.17553492532069748
253,1,3.0556648730878116e-05,5.5562403713534094e-05,0.21081656834587192
253,2,9.054128006736146e-05,7.915297953318598e-05,nan
253,3,3.088800474464934e-05,3.7118108512040885e-05,nan
253,4,7.874754088127474e-05,4.754343326632744e-05,nan
254,1,3.055664873087805e-05,5.5562403713532996e-05,nan
254,2,8.872615819412794e-05,7.626450625129043e-05,0.3304330007966545
254,3,3.08880047446493e-05,3.7118108512040844e-05,nan
254,4,7.87475408812728e-05,4.754343326632726e-05,nan
255,1,3.055664873087802e-05,5.5562403713532976e-05,nan
255,2,8.872615819412791e-05,7.626450625129039e-05,nan
255,3,3.0512707498565608e-05,3.702477592487854e-05,0.11494057311363877
255,4,7.874754088127279e-05,4.754343326632722e-05,nan
256,1,3.0556648730878014e-05,5.556240371353292e-05,nan
256,2,8.872615819412726e-05,7.626450625129002e-05,nan
256,3,3.05127074985656e-05,3.7024775924878524e-05,nan
256,4,7.757556850821113e-05,4.725515153952656e-05,0.1660571534012814
257,1,3.0073652970326143e-05,5.254647274457485e-05,0.16397307958757196
257,2,8.872615819412585e-05,7.626450625128802e-05,nan
257,3,3.0512707498565496e-05,3.702477592487851e-05,nan
257,4,7.757556850821083e-05,4.7255151539526533e-05,nan
258,1,3.0073652970326082e-05,5.2546472744573923e-05,nan
258,2,8.68952727966995e-05,7.354936349085631e-05,0.35627761552588744
258,3,3.0512707498565455e-05,3.702477592487847e-05,nan
258,4,7.757556850820898e-05,4.725515153952635e-05,nan
259,1,3.0073652970326055e-05,5.25464727445739e-05,nan
259,2,8.689527279669947e-05,7.354936349085628e-05,nan
259,3,3.014528441513274e-05,3.6939859509527224e-05,0.128424675694081
259,4,7.757556850820896e-05,4.7255151539526317e-05,nan
260,1,3.0073652970326052e-05,5.2546472744573856e-05,nan
260,2,8.689527279669883e-05,7.354936349085593e-05,nan
260,3,3.0145284415132735e-05,3.6939859509527204e-05,nan
260,4,7.638093304904765e-05,4.699906081642158e-05,0.18971676531572368
261,1,2.9681285492127446e-05,5.010107633067995e-05,0.13522348848189325
261,2,8.68952727966978e-05,7.354936349085449e-05,nan
261,3,3.014528441513266e-05,3.69398595095272e-05,nan
261,4,7.638093304904742e-05,4.699906081642156e-05,nan
262,1,2.968128549212739e-05,5.010107633067914e-05,nan
262,2,8.505731848334001e-05,7.100563826018827e-05,0.35492136790825524
262,3,3.0145284415132623e-05,3.6939859509527157e-05,nan
262,4,7.638093304904566e-05,4.699906081642137e-05,nan
263,1,2.9681285492127368e-05,5.010107633067912e-05,nan
263,2,8.505731848333998e-05,7.100563826018825e-05,nan
263,3,2.978602627502608e-05,3.686135601592663e-05,0.12021404011415798
263,4,7.638093304904564e-05,4.6999060816421345e-05,nan
264,1,2.9681285492127364e-05,5.0101076330679076e-05,nan
264,2,8.505731848333935e-05,7.100563826018792e-05,nan
264,3,2.9786026275026076e-05,3.686135601592662e-05,nan
264,4,7.51656643663401e-05,4.677173805833219e-05,0.19574030368945575
265,1,2.9326494590371906e-05,4.813114328178438e-05,0.11057764811133168
265,2,8.505731848333859e-05,7.100563826018688e-05,nan
265,3,2.978602627502602e-05,3.686135601592661e-05,nan
265,4,7.516566436633993e-05,4.677173805833217e-05,nan
266,1,2.9326494590371862e-05,4.8131143281783665e-05,nan
266,2,8.321925010893187e-05,6.862872015104826e-05,0.3801947263864938
266,3,2.9786026275025987e-05,3.686135601592657e-05,nan
266,4,7.516566436633825e-05,4.677173805833198e-05,nan
267,1,2.9326494590371842e-05,4.813114328178365e-05,nan
267,2,8.321925010893186e-05,6.862872015104823e-05,nan
267,3,2.9435353401307792e-05,3.678727397824374e-05,0.12477445596683315
267,4,7.516566436633823e-05,4.6771738058331956e-05,nan
268,1,2.932649459037184e-05,4.813114328178361e-05,nan
268,2,8.321925010893122e-05,6.862872015104792e-05,nan
268,3,2.943535340130779e-05,3.6787273978243716e-05,nan
268,4,7.393176901583999e-05,4.656986279405958e-05,0.220527711668902
269,1,2.8984067763102017e-05,4.652702403258688e-05,0.0810906995887159
269,2,8.321925010893067e-05,6.862872015104715e-05,nan
269,3,2.9435353401307745e-05,3.678727397824371e-05,nan
269,4,7.393176901583985e-05,4.6569862794059567e-05,nan
270,1,2.8984067763101976e-05,4.652702403258625e-05,nan
270,2,8.139366100561052e-05,6.641238839815007e-05,0.41525932208226957
270,3,2.9435353401307714e-05,3.678727397824367e-05,nan
270,4,7.393176901583828e-05,4.656986279405938e-05,nan
271,1,2.8984067763101956e-05,4.6527024032586234e-05,nan
271,2,8.13936610056105e-05,6.641238839815004e-05,nan
271,3,2.909372533209746e-05,3.67154868196586e-05,0.13574092000897287
271,4,7.393176901583827e-05,4.6569862794059356e-05,nan
272,1,2.8984067763101952e-05,4.6527024032586194e-05,nan
272,2,8.139366100560988e-05,6.641238839814976e-05,nan
272,3,2.9093725332097455e-05,3.6715486819658577e-05,nan
272,4,7.26853982143596e-05,4.638914634700491e-05,0.26094093100827875
273,1,2.864457291735173e-05,4.520966247934862e-05,0.065342794850392
273,2,8.139366100560946e-05,6.641238839814917e-05,nan
273,3,2.9093725332097418e-05,3.671548681965857e-05,nan
273,4,7.268539821435949e-05,4.6389146347004894e-05,nan
274,1,2.864457291735169e-05,4.5209662479348065e-05,nan
274,2,7.958343357418849e-05,6.434770382086311e-05,0.4308808133511049
274,3,2.909372533209739e-05,3.671548681965853e-05,nan
274,4,7.268539821435801e-05,4.6389146347004704e-05,nan
275,1,2.8644572917351675e-05,4.520966247934805e-05,nan
275,2,7.958343357418849e-05,6.434770382086308e-05,nan
275,3,2.8761705128187625e-05,3.664405489572308e-05,0.13464687503449274
275,4,7.2685398214358e-05,4.6389146347004684e-05,nan
276,1,2.864457291735167e-05,4.520966247934802e-05,nan
276,2,7.958343357418788e-05,6.434770382086282e-05,nan
276,3,2.876170512818762e-05,3.664405489572306e-05,nan
276,4,7.142817236968109e-05,4.6226579571931945e-05,0.2902441834183306
277,1,2.8306158634616293e-05,4.410599189210939e-05,0.05167024136226954
277,2,7.958343357418755e-05,6.434770382086238e-05,nan
277,3,2.8761705128187588e-05,3.6644054895723055e-05,nan
277,4,7.142817236968101e-05,4.622657957193193e-05,nan
278,1,2.830615863461626e-05,4.4105991892108886e-05,nan
278,2,7.779485293415219e-05,6.242464303252218e-05,0.4863085915445775
278,3,2.8761705128187564e-05,3.6644054895723015e-05,nan
278,4,7.142817236967963e-05,4.622657957193174e-05,nan
279,1,2.8306158634616243e-05,4.410599189210887e-05,nan
279,2,7.779485293415219e-05,6.242464303252217e-05,nan
279,3,2.843985135076969e-05,3.657095058233773e-05,0.1520174306586073
279,4,7.142817236967961e-05,4.622657957193172e-05,nan
280,1,2.830615863461624e-05,4.410599189210884e-05,nan
280,2,7.77948529341516e-05,6.242464303252191e-05,nan
280,3,2.8439851350769687e-05,3.65709505823377e-05,nan
280,4,7.016449514172318e-05,4.607852870449162e-05,0.35575459716238866
281,1,2.7970759582799282e-05,4.3158386715992585e-05,0.046201776629504074
281,2,7.779485293415135e-05,6.242464303252154e-05,nan
281,3,2.8439851350769657e-05,3.6570950582337695e-05,nan
281,4,7.016449514172312e-05,4.6078528704491606e-05,nan
282,1,2.797075958279925e-05,4.315838671599213e-05,nan
282,2,7.60332182200391e-05,6.063187157143214e-05,0.5681440443798084
282,3,2.8439851350769633e-05,3.657095058233766e-05,nan
282,4,7.016449514172183e-05,4.607852870449142e-05,nan
283,1,2.797075958279923e-05,4.315838671599212e-05,nan
283,2,7.60332182200391e-05,6.063187157143213e-05,nan
283,3,2.8128672233802937e-05,3.649425569848334e-05,0.18642785632738973
283,4,7.016449514172181e-05,4.607852870449141e-05,nan
284,1,2.7970759582799228e-05,4.315838671599208e-05,nan
284,2,7.603321822003854e-05,6.063187157143189e-05,nan
284,3,2.8128672233802934e-05,3.6494255698483315e-05,nan
284,4,6.889939563205596e-05,4.594140166662251e-05,0.4499399928560237
285,1,2.7643307849332214e-05,4.233080645805486e-05,0.049052270950974024
285,2,7.603321822003832e-05,6.0631871571431586e-05,nan
285,3,2.8128672233802907e-05,3.649425569848331e-05,nan
285,4,6.889939563205589e-05,4.5941401666622495e-05,nan
286,1,2.7643307849332184e-05,4.233080645805445e-05,nan
286,2,7.429605013896206e-05,5.8958009369513934e-05,0.580016818309755
286,3,2.8128672233802887e-05,3.6494255698483274e-05,nan
286,4,6.88993956320547e-05,4.594140166662231e-05,nan
287,1,2.764330784933217e-05,4.233080645805444e-05,nan
287,2,7.429605013896206e-05,5.895800936951392e-05,nan
287,3,2.7828611687567926e-05,3.641255044190497e-05,0.15879169161620688
287,4,6.889939563205468e-05,4.59414016666223e-05,nan
288,1,2.764330784933217e-05,4.2330806458054406e-05,nan
288,2,7.429605013896151e-05,5.89580093695137e-05,nan
288,3,2.7828611687567922e-05,3.641255044190494e-05,nan
288,4,6.763577157109441e-05,4.581261714729735e-05,0.4750790607782047
289,1,2.733107415437794e-05,4.1596233379947433e-05,0.051999336111753565
289,2,7.429605013896134e-05,5.895800936951344e-05,nan
289,3,2.7828611687567895e-05,3.6412550441904936e-05,nan
289,4,6.763577157109435e-05,4.581261714729734e-05,nan
290,1,2.7331074154377913e-05,4.159623337994706e-05,nan
290,2,7.25741685561009e-05,5.7392953594967484e-05,0.6089944683555806
290,3,2.7828611687567875e-05,3.64125504419049e-05,nan
290,4,6.763577157109324e-05,4.581261714729716e-05,nan
291,1,2.73310741543779e-05,4.1596233379947054e-05,nan
291,2,7.25741685561009e-05,5.739295359496747e-05,nan
291,3,2.7540054588785983e-05,3.6324913669052166e-05,0.14443968216462627
291,4,6.763577157109323e-05,4.581261714729715e-05,nan
292,1,2.73310741543779e-05,4.159623337994702e-05,nan
292,2,7.257416855610037e-05,5.739295359496727e-05,nan
292,3,2.754005458878598e-05,3.632491366905214e-05,nan
292,4,6.637421419379847e-05,4.5690544846404936e-05,0.5158209619227694
293,1,2.703950339854934e-05,4.092706918358335e-05,0.05534170520276854
293,2,7.257416855610022e-05,5.739295359496704e-05,nan
293,3,2.7540054588785956e-05,3.632491366905213e-05,nan
293,4,6.637421419379841e-05,4.569054484640492e-05,nan
294,1,2.7039503398549316e-05,4.092706918358301e-05,nan
294,2,7.086297246639882e-05,5.5927144860271295e-05,0.6374882703253217
294,3,2.754005458878594e-05,3.63249136690521e-05,nan
294,4,6.637421419379737e-05,4.5690544846404746e-05,nan
295,1,2.7039503398549302e-05,4.0927069183583006e-05,nan
295,2,7.086297246639882e-05,5.592714486027128e-05,nan
295,3,2.7263077479441015e-05,3.623087128289636e-05,0.13334124126799712
295,4,6.637421419379735e-05,4.569054484640473e-05,nan
296,1,2.7039503398549302e-05,4.092706918358297e-05,nan
296,2,7.08629724663983e-05,5.592714486027109e-05,nan
296,3,2.726307747944101e-05,3.6230871282896326e-05,nan
296,4,6.511744410480193e-05,4.557341673548935e-05,0.5555716087361116
297,1,2.677285295547596e-05,4.030431747792195e-05,0.059125688664263314
297,2,7.086297246639817e-05,5.592714486027088e-05,nan
297,3,2.7263077479440987e-05,3.623087128289632e-05,nan
297,4,6.511744410480189e-05,4.557341673548934e-05,nan
298,1,2.677285295547594e-05,4.0304317477921636e-05,nan
298,2,6.915133976750495e-05,5.455159207039541e-05,0.6693593176310846
298,3,2.726307747944097e-05,3.6230871282896285e-05,nan
298,4,6.511744410480091e-05,4.557341673548917e-05,nan
299,1,2.677285295547593e-05,4.030431747792163e-05,nan
299,2,6.915133976750495e-05,5.4551592070395397e-05,nan
299,3,2.699812823898183e-05,3.612945923338315e-05,0.1244985810087821
299,4,6.51174441048009e-05,4.5573416735489154e-05,nan
300,1,2.677285295547593e-05,4.0304317477921596e-05,nan
300,2,6.915133976750446e-05,5.455159207039522e-05,nan
300,3,2.699812823898183e-05,3.612945923338312e-05,nan
300,4,6.386446482545349e-05,4.545973759403601e-05,0.598224699951828
301,1,2.653243854002255e-05,3.971305430707578e-05,0.06112789227975737
301,2,6.915133976750434e-05,5.455159207039503e-05,nan
301,3,2.6998128238981806e-05,3.612945923338311e-05,nan
301,4,6.386446482545345e-05,4.5459737594036e-05,nan
302,1,2.653243854002253e-05,3.97130543070755e-05,nan
302,2,6.743408802435871e-05,5.3256608368220384e-05,0.6967918593799933
302,3,2.699812823898179e-05,3.612945923338308e-05,nan
302,4,6.386446482545254e-05,4.545973759403583e-05,nan
303,1,2.653243854002252e-05,3.9713054307075497e-05,nan
303,2,6.743408802435871e-05,5.325660836822038e-05,nan
303,3,2.6745342894470016e-05,3.602014666325152e-05,0.1193933716691724
303,4,6.386446482545253e-05,4.5459737594035816e-05,nan
304,1,2.653243854002252e-05,3.971305430707546e-05,nan
304,2,6.743408802435823e-05,5.325660836822021e-05,nan
304,3,2.6745342894470016e-05,3.602014666325149e-05,nan
304,4,6.26167149159176e-05,4.534779135605758e-05,0.6389091399061184
305,1,2.631790155379897e-05,3.914375329593276e-05,0.06696684379828885
305,2,6.743408802435813e-05,5.325660836822003e-05,nan
305,3,2.6745342894469995e-05,3.602014666325148e-05,nan
305,4,6.261671491591756e-05,4.5347791356057565e-05,nan
306,1,2.631790155379895e-05,3.91437532959325e-05,nan
306,2,6.570809695489809e-05,5.203087353041864e-05,0.7318507236075528
306,3,2.674534289446998e-05,3.6020146663251446e-05,nan
306,4,6.261671491591671e-05,4.5347791356057396e-05,nan
307,1,2.631790155379894e-05,3.9143753295932496e-05,nan
307,2,6.570809695489809e-05,5.2030873530418635e-05,nan
307,3,2.650482632019505e-05,3.590245622833633e-05,0.1136721748047078
307,4,6.26167149159167e-05,4.534779135605738e-05,nan
308,1,2.631790155379894e-05,3.914375329593246e-05,nan
308,2,6.570809695489764e-05,5.203087353041848e-05,nan
308,3,2.650482632019505e-05,3.5902456228336295e-05,nan
308,4,6.137555157128951e-05,4.523584131961227e-05,0.6833808636534695
309,1,2.6127594442865004e-05,3.859067036661543e-05,0.07170979123625709
309,2,6.570809695489755e-05,5.2030873530418316e-05,nan
309,3,2.650482632019503e-05,3.590245622833629e-05,nan
309,4,6.137555157128947e-05,4.523584131961226e-05,nan
310,1,2.6127594442864987e-05,3.859067036661519e-05,nan
310,2,6.397553444379477e-05,5.0859614001171726e-05,0.7601613896810571
310,3,2.6504826320195017e-05,3.5902456228336254e-05,nan
310,4,6.137555157128867e-05,4.52358413196121e-05,nan
311,1,2.612759444286498e-05,3.8590670366615186e-05,nan
311,2,6.397553444379477e-05,5.085961400117172e-05,nan
311,3,2.627655807455169e-05,3.5776096174916214e-05,0.11047831278204644
311,4,6.137555157128866e-05,4.5235841319612084e-05,nan
312,1,2.612759444286498e-05,3.859067036661516e-05,nan
312,2,6.397553444379434e-05,5.085961400117158e-05,nan
312,3,2.627655807455169e-05,3.577609617491617e-05,nan
312,4,6.014289666378917e-05,4.512214022793073e-05,0.7255869043233991
313,1,2.595855453632614e-05,3.805075498616911e-05,0.07377363599239901
313,2,6.397553444379424e-05,5.085961400117143e-05,nan
313,3,2.6276558074551673e-05,3.5776096174916166e-05,nan
313,4,6.014289666378914e-05,4.512214022793072e-05,nan
314,1,2.5958554536326124e-05,3.8050754986168896e-05,nan
314,2,6.224919877844449e-05,4.972329071406983e-05,0.7753340982499015
314,3,2.627655807455166e-05,3.577609617491613e-05,nan
314,4,6.01428966637884e-05,4.512214022793056e-05,nan
315,1,2.5958554536326117e-05,3.805075498616889e-05,nan
315,2,6.224919877844449e-05,4.9723290714069826e-05,nan
315,3,2.6060127575053346e-05,3.5641346009328814e-05,0.11019761769254241
315,4,6.0142896663788386e-05,4.5122140227930544e-05,nan
316,1,2.5958554536326117e-05,3.805075498616886e-05,nan
316,2,6.224919877844407e-05,4.972329071406969e-05,nan
316,3,2.6060127575053346e-05,3.564134600932877e-05,nan
316,4,5.8922499564309424e-05,4.500516882095637e-05,0.7618246592388681
317,1,2.580930729917697e-05,3.7522183472109403e-05,0.0817201739771971
317,2,6.224919877844399e-05,4.9723290714069555e-05,nan
317,3,2.606012757505333e-05,3.5641346009328766e-05,nan
317,4,5.892249956430939e-05,4.500516882095636e-05,nan
318,1,2.5809307299176956e-05,3.752218347210921e-05,nan
318,2,6.05430375377093e-05,4.8589808583241546e-05,0.788235752469084
318,3,2.6060127575053316e-05,3.564134600932873e-05,nan
318,4,5.892249956430871e-05,4.5005168820956204e-05,nan
319,1,2.580930729917695e-05,3.75221834721092e-05,nan
319,2,6.0543037537709296e-05,4.858980858324154e-05,nan
319,3,2.585572003486569e-05,3.5497637122923175e-05,0.10753057613198054
319,4,5.89224995643087e-05,4.500516882095619e-05,nan
320,1,2.580930729917695e-05,3.752218347210917e-05,nan
320,2,6.0543037537708896e-05,4.858980858324141e-05,nan
320,3,2.585572003486569e-05,3.5497637122923134e-05,nan
320,4,5.771470222811234e-05,4.488306379555321e-05,0.8029276376426095
321,1,2.5677462564612056e-05,3.70041454060189e-05,0.0878581540827346
321,2,6.054303753770882e-05,4.858980858324128e-05,nan
321,3,2.5855720034865674e-05,3.5497637122923134e-05,nan
321,4,5.771470222811231e-05,4.48830637955532e-05,nan
322,1,2.5677462564612043e-05,3.700414540601871e-05,nan
322,2,5.888855179962558e-05,4.741142887305494e-05,0.7791779500077122
322,3,2.585572003486566e-05,3.54976371229231e-05,nan
322,4,5.77147022281117e-05,4.488306379555306e-05,nan
323,1,2.5677462564612036e-05,3.70041454060187e-05,nan
323,2,5.8888551799625574e-05,4.741142887305493e-05,nan
323,3,2.566309514428226e-05,3.534502181387024e-05,0.10682502620229799
323,4,5.771470222811169e-05,4.4883063795553045e-05,nan
324,1,2.5677462564612036e-05,3.7004145406018674e-05,nan
324,2,5.8888551799625194e-05,4.741142887305481e-05,nan
324,3,2.566309514428226e-05,3.534502181387019e-05,nan
324,4,5.652206690184774e-05,4.475418876765792e-05,0.8398492996514503
325,1,2.5560841856693686e-05,3.649630657516671e-05,0.0952385103319412
325,2,5.8888551799625126e-05,4.7411428873054695e-05,nan
325,3,2.5663095144282245e-05,3.534502181387019e-05,nan
325,4,5.6522066901847715e-05,4.4754188767657916e-05,nan
326,1,2.556084185669367e-05,3.649630657516653e-05,nan
326,2,5.732749683130446e-05,4.6118053466067675e-05,0.7470122605883698
326,3,2.566309514428223e-05,3.5345021813870156e-05,nan
326,4,5.6522066901847166e-05,4.475418876765778e-05,nan
327,1,2.5560841856693663e-05,3.649630657516652e-05,nan
327,2,5.732749683130445e-05,4.611805346606767e-05,nan
327,3,2.5481975656930408e-05,3.5183616463478116e-05,0.1060095420776186
327,4,5.652206690184715e-05,4.475418876765777e-05,nan
328,1,2.5560841856693663e-05,3.6496306575166496e-05,nan
328,2,5.732749683130409e-05,4.611805346606755e-05,nan
328,3,2.5481975656930408e-05,3.518361646347807e-05,nan
328,4,5.5347186304849664e-05,4.4616972412888494e-05,0.8739710120923923
329,1,2.5457488900103118e-05,3.599857075531758e-05,0.10496625938035108
329,2,5.732749683130403e-05,4.6118053466067444e-05,nan
329,3,2.5481975656930394e-05,3.518361646347807e-05,nan
329,4,5.534718630484964e-05,4.461697241288849e-05,nan
330,1,2.54574889001031e-05,3.599857075531739e-05,nan
330,2,5.589651081425816e-05,4.461996651148995e-05,0.6969739108823216
330,3,2.5481975656930378e-05,3.518361646347804e-05,nan
330,4,5.5347186304849136e-05,4.4616972412888365e-05,nan
331,1,2.5457488900103097e-05,3.599857075531738e-05,nan
331,2,5.5896510814258156e-05,4.461996651148994e-05,nan
331,3,2.531203797329217e-05,3.5013615707117254e-05,0.10428618360763446
331,4,5.534718630484912e-05,4.461697241288835e-05,nan
332,1,2.5457488900103097e-05,3.599857075531736e-05,nan
332,2,5.589651081425781e-05,4.4619966511489834e-05,nan
332,3,2.531203797329217e-05,3.5013615707117206e-05,nan
332,4,5.4192736414767476e-05,4.4469942465670174e-05,0.9047445890671492
333,1,2.5365220762722175e-05,3.551111142515464e-05,0.10757244315668439
333,2,5.589651081425775e-05,4.461996651148973e-05,nan
333,3,2.5312037973292155e-05,3.5013615707117206e-05,nan
333,4,5.419273641476745e-05,4.446994246567017e-05,nan
334,1,2.5365220762722154e-05,3.551111142515443e-05,nan
334,2,5.458663012066742e-05,4.285872132302516e-05,0.6477943791663389
334,3,2.5312037973292138e-05,3.501361570711718e-05,nan
334,4,5.419273641476697e-05,4.446994246567005e-05,nan
335,1,2.536522076272215e-05,3.551111142515442e-05,nan
335,2,5.458663012066741e-05,4.2858721323025157e-05,nan
335,3,2.5152564216413508e-05,3.483582429245751e-05,0.10645900068442311
335,4,5.4192736414766954e-05,4.446994246567004e-05,nan
336,1,2.536522076272215e-05,3.55111114251544e-05,nan
336,2,5.4586630120667086e-05,4.285872132302506e-05,nan
336,3,2.5152564216413508e-05,3.483582429245746e-05,nan
336,4,5.306251655980971e-05,4.43124304067524e-05,0.9268170642787018
337,1,2.5283026048320065e-05,3.503371722234086e-05,0.11939323342930754
337,2,5.458663012066703e-05,4.2858721323024974e-05,nan
337,3,2.5152564216413498e-05,3.483582429245746e-05,nan
337,4,5.306251655980969e-05,4.431243040675239e-05,nan
338,1,2.528302604832004e-05,3.503371722234062e-05,nan
338,2,5.3308457900403106e-05,4.0816501548368494e-05,0.639695474719919
338,3,2.5152564216413478e-05,3.483582429245743e-05,nan
338,4,5.306251655980918e-05,4.431243040675228e-05,nan
339,1,2.5283026048320037e-05,3.503371722234062e-05,nan
339,2,5.33084579004031e-05,4.0816501548368494e-05,nan
339,3,2.5003501664256917e-05,3.4650018724202244e-05,0.1279148557846844
339,4,5.306251655980916e-05,4.431243040675226e-05,nan
340,1,2.5283026048320037e-05,3.50337172223406e-05,nan
340,2,5.330845790040279e-05,4.0816501548368406e-05,nan
340,3,2.5003501664256917e-05,3.465001872420219e-05,nan
340,4,5.19580654710972e-05,4.414265988416711e-05,0.9768625128071391
341,1,2.5209811501431078e-05,3.4565718398094714e-05,0.13928752406842965
341,2,5.330845790040274e-05,4.081650154836833e-05,nan
341,3,2.5003501664256906e-05,3.465001872420219e-05,nan
341,4,5.195806547109718e-05,4.41426598841671e-05,nan
342,1,2.5209811501431054e-05,3.4565718398094436e-05,nan
342,2,5.189202171839923e-05,3.857906773834445e-05,0.6714512505597299
342,3,2.5003501664256883e-05,3.465001872420216e-05,nan
342,4,5.195806547109659e-05,4.4142659884166975e-05,nan
343,1,2.520981150143105e-05,3.4565718398094436e-05,nan
343,2,5.1892021718399225e-05,3.857906773834445e-05,nan
343,3,2.4864668611627602e-05,3.445584912432987e-05,0.17022553665252949
343,4,5.1958065471096575e-05,4.4142659884166954e-05,nan
344,1,2.520981150143105e-05,3.4565718398094416e-05,nan
344,2,5.189202171839894e-05,3.857906773834438e-05,nan
344,3,2.48646686116276e-05,3.445584912432982e-05,nan
344,4,5.088224120607017e-05,4.3959006788122856e-05,1.0470034594083644
345,1,2.5144632417728905e-05,3.410640598148547e-05,0.13163855003322958
345,2,5.189202171839889e-05,3.857906773834431e-05,nan
345,3,2.486466861162759e-05,3.445584912432982e-05,nan
345,4,5.088224120607015e-05,4.395900678812285e-05,nan
346,1,2.5144632417728878e-05,3.410640598148516e-05,nan
346,2,5.015393085704707e-05,3.630121940525287e-05,0.8723031458414952
346,3,2.4864668611627565e-05,3.445584912432978e-05,nan
346,4,5.088224120606945e-05,4.3959006788122694e-05,nan
347,1,2.5144632417728874e-05,3.410640598148516e-05,nan
347,2,5.015393085704706e-05,3.630121940525287e-05,nan
347,3,2.4735917578756415e-05,3.4252737837644115e-05,0.14641675692441988
347,4,5.088224120606944e-05,4.395900678812267e-05,nan
348,1,2.5144632417728874e-05,3.410640598148514e-05,nan
348,2,5.01539308570468e-05,3.6301219405252806e-05,nan
348,3,2.473591757875641e-05,3.425273783764406e-05,nan
348,4,4.983778693101141e-05,4.375989591973945e-05,1.0307713097690434
349,1,2.5086524306617524e-05,3.365552014410569e-05,0.13727367210900235
349,2,5.015393085704676e-05,3.630121940525275e-05,nan
349,3,2.47359175787564e-05,3.425273783764406e-05,nan
349,4,4.983778693101139e-05,4.3759895919739444e-05,nan
350,1,2.50865243066175e-05,3.365552014410538e-05,nan
350,2,4.797712043901532e-05,3.419994037525018e-05,1.062849653128725
350,3,2.4735917578756377e-05,3.425273783764402e-05,nan
350,4,4.983778693101061e-05,4.3759895919739254e-05,nan
351,1,2.5086524306617497e-05,3.365552014410538e-05,nan
351,2,4.797712043901531e-05,3.419994037525018e-05,nan
351,3,2.461700003220395e-05,3.4040312166832496e-05,0.1691175910392556
351,4,4.983778693101059e-05,4.3759895919739234e-05,nan
352,1,2.5086524306617497e-05,3.365552014410536e-05,nan
352,2,4.797712043901508e-05,3.419994037525013e-05,nan
352,3,2.4617000032203947e-05,3.4040312166832435e-05,nan
352,4,4.882693644645888e-05,4.354414926903331e-05,1.0634736127981312
353,1,2.503426776778401e-05,3.3213288488347816e-05,0.14299978496734034
353,2,4.797712043901505e-05,3.4199940375250084e-05,nan
353,3,2.461700003220394e-05,3.4040312166832435e-05,nan
353,4,4.882693644645886e-05,4.354414926903331e-05,nan
354,1,2.503426776778399e-05,3.321328848834753e-05,nan
354,2,4.541529950919262e-05,3.246823679002046e-05,1.2544846636351359
354,3,2.461700003220392e-05,3.404031216683239e-05,nan
354,4,4.8826936446458046e-05,4.35441492690331e-05,nan
355,1,2.5034267767783987e-05,3.321328848834753e-05,nan
355,2,4.541529950919261e-05,3.246823679002046e-05,nan
355,3,2.450727371560817e-05,3.3818952443509275e-05,0.1916870005611196
355,4,4.882693644645803e-05,4.354414926903308e-05,nan
356,1,2.5034267767783987e-05,3.321328848834752e-05,nan
356,2,4.541529950919241e-05,3.246823679002043e-05,nan
356,3,2.4507273715608167e-05,3.3818952443509214e-05,nan
356,4,4.7851532674764344e-05,4.331191525873799e-05,1.0956152310428655
357,1,2.4987020634701057e-05,3.277995230775281e-05,0.15074519004116768
357,2,4.541529950919238e-05,3.2468236790020386e-05,nan
357,3,2.450727371560816e-05,3.3818952443509214e-05,nan
357,4,4.785153267476433e-05,4.331191525873799e-05,nan
358,1,2.4987020634701043e-05,3.277995230775257e-05,nan
358,2,4.261708968398376e-05,3.1206382831067485e-05,1.345530253938491
358,3,2.4507273715608146e-05,3.381895244350916e-05,nan
358,4,4.785153267476356e-05,4.331191525873778e-05,nan
359,1,2.498702063470104e-05,3.277995230775257e-05,nan
359,2,4.261708968398375e-05,3.1206382831067485e-05,nan
359,3,2.440654939530644e-05,3.3588198436051314e-05,0.23084472987861387
359,4,4.7851532674763544e-05,4.331191525873776e-05,nan
360,1,2.4987020634701037e-05,3.277995230775256e-05,nan
360,2,4.261708968398358e-05,3.120638283106746e-05,nan
360,3,2.4406549395306436e-05,3.358819843605125e-05,nan
360,4,4.691237038387298e-05,4.306196769904792e-05,1.1444602685031038
361,1,2.4943668612106596e-05,3.2356110994234955e-05,0.14149613673569233
361,2,4.261708968398356e-05,3.1206382831067424e-05,nan
361,3,2.440654939530643e-05,3.358819843605125e-05,nan
361,4,4.6912370383872966e-05,4.306196769904792e-05,nan
362,1,2.4943668612106586e-05,3.2356110994234786e-05,nan
362,2,3.985470514830415e-05,3.038090740556797e-05,1.4844615392715916
362,3,2.440654939530642e-05,3.35881984360512e-05,nan
362,4,4.69123703838723e-05,4.3061967699047725e-05,nan
363,1,2.4943668612106586e-05,3.2356110994234786e-05,nan
363,2,3.985470514830414e-05,3.038090740556797e-05,nan
363,3,2.4314265270801075e-05,3.3348287000944894e-05,0.23076933136938949
363,4,4.691237038387229e-05,4.3061967699047704e-05,nan
364,1,2.4943668612106583e-05,3.235611099423477e-05,nan
364,2,3.9854705148304e-05,3.0380907405567942e-05,nan
364,3,2.431426527080107e-05,3.3348287000944826e-05,nan
364,4,4.600986481531875e-05,4.279423427313263e-05,1.1578120919642605
365,1,2.4903039383161935e-05,3.194251108832103e-05,0.1364719553944565
365,2,3.985470514830399e-05,3.038090740556791e-05,nan
365,3,2.4314265270801064e-05,3.3348287000944826e-05,nan
365,4,4.6009864815318736e-05,4.279423427313263e-05,nan
366,1,2.4903039383161932e-05,3.194251108832091e-05,nan
366,2,3.7381126962356725e-05,2.985630756969374e-05,1.4035654583878725
366,3,2.4314265270801058e-05,3.334828700094478e-05,nan
366,4,4.600986481531822e-05,4.2794234273132466e-05,nan
367,1,2.4903039383161932e-05,3.194251108832091e-05,nan
367,2,3.738112696235672e-05,2.985630756969374e-05,nan
367,3,2.4229714011253613e-05,3.309975176778181e-05,0.2481895705551797
367,4,4.600986481531821e-05,4.279423427313244e-05,nan
368,1,2.490303938316193e-05,3.1942511088320896e-05,nan
368,2,3.7381126962356596e-05,2.985630756969372e-05,nan
368,3,2.422971401125361e-05,3.309975176778175e-05,nan
368,4,4.514373812826142e-05,4.250912882751605e-05,1.179463455482279
369,1,2.4863955976914413e-05,3.153995302130825e-05,0.12827380668827873
369,2,3.738112696235658e-05,2.9856307569693693e-05,nan
369,3,2.4229714011253603e-05,3.309975176778175e-05,nan
369,4,4.5143738128261405e-05,4.250912882751605e-05,nan
370,1,2.486395597691441e-05,3.1539953021308175e-05,nan
370,2,3.534098469868378e-05,2.947616139564065e-05,1.2034373796456068
370,3,2.42297140112536e-05,3.3099751767781716e-05,nan
370,4,4.514373812826104e-05,4.2509128827515925e-05,nan
371,1,2.486395597691441e-05,3.1539953021308175e-05,nan
371,2,3.5340984698683775e-05,2.947616139564065e-05,nan
371,3,2.415209970927692e-05,3.284331879149336e-05,0.26343395281067916
371,4,4.5143738128261026e-05,4.25091288275159e-05,nan
372,1,2.4863955976914406e-05,3.153995302130816e-05,nan
372,2,3.534098469868367e-05,2.9476161395640634e-05,nan
372,3,2.4152099709276915e-05,3.28433187914933e-05,nan
372,4,4.431299728029613e-05,4.220731986286483e-05,1.1854445985685078
373,1,2.482526867034802e-05,3.114914138821147e-05,0.12960594757573704
373,2,3.534098469868365e-05,2.947616139564061e-05,nan
373,3,2.4152099709276912e-05,3.28433187914933e-05,nan
373,4,4.431299728029612e-05,4.220731986286483e-05,nan
374,1,2.4825268670348017e-05,3.1149141388211424e-05,nan
374,2,3.374925666459141e-05,2.912355996330885e-05,0.9186661841265534
374,3,2.415209970927691e-05,3.2843318791493275e-05,nan
374,4,4.4312997280295866e-05,4.220731986286474e-05,nan
375,1,2.4825268670348017e-05,3.1149141388211424e-05,nan
375,2,3.37492566645914e-05,2.912355996330885e-05,nan
375,3,2.408039145504023e-05,3.258030859628792e-05,0.3039427765717553
375,4,4.431299728029585e-05,4.2207319862864715e-05,nan
376,1,2.4825268670348014e-05,3.114914138821141e-05,nan
376,2,3.37492566645913e-05,2.9123559963308834e-05,nan
376,3,2.4080391455040227e-05,3.2580308596287856e-05,nan
376,4,4.351590725751411e-05,4.189047321467894e-05,1.2186498638636767
377,1,2.4785881129922017e-05,3.077086631980307e-05,0.13034579606995483
377,2,3.374925666459129e-05,2.912355996330881e-05,nan
377,3,2.4080391455040224e-05,3.2580308596287856e-05,nan
377,4,4.3515907257514096e-05,4.189047321467894e-05,nan
378,1,2.4785881129922014e-05,3.077086631980303e-05,nan
378,2,3.2562057691888475e-05,2.8738016389712722e-05,0.6507466275928611
378,3,2.408039145504022e-05,3.2580308596287836e-05,nan
378,4,4.351590725751393e-05,4.189047321467888e-05,nan
379,1,2.4785881129922014e-05,3.077086631980303e-05,nan
379,2,3.256205769188847e-05,2.8738016389712722e-05,nan
379,3,2.401386952480537e-05,3.2311239966028564e-05,0.3512794283234342
379,4,4.3515907257513913e-05,4.1890473214678855e-05,nan
380,1,2.478588112992201e-05,3.0770866319803016e-05,nan
380,2,3.256205769188839e-05,2.8738016389712705e-05,nan
380,3,2.4013869524805367e-05,3.231123996602851e-05,nan
380,4,4.275032724904543e-05,4.155836154501714e-05,1.2485855706013476
381,1,2.474490235739229e-05,3.040578674816596e-05,0.10760150631148835
381,2,3.256205769188838e-05,2.8738016389712685e-05,nan
381,3,2.4013869524805364e-05,3.231123996602851e-05,nan
381,4,4.2750327249045424e-05,4.155836154501714e-05,nan
382,1,2.4744902357392287e-05,3.0405786748165928e-05,nan
382,2,3.169910289797801e-05,2.8308061282807456e-05,0.5232363378756555
382,3,2.401386952480536e-05,3.2311239966028496e-05,nan
382,4,4.275032724904531e-05,4.1558361545017094e-05,nan
383,1,2.4744902357392287e-05,3.0405786748165928e-05,nan
383,2,3.1699102897978e-05,2.8308061282807456e-05,nan
383,3,2.3951855135600322e-05,3.203678144668918e-05,0.3629363310173826
383,4,4.2750327249045295e-05,4.155836154501707e-05,nan
384,1,2.4744902357392284e-05,3.0405786748165918e-05,nan
384,2,3.169910289797793e-05,2.830806128280744e-05,nan
384,3,2.395185513560032e-05,3.2036781446689126e-05,nan
384,4,4.201407837440084e-05,4.121017477308771e-05,1.240259827847708
385,1,2.4701772807855754e-05,3.0054467602040656e-05,0.09564823221079699
385,2,3.169910289797792e-05,2.830806128280742e-05,nan
385,3,2.3951855135600316e-05,3.2036781446689126e-05,nan
385,4,4.2014078374400836e-05,4.121017477308771e-05,nan
386,1,2.470177280785575e-05,3.0054467602040625e-05,nan
386,2,3.1064611029916916e-05,2.786159511394859e-05,0.4077062978550827
386,3,2.3951855135600312e-05,3.203678144668912e-05,nan
386,4,4.201407837440075e-05,4.121017477308768e-05,nan
387,1,2.470177280785575e-05,3.0054467602040625e-05,nan
387,2,3.106461102991691e-05,2.786159511394859e-05,nan
387,3,2.389405642840467e-05,3.1757018922867926e-05,0.3952641344109685
387,4,4.2014078374400734e-05,4.121017477308765e-05,nan
388,1,2.4701772807855747e-05,3.0054467602040615e-05,nan
388,2,3.1064611029916835e-05,2.7861595113948575e-05,nan
388,3,2.3894056428404665e-05,3.1757018922867865e-05,nan
388,4,4.13055626819074e-05,4.084279756479206e-05,1.2549891113525715
389,1,2.4656005779268817e-05,2.97173703673711e-05,0.08493384656240896
389,2,3.106461102991683e-05,2.7861595113948558e-05,nan
389,3,2.3894056428404662e-05,3.1757018922867865e-05,nan
389,4,4.1305562681907394e-05,4.084279756479206e-05,nan
390,1,2.4656005779268813e-05,2.971737036737107e-05,nan
390,2,3.05671284827144e-05,2.7432307388063802e-05,0.3439160915455878
390,3,2.389405642840466e-05,3.175701892286786e-05,nan
390,4,4.130556268190732e-05,4.0842797564792035e-05,nan
391,1,2.4656005779268813e-05,2.971737036737107e-05,nan
391,2,3.056712848271439e-05,2.7432307388063802e-05,nan
391,3,2.3840179871618463e-05,3.147204745861645e-05,0.42877214709975264
391,4,4.1305562681907305e-05,4.084279756479201e-05,nan
392,1,2.465600577926881e-05,2.971737036737106e-05,nan
392,2,3.056712848271432e-05,2.743230738806379e-05,nan
392,3,2.3840179871618456e-05,3.147204745861639e-05,nan
392,4,4.06232320158615e-05,4.045239946207556e-05,1.2720479169298033
393,1,2.460732200493052e-05,2.9394544618911028e-05,0.07584506548104114
393,2,3.0567128482714316e-05,2.743230738806377e-05,nan
393,3,2.3840179871618453e-05,3.147204745861639e-05,nan
393,4,4.062323201586149e-05,4.045239946207556e-05,nan
394,1,2.4607322004930515e-05,2.9394544618910998e-05,nan
394,2,3.0143241077126814e-05,2.7039912629930608e-05,0.311859034160808
394,3,2.384017987161845e-05,3.147204745861638e-05,nan
394,4,4.0623232015861426e-05,4.045239946207554e-05,nan
395,1,2.4607322004930512e-05,2.9394544618910998e-05,nan
395,2,3.014324107712681e-05,2.7039912629930608e-05,nan
395,3,2.3789777384131228e-05,3.118248307193949e-05,0.4601729957618351
395,4,4.062323201586141e-05,4.045239946207551e-05,nan
396,1,2.460732200493051e-05,2.9394544618910988e-05,nan
396,2,3.0143241077126746e-05,2.7039912629930594e-05,nan
396,3,2.378977738413122e-05,3.118248307193944e-05,nan
396,4,3.996542409063502e-05,4.003614536314891e-05,1.2833821150174964
397,1,2.4555200001419974e-05,2.90865394671368e-05,0.06684400792118894
397,2,3.014324107712674e-05,2.703991262993058e-05,nan
397,3,2.3789777384131218e-05,3.118248307193944e-05,nan
397,4,3.996542409063501e-05,4.003614536314891e-05,nan
398,1,2.455520000141997e-05,2.9086539467136773e-05,nan
398,2,2.9760955029243235e-05,2.669350170606657e-05,0.3135231802107331
398,3,2.3789777384131214e-05,3.118248307193943e-05,nan
398,4,3.996542409063495e-05,4.003614536314889e-05,nan
399,1,2.4555200001419968e-05,2.9086539467136773e-05,nan
399,2,2.9760955029243232e-05,2.669350170606657e-05,nan
399,3,2.3742625227532762e-05,3.0888044898717204e-05,0.5003528890116626
399,4,3.996542409063494e-05,4.003614536314886e-05,nan
400,1,2.4555200001419964e-05,2.9086539467136766e-05,nan
400,2,2.976095502924317e-05,2.6693501706066557e-05,nan
400,3,2.3742625227532755e-05,3.088804489871715e-05,nan
400,4,3.933032429875939e-05,3.958702773867608e-05,1.3249063127732081
401,1,2.4499371163641855e-05,2.8793418517925475e-05,0.05335165593867816
401,2,2.9760955029243164e-05,2.6693501706066543e-05,nan
401,3,2.3742625227532752e-05,3.088804489871715e-05,nan
401,4,3.933032429875938e-05,3.958702773867608e-05,nan
402,1,2.449937116364185e-05,2.8793418517925452e-05,nan
402,2,2.940167135322547e-05,2.6392662738044813e-05,0.3144104458463817
402,3,2.374262522753275e-05,3.088804489871714e-05,nan
402,4,3.9330324298759326e-05,3.958702773867607e-05,nan
403,1,2.4499371163641848e-05,2.8793418517925452e-05,nan
403,2,2.9401671353225466e-05,2.6392662738044813e-05,nan
403,3,2.3698309431201835e-05,3.0589114374971484e-05,0.5205749450954132
403,4,3.933032429875931e-05,3.958702773867603e-05,nan
404,1,2.4499371163641844e-05,2.8793418517925445e-05,nan
404,2,2.9401671353225408e-05,2.6392662738044803e-05,nan
404,3,2.3698309431201828e-05,3.058911437497142e-05,nan
404,4,3.871560731794936e-05,3.909914011753515e-05,1.320687951392952
405,1,2.443973058698082e-05,2.8515146521930697e-05,0.04737045601458473
405,2,2.94016713532254e-05,2.6392662738044793e-05,nan
405,3,2.3698309431201825e-05,3.058911437497142e-05,nan
405,4,3.871560731794935e-05,3.909914011753515e-05,nan
406,1,2.4439730586980816e-05,2.8515146521930674e-05,nan
406,2,2.9056595982791616e-05,2.61338979718972e-05,0.3222067540109045
406,3,2.369830943120182e-05,3.0589114374971416e-05,nan
406,4,3.87156073179493e-05,3.9099140117535135e-05,nan
407,1,2.4439730586980813e-05,2.8515146521930674e-05,nan
407,2,2.9056595982791612e-05,2.61338979718972e-05,nan
407,3,2.3656540219233332e-05,3.0285897532330506e-05,0.5595331757437032
407,4,3.8715607317949285e-05,3.90991401175351e-05,nan
408,1,2.443973058698081e-05,2.8515146521930667e-05,nan
408,2,2.9056595982791558e-05,2.613389797189719e-05,nan
408,3,2.3656540219233325e-05,3.028589753233045e-05,nan
408,4,3.8118258900643935e-05,3.856553455596945e-05,1.3530532795345436
409,1,2.4376329630665098e-05,2.8251460318666442e-05,0.03972399755284624
409,2,2.905659598279155e-05,2.613389797189718e-05,nan
409,3,2.3656540219233322e-05,3.028589753233045e-05,nan
409,4,3.811825890064393e-05,3.856553455596945e-05,nan
410,1,2.4376329630665094e-05,2.8251460318666422e-05,nan
410,2,2.8721705793448945e-05,2.59115190471782e-05,0.3389951975366496
410,3,2.365654021923332e-05,3.0285897532330442e-05,nan
410,4,3.811825890064388e-05,3.8565534555969436e-05,nan
411,1,2.437632963066509e-05,2.8251460318666422e-05,nan
411,2,2.8721705793448942e-05,2.59115190471782e-05,nan
411,3,2.361700670919431e-05,2.9978775384098183e-05,0.5868923406387975
411,4,3.811825890064387e-05,3.85655345559694e-05,nan
412,1,2.4376329630665084e-05,2.8251460318666415e-05,nan
412,2,2.8721705793448888e-05,2.591151904717819e-05,nan
412,3,2.36170067091943e-05,2.997877538409813e-05,nan
412,4,3.7533173136529644e-05,3.798106153939082e-05,1.3682315511971426
413,1,2.4309498985257567e-05,2.8001540768985138e-05,0.03854438269418556
413,2,2.8721705793448884e-05,2.591151904717818e-05,nan
413,3,2.3617006709194297e-05,2.997877538409813e-05,nan
413,4,3.753317313652964e-05,3.798106153939082e-05,nan
414,1,2.4309498985257563e-05,2.800154076898512e-05,nan
414,2,2.839522421481084e-05,2.571835414442351e-05,0.34228792332733227
414,3,2.3617006709194294e-05,2.9978775384098125e-05,nan
414,4,3.753317313652959e-05,3.7981061539390806e-05,nan
415,1,2.430949898525756e-05,2.800154076898512e-05,nan
415,2,2.8395224214810836e-05,2.571835414442351e-05,nan
415,3,2.357927018314619e-05,2.96687650175427e-05,0.6195762517555301
415,4,3.7533173136529576e-05,3.798106153939077e-05,nan
416,1,2.4309498985257553e-05,2.8001540768985115e-05,nan
416,2,2.8395224214810785e-05,2.57183541444235e-05,nan
416,3,2.357927018314618e-05,2.9668765017542642e-05,nan
416,4,3.695181606918309e-05,3.734830516695466e-05,1.3733917906746835
417,1,2.4239115530150265e-05,2.7765300267890812e-05,0.03604894834103233
417,2,2.8395224214810782e-05,2.5718354144423493e-05,nan
417,3,2.357927018314618e-05,2.9668765017542642e-05,nan
417,4,3.695181606918308e-05,3.734830516695466e-05,nan
418,1,2.4239115530150262e-05,2.7765300267890795e-05,nan
418,2,2.8076259496654342e-05,2.555013681465169e-05,0.35237223745166946
418,3,2.3579270183146176e-05,2.966876501754264e-05,nan
418,4,3.6951816069183033e-05,3.734830516695465e-05,nan
419,1,2.423911553015026e-05,2.7765300267890795e-05,nan
419,2,2.807625949665434e-05,2.555013681465169e-05,nan
419,3,2.3542895601689574e-05,2.9356249198609097e-05,0.645019020363745
419,4,3.695181606918302e-05,3.7348305166954615e-05,nan
420,1,2.4239115530150252e-05,2.7765300267890788e-05,nan
420,2,2.8076259496654294e-05,2.555013681465168e-05,nan
420,3,2.3542895601689564e-05,2.9356249198609042e-05,nan
420,4,3.6356723096488674e-05,3.667002306125006e-05,1.3585751084832682
421,1,2.4165173768595643e-05,2.7542332019846988e-05,0.035157491931132254
421,2,2.807625949665429e-05,2.5550136814651674e-05,nan
421,3,2.3542895601689564e-05,2.9356249198609042e-05,nan
421,4,3.635672309648867e-05,3.667002306125006e-05,nan
422,1,2.4165173768595643e-05,2.754233201984697e-05,nan
422,2,2.776424148334668e-05,2.540254499499218e-05,0.37479546643045747
422,3,2.3542895601689564e-05,2.935624919860904e-05,nan
422,4,3.6356723096488627e-05,3.6670023061250046e-05,nan
423,1,2.416517376859564e-05,2.754233201984697e-05,nan
423,2,2.7764241483346676e-05,2.540254499499218e-05,nan
423,3,2.3507294215346612e-05,2.9042117624133504e-05,0.6684928888845927
423,4,3.635672309648861e-05,3.667002306125001e-05,nan
424,1,2.4165173768595633e-05,2.7542332019846964e-05,nan
424,2,2.776424148334663e-05,2.540254499499217e-05,nan
424,3,2.3507294215346602e-05,2.9042117624133453e-05,nan
424,4,3.571767599328434e-05,3.596172763722775e-05,1.3425640056221022
425,1,2.4087766888442325e-05,2.7332071746652393e-05,0.03265852566804128
425,2,2.7764241483346625e-05,2.5402544994992164e-05,nan
425,3,2.3507294215346602e-05,2.9042117624133453e-05,nan
425,4,3.5717675993284336e-05,3.596172763722775e-05,nan
426,1,2.4087766888442325e-05,2.733207174665238e-05,nan
426,2,2.745882866511824e-05,2.527196028840846e-05,0.37562346990921336
426,3,2.3507294215346602e-05,2.904211762413345e-05,nan
426,4,3.5717675993284295e-05,3.596172763722774e-05,nan
427,1,2.408776688844232e-05,2.733207174665238e-05,nan
427,2,2.7458828665118238e-05,2.527196028840846e-05,nan
427,3,2.347187156863199e-05,2.8727418100914538e-05,0.6866353245690691
427,4,3.571767599328428e-05,3.59617276372277e-05,nan
428,1,2.4087766888442315e-05,2.733207174665237e-05,nan
428,2,2.745882866511819e-05,2.5271960288408446e-05,nan
428,3,2.347187156863198e-05,2.872741810091449e-05,nan
428,4,3.4986962479469266e-05,3.525548459670533e-05,1.3012757301763413
429,1,2.400697413681409e-05,2.7134010910920054e-05,0.031024736607095985
429,2,2.7458828665118187e-05,2.527196028840844e-05,nan
429,3,2.347187156863198e-05,2.872741810091449e-05,nan
429,4,3.4986962479469266e-05,3.525548459670533e-05,nan
430,1,2.400697413681409e-05,2.713401091092004e-05,nan
430,2,2.7159781879430953e-05,2.5155658690603355e-05,0.38202511134377287
430,3,2.347187156863198e-05,2.8727418100914487e-05,nan
430,4,3.498696247946923e-05,3.5255484596705314e-05,nan
431,1,2.4006974136814088e-05,2.713401091092004e-05,nan
431,2,2.715978187943095e-05,2.5155658690603355e-05,nan
431,3,2.3436048536797476e-05,2.841314893151502e-05,0.7019132287451874
431,4,3.498696247946922e-05,3.525548459670528e-05,nan
432,1,2.400697413681408e-05,2.713401091092003e-05,nan
432,2,2.71597818794309e-05,2.5155658690603342e-05,nan
432,3,2.3436048536797466e-05,2.8413148931514972e-05,nan
432,4,3.409725303332565e-05,3.4598183151181283e-05,1.3131040207297922
433,1,2.3923090350840624e-05,2.6947286703575595e-05,0.029751607558941802
433,2,2.7159781879430895e-05,2.5155658690603335e-05,nan
433,3,2.3436048536797466e-05,2.8413148931514972e-05,nan
433,4,3.409725303332565e-05,3.4598183151181283e-05,nan
434,1,2.3923090350840624e-05,2.6947286703575582e-05,nan
434,2,2.686693468497243e-05,2.5051036581980322e-05,0.38804769568119823
434,3,2.3436048536797466e-05,2.841314893151497e-05,nan
434,4,3.409725303332562e-05,3.459818315118127e-05,nan
435,1,2.392309035084062e-05,2.6947286703575582e-05,nan
435,2,2.6866934684972425e-05,2.5051036581980322e-05,nan
435,3,2.3399319699589597e-05,2.810054001677095e-05,0.7125933639904946
435,4,3.4097253033325604e-05,3.4598183151181236e-05,nan
436,1,2.3923090350840614e-05,2.6947286703575568e-05,nan
436,2,2.6866934684972368e-05,2.5051036581980305e-05,nan
436,3,2.3399319699589587e-05,2.810054001677091e-05,nan
436,4,3.299734380572325e-05,3.402935230387387e-05,1.4449861811392595
437,1,2.383606686895049e-05,2.6771670892735583e-05,0.0288774245275281
437,2,2.6866934684972364e-05,2.5051036581980302e-05,nan
437,3,2.3399319699589587e-05,2.810054001677091e-05,nan
437,4,3.299734380572325e-05,3.402935230387387e-05,nan
438,1,2.383606686895049e-05,2.677167089273557e-05,nan
438,2,2.658010173585292e-05,2.49567614553761e-05,0.39597593409086124
438,3,2.3399319699589587e-05,2.8100540016770906e-05,nan
438,4,3.299734380572322e-05,3.4029352303873854e-05,nan
439,1,2.3836066868950488e-05,2.677167089273557e-05,nan
439,2,2.6580101735852916e-05,2.49567614553761e-05,nan
439,3,2.33611190427597e-05,2.7790378053736127e-05,0.7205508395223197
439,4,3.299734380572321e-05,3.402935230387383e-05,nan
440,1,2.3836066868950485e-05,2.6771670892735556e-05,nan
440,2,2.6580101735852845e-05,2.495676145537608e-05,nan
440,3,2.3361119042759695e-05,2.7790378053736082e-05,nan
440,4,3.167541697910233e-05,3.3547269911764606e-05,1.790808218509276
441,1,2.3746044699846695e-05,2.6606619932755127e-05,0.02932619560140126
441,2,2.6580101735852842e-05,2.4956761455376078e-05,nan
441,3,2.3361119042759695e-05,2.7790378053736082e-05,nan
441,4,3.167541697910233e-05,3.3547269911764606e-05,nan
442,1,2.3746044699846695e-05,2.6606619932755113e-05,nan
442,2,2.6299130574295578e-05,2.487138402422075e-05,0.41209130471510264
442,3,2.3361119042759695e-05,2.779037805373608e-05,nan
442,4,3.1675416979102306e-05,3.35472699117646e-05,nan
443,1,2.374604469984669e-05,2.6606619932755113e-05,nan
443,2,2.6299130574295574e-05,2.487138402422075e-05,nan
443,3,2.332094426991128e-05,2.7483666533246247e-05,0.7234207210033559
443,4,3.16754169791023e-05,3.354726991176457e-05,nan
444,1,2.3746044699846688e-05,2.6606619932755096e-05,nan
444,2,2.629913057429549e-05,2.487138402422073e-05,nan
444,3,2.3320944269911273e-05,2.748366653324619e-05,nan
444,4,3.025674893770629e-05,3.3074965107037977e-05,2.3177779167961328
445,1,2.365316079630586e-05,2.6451606796080137e-05,0.03416067644375841
445,2,2.6299130574295486e-05,2.4871384024220728e-05,nan
445,3,2.3320944269911273e-05,2.748366653324619e-05,nan
445,4,3.0256748937706285e-05,3.3074965107037977e-05,nan
446,1,2.365316079630586e-05,2.6451606796080127e-05,nan
446,2,2.602386613385882e-05,2.4793725721540484e-05,0.4350366155626699
446,3,2.3320944269911273e-05,2.7483666533246186e-05,nan
446,4,3.025674893770626e-05,3.307496510703797e-05,nan
447,1,2.3653160796305855e-05,2.6451606796080127e-05,nan
447,2,2.6023866133858816e-05,2.4793725721540484e-05,nan
447,3,2.3278324148933393e-05,2.7181378096345204e-05,0.723303585968254
447,4,3.025674893770625e-05,3.307496510703794e-05,nan
448,1,2.365316079630585e-05,2.6451606796080113e-05,nan
448,2,2.6023866133858728e-05,2.4793725721540464e-05,nan
448,3,2.3278324148933382e-05,2.7181378096345136e-05,nan
448,4,2.894855534599664e-05,3.252443121978266e-05,2.7244834295991063
449,1,2.3557201771198265e-05,2.6306454389447853e-05,0.04419286439695004
449,2,2.6023866133858724e-05,2.479372572154046e-05,nan
449,3,2.3278324148933382e-05,2.7181378096345136e-05,nan
449,4,2.894855534599664e-05,3.252443121978266e-05,nan
450,1,2.3557201771198265e-05,2.6306454389447843e-05,nan
450,2,2.5754010023905152e-05,2.472315454923411e-05,0.4542727308789048
450,3,2.3278324148933382e-05,2.7181378096345133e-05,nan
450,4,2.8948555345996618e-05,3.2524431219782656e-05,nan
451,1,2.355720177119826e-05,2.6306454389447843e-05,nan
451,2,2.575401002390515e-05,2.472315454923411e-05,nan
451,3,2.3232610638019845e-05,2.688443406406769e-05,0.7252658026153513
451,4,2.894855534599661e-05,3.252443121978263e-05,nan
452,1,2.355720177119825e-05,2.6306454389447833e-05,nan
452,2,2.575401002390507e-05,2.4723154549234095e-05,nan
452,3,2.323261063801983e-05,2.688443406406762e-05,nan
452,4,2.7866173204543292e-05,3.187453584176887e-05,2.7595916248948917
453,1,2.3457679842280198e-05,2.6171250956565398e-05,0.04987936269277732
453,2,2.5754010023905067e-05,2.472315454923409e-05,nan
453,3,2.3232610638019828e-05,2.688443406406762e-05,nan
453,4,2.7866173204543292e-05,3.187453584176887e-05,nan
454,1,2.3457679842280198e-05,2.6171250956565388e-05,nan
454,2,2.5489233673658723e-05,2.465940378938625e-05,0.47594605227451725
454,3,2.3232610638019828e-05,2.6884434064067616e-05,nan
454,4,2.786617320454327e-05,3.1874535841768865e-05,nan
455,1,2.345767984228019e-05,2.6171250956565388e-05,nan
455,2,2.548923367365872e-05,2.465940378938625e-05,nan
455,3,2.3183012633325414e-05,2.6593695993619973e-05,0.7277759109055094
455,4,2.7866173204543265e-05,3.187453584176884e-05,nan
456,1,2.3457679842280184e-05,2.6171250956565378e-05,nan
456,2,2.5489233673658652e-05,2.4659403789386238e-05,nan
456,3,2.31830126333254e-05,2.6593695993619905e-05,nan
456,4,2.7016966816820992e-05,3.115127599273594e-05,2.655256885379136
457,1,2.335444579877685e-05,2.6045637145578107e-05,0.059802264659814044
457,2,2.5489233673658652e-05,2.4659403789386234e-05,nan
457,3,2.3183012633325397e-05,2.6593695993619905e-05,nan
457,4,2.7016966816820992e-05,3.115127599273594e-05,nan
458,1,2.335444579877685e-05,2.60456371455781e-05,nan
458,2,2.5229390883794837e-05,2.4601890600540344e-05,0.49846125785276263
458,3,2.3183012633325397e-05,2.6593695993619902e-05,nan
458,4,2.7016966816820975e-05,3.1151275992735936e-05,nan
459,1,2.3354445798776844e-05,2.60456371455781e-05,nan
459,2,2.5229390883794833e-05,2.4601890600540344e-05,nan
459,3,2.3129061784801398e-05,2.630990891804532e-05,0.7382951731564702
459,4,2.701696681682097e-05,3.115127599273591e-05,nan
460,1,2.3354445798776837e-05,2.6045637145578094e-05,nan
460,2,2.522939088379478e-05,2.4601890600540334e-05,nan
460,3,2.3129061784801388e-05,2.6309908918045254e-05,nan
460,4,2.636289538311985e-05,3.0401025862389513e-05,2.3683614519112126
461,1,2.324702534651578e-05,2.5929719874470742e-05,0.08180015876352856
461,2,2.522939088379478e-05,2.460189060054033e-05,nan
461,3,2.3129061784801384e-05,2.6309908918045254e-05,nan
461,4,2.636289538311985e-05,3.0401025862389513e-05,nan
462,1,2.324702534651578e-05,2.5929719874470735e-05,nan
462,2,2.497443621027404e-05,2.4550386729695506e-05,0.518627100707273
462,3,2.3129061784801384e-05,2.630990891804525e-05,nan
462,4,2.6362895383119833e-05,3.0401025862389506e-05,nan
463,1,2.3247025346515773e-05,2.5929719874470735e-05,nan
463,2,2.4974436210274036e-05,2.4550386729695506e-05,nan
463,3,2.3070008160018703e-05,2.603375341612339e-05,0.7711075176403689
463,4,2.6362895383119827e-05,3.0401025862389483e-05,nan
464,1,2.3247025346515766e-05,2.592971987447073e-05,nan
464,2,2.4974436210273992e-05,2.45503867296955e-05,nan
464,3,2.3070008160018692e-05,2.6033753416123332e-05,nan
464,4,2.5863043588238084e-05,2.9660866903364822e-05,1.9234015848083348
465,1,2.313524084348501e-05,2.582321026279566e-05,0.0730510107931998
465,2,2.4974436210273992e-05,2.4550386729695495e-05,nan
465,3,2.307000816001869e-05,2.6033753416123332e-05,nan
465,4,2.5863043588238084e-05,2.9660866903364822e-05,nan
466,1,2.313524084348501e-05,2.5823210262795652e-05,nan
466,2,2.472448734661671e-05,2.450434360705949e-05,0.5234661214413657
466,3,2.307000816001869e-05,2.603375341612333e-05,nan
466,4,2.586304358823807e-05,2.9660866903364815e-05,nan
467,1,2.3135240843485002e-05,2.5823210262795652e-05,nan
467,2,2.4724487346616705e-05,2.450434360705949e-05,nan
467,3,2.3005387076013383e-05,2.5765766468803395e-05,0.7832528108340271
467,4,2.5863043588238067e-05,2.966086690336479e-05,nan
468,1,2.3135240843484995e-05,2.582321026279565e-05,nan
468,2,2.472448734661667e-05,2.4504343607059483e-05,nan
468,3,2.3005387076013373e-05,2.5765766468803348e-05,nan
468,4,2.547185556454326e-05,2.89611955849954e-05,1.7055315505187216
469,1,2.3019052837710384e-05,2.5725656524144506e-05,0.07753848871682899
469,2,2.472448734661667e-05,2.450434360705948e-05,nan
469,3,2.300538707601337e-05,2.5765766468803348e-05,nan
469,4,2.547185556454326e-05,2.89611955849954e-05,nan
470,1,2.3019052837710384e-05,2.57256565241445e-05,nan
470,2,2.4479772754029464e-05,2.446308492327163e-05,0.5277305072816627
470,3,2.300538707601337e-05,2.5765766468803344e-05,nan
470,4,2.5471855564543247e-05,2.8961195584995397e-05,nan
471,1,2.3019052837710377e-05,2.57256565241445e-05,nan
471,2,2.447977275402946e-05,2.446308492327163e-05,nan
471,3,2.293489765378882e-05,2.550629539546092e-05,0.805576431196988
471,4,2.5471855564543244e-05,2.8961195584995376e-05,nan
472,1,2.301905283771037e-05,2.5725656524144496e-05,nan
472,2,2.4479772754029433e-05,2.4463084923271627e-05,nan
472,3,2.293489765378881e-05,2.550629539546088e-05,nan
472,4,2.5151077315686182e-05,2.8319546562044482e-05,1.420428573306306
473,1,2.2898778692434382e-05,2.5636217991239002e-05,0.08794434584802013
473,2,2.4479772754029433e-05,2.4463084923271624e-05,nan
473,3,2.2934897653788806e-05,2.550629539546088e-05,nan
473,4,2.5151077315686182e-05,2.8319546562044482e-05,nan
474,1,2.2898778692434382e-05,2.5636217991238995e-05,nan
474,2,2.4240558175263183e-05,2.4425709632417994e-05,0.5236111652193716
474,3,2.2934897653788806e-05,2.5506295395460875e-05,nan
474,4,2.5151077315686168e-05,2.831954656204448e-05,nan
475,1,2.2898778692434376e-05,2.5636217991238995e-05,nan
475,2,2.424055817526318e-05,2.4425709632417994e-05,nan
475,3,2.2858668153878003e-05,2.525534100241855e-05,0.8265334924778087
475,4,2.5151077315686165e-05,2.8319546562044458e-05,nan
476,1,2.2898778692434372e-05,2.5636217991238992e-05,nan
476,2,2.4240558175263156e-05,2.442570963241799e-05,nan
476,3,2.2858668153877996e-05,2.5255341002418514e-05,nan
476,4,2.487157133518164e-05,2.774074945829408e-05,1.1566453228127278
477,1,2.2774278891056356e-05,2.555457605114469e-05,0.07011896776775156
477,2,2.4240558175263156e-05,2.442570963241799e-05,nan
477,3,2.2858668153877993e-05,2.5255341002418514e-05,nan
477,4,2.487157133518164e-05,2.774074945829408e-05,nan
478,1,2.2774278891056356e-05,2.5554576051144688e-05,nan
478,2,2.400722268624691e-05,2.4391583312793518e-05,0.49923950471730416
478,3,2.2858668153877993e-05,2.525534100241851e-05,nan
478,4,2.487157133518163e-05,2.7740749458294075e-05,nan
479,1,2.277427889105635e-05,2.5554576051144688e-05,nan
479,2,2.4007222686246907e-05,2.4391583312793518e-05,nan
479,3,2.2776322071207737e-05,2.5012966012413196e-05,0.8394078728619377
479,4,2.4871571335181625e-05,2.7740749458294055e-05,nan
480,1,2.2774278891056346e-05,2.5554576051144685e-05,nan
480,2,2.400722268624689e-05,2.4391583312793515e-05,nan
480,3,2.277632207120773e-05,2.501296601241317e-05,nan
480,4,2.4616075585584808e-05,2.7225827473433792e-05,1.0612431288039108
481,1,2.264579853261618e-05,2.5479987377254507e-05,0.0940761397065056
481,2,2.400722268624689e-05,2.4391583312793515e-05,nan
481,3,2.2776322071207726e-05,2.5012966012413166e-05,nan
481,4,2.4616075585584808e-05,2.7225827473433792e-05,nan
482,1,2.264579853261618e-05,2.5479987377254503e-05,nan
482,2,2.3780141136111298e-05,2.4359829151284492e-05,0.4980972271454546
482,3,2.2776322071207726e-05,2.5012966012413162e-05,nan
482,4,2.4616075585584798e-05,2.722582747343379e-05,nan
483,1,2.2645798532616174e-05,2.5479987377254503e-05,nan
483,2,2.3780141136111295e-05,2.4359829151284492e-05,nan
483,3,2.268792919453494e-05,2.477884324796212e-05,0.8712059209793344
483,4,2.4616075585584794e-05,2.7225827473433772e-05,nan
484,1,2.264579853261617e-05,2.54799873772545e-05,nan
484,2,2.3780141136111278e-05,2.435982915128449e-05,nan
484,3,2.2687929194534933e-05,2.4778843247962097e-05,nan
484,4,2.4372563507420176e-05,2.6769403823959627e-05,0.8778387271067519
485,1,2.251363363779434e-05,2.541166434562769e-05,0.11117955081353033
485,2,2.3780141136111278e-05,2.435982915128449e-05,nan
485,3,2.268792919453493e-05,2.4778843247962094e-05,nan
485,4,2.4372563507420176e-05,2.6769403823959627e-05,nan
486,1,2.251363363779434e-05,2.5411664345627685e-05,nan
486,2,2.355969497127574e-05,2.4329548685204144e-05,0.4841791654559895
486,3,2.268792919453493e-05,2.477884324796209e-05,nan
486,4,2.4372563507420166e-05,2.6769403823959624e-05,nan
487,1,2.2513633637794333e-05,2.5411664345627685e-05,nan
487,2,2.3559694971275738e-05,2.4329548685204144e-05,nan
487,3,2.259362132709164e-05,2.4552398825454373e-05,0.9095453280810478
487,4,2.4372563507420162e-05,2.6769403823959607e-05,nan
488,1,2.251363363779433e-05,2.5411664345627682e-05,nan
488,2,2.3559694971275724e-05,2.432954868520414e-05,nan
488,3,2.2593621327091636e-05,2.4552398825454353e-05,nan
488,4,2.4134365794294475e-05,2.63637632080449e-05,0.7850791652536676
489,1,2.2378175537796435e-05,2.5348741724316215e-05,0.12510197819246363
489,2,2.3559694971275724e-05,2.432954868520414e-05,nan
489,3,2.2593621327091633e-05,2.455239882545435e-05,nan
489,4,2.4134365794294475e-05,2.63637632080449e-05,nan
490,1,2.2378175537796435e-05,2.5348741724316212e-05,nan
490,2,2.334622706493104e-05,2.4299828411388355e-05,0.4610800618119604
490,3,2.2593621327091633e-05,2.4552398825454346e-05,nan
490,4,2.4134365794294465e-05,2.6363763208044897e-05,nan
491,1,2.2378175537796428e-05,2.5348741724316212e-05,nan
491,2,2.3346227064931036e-05,2.4299828411388355e-05,nan
491,3,2.2493625287462344e-05,2.4332790683241022e-05,0.9395223367840586
491,4,2.413436579429446e-05,2.636376320804488e-05,nan
492,1,2.2378175537796424e-05,2.534874172431621e-05,nan
492,2,2.3346227064931022e-05,2.429982841138835e-05,nan
492,3,2.249362528746234e-05,2.4332790683241e-05,nan
492,4,2.3898367177976297e-05,2.6000394116114247e-05,0.7354133008823553
493,1,2.2240092477824813e-05,2.5290159050282436e-05,0.1646904799967538
493,2,2.3346227064931022e-05,2.429982841138835e-05,nan
493,3,2.2493625287462338e-05,2.4332790683240998e-05,nan
493,4,2.3898367177976297e-05,2.6000394116114247e-05,nan
494,1,2.2240092477824813e-05,2.5290159050282432e-05,nan
494,2,2.313986554574109e-05,2.4269803335570802e-05,0.45656060421944294
494,3,2.2493625287462338e-05,2.4332790683240995e-05,nan
494,4,2.389836717797629e-05,2.6000394116114244e-05,nan
495,1,2.2240092477824806e-05,2.5290159050282432e-05,nan
495,2,2.3139865545741088e-05,2.4269803335570802e-05,nan
495,3,2.238850689403003e-05,2.411888218058738e-05,0.9629252296851
495,4,2.3898367177976287e-05,2.600039411611423e-05,nan
496,1,2.2240092477824803e-05,2.529015905028243e-05,nan
496,2,2.3139865545741074e-05,2.42698033355708e-05,nan
496,3,2.2388506894030025e-05,2.4118882180587365e-05,nan
496,4,2.366380259239845e-05,2.567000442790473e-05,0.6857458781933877
497,1,2.209966718850371e-05,2.5235155320100363e-05,0.1891855482238745
497,2,2.3139865545741074e-05,2.42698033355708e-05,nan
497,3,2.2388506894030022e-05,2.411888218058736e-05,nan
497,4,2.366380259239845e-05,2.567000442790473e-05,nan
498,1,2.209966718850371e-05,2.523515532010036e-05,nan
498,2,2.2940972585796646e-05,2.4238602213078437e-05,0.42864248534351124
498,3,2.2388506894030022e-05,2.4118882180587358e-05,nan
498,4,2.3663802592398442e-05,2.5670004427904725e-05,nan
499,1,2.2099667188503704e-05,2.523515532010036e-05,nan
499,2,2.2940972585796642e-05,2.4238602213078437e-05,nan
499,3,2.227819719961235e-05,2.390943833830461e-05,0.9917717217391329
499,4,2.366380259239844e-05,2.567000442790471e-05,nan
500,1,2.20996671885037e-05,2.5235155320100356e-05,nan
500,2,2.294097258579663e-05,2.4238602213078433e-05,nan
500,3,2.2278197199612348e-05,2.3909438338304592e-05,nan
500,4,2.343074107372511e-05,2.536634073097794e-05,0.6747758443233804
501,1,2.195744550927528e-05,2.518277198936699e-05,0.22665941389457184
501,2,2.294097258579663e-05,2.4238602213078433e-05,nan
501,3,2.2278197199612345e-05,2.390943833830459e-05,nan
501,4,2.343074107372511e-05,2.536634073097794e-05,nan
502,1,2.195744550927528e-05,2.5182771989366988e-05,nan
502,2,2.27496937230036e-05,2.4205394935980925e-05,0.4041145914365113
502,3,2.2278197199612345e-05,2.390943833830459e-05,nan
502,4,2.3430741073725102e-05,2.5366340730977935e-05,nan
503,1,2.1957445509275274e-05,2.5182771989366984e-05,nan
503,2,2.27496937230036e-05,2.4205394935980925e-05,nan
503,3,2.216280517131429e-05,2.370298520593488e-05,1.0419849589586905
503,4,2.34307410737251e-05,2.536634073097792e-05,nan
504,1,2.195744550927527e-05,2.518277198936698e-05,nan
504,2,2.2749693723003587e-05,2.420539493598092e-05,nan
504,3,2.2162805171314288e-05,2.3702985205934867e-05,nan
504,4,2.3199872298358975e-05,2.5083211951202615e-05,0.6743377526176998
505,1,2.1814034159110224e-05,2.513202852930389e-05,0.23780642694675444
505,2,2.2749693723003587e-05,2.420539493598092e-05,nan
505,3,2.2162805171314285e-05,2.3702985205934864e-05,nan
505,4,2.3199872298358975e-05,2.5083211951202615e-05,nan
506,1,2.1814034159110224e-05,2.513202852930389e-05,nan
506,2,2.2566046949743098e-05,2.4169431539126135e-05,0.3601614363968808
506,3,2.2162805171314285e-05,2.3702985205934864e-05,nan
506,4,2.3199872298358968e-05,2.508321195120261e-05,nan
507,1,2.1814034159110217e-05,2.5132028529303888e-05,nan
507,2,2.2566046949743098e-05,2.4169431539126135e-05,nan
507,3,2.2042254255967737e-05,2.3498031043747774e-05,1.0613213420545067
507,4,2.3199872298358965e-05,2.5083211951202598e-05,nan
508,1,2.1814034159110214e-05,2.5132028529303885e-05,nan
508,2,2.2566046949743085e-05,2.416943153912613e-05,nan
508,3,2.2042254255967734e-05,2.349803104374776e-05,nan
508,4,2.297194499733155e-05,2.4815662480217557e-05,0.6752661335574367
509,1,2.1670071807413223e-05,2.5081931493410945e-05,0.25364987716157916
509,2,2.2566046949743085e-05,2.416943153912613e-05,nan
509,3,2.204225425596773e-05,2.349803104374776e-05,nan
509,4,2.297194499733155e-05,2.4815662480217557e-05,nan
510,1,2.1670071807413223e-05,2.5081931493410945e-05,nan
510,2,2.238994246882154e-05,2.4130034488624028e-05,0.3193708418071587
510,3,2.204225425596773e-05,2.349803104374776e-05,nan
510,4,2.2971944997331544e-05,2.4815662480217553e-05,nan
511,1,2.1670071807413213e-05,2.508193149341094e-05,nan
511,2,2.238994246882154e-05,2.4130034488624028e-05,nan
511,3,2.1916113715919674e-05,2.3293246963034443e-05,1.0863533805314458
511,4,2.297194499733154e-05,2.481566248021754e-05,nan
512,1,2.167007180741321e-05,2.5081931493410938e-05,nan
512,2,2.238994246882153e-05,2.4130034488624024e-05,nan
512,3,2.191611371591967e-05,2.329324696303443e-05,nan
512,4,2.2747418465359526e-05,2.4559948581373105e-05,0.671215123775512
513,1,2.1526312347186557e-05,2.503152417821844e-05,0.29987732013876806
513,2,2.238994246882153e-05,2.413003448862402e-05,nan
513,3,2.1916113715919668e-05,2.329324696303443e-05,nan
513,4,2.2747418465359526e-05,2.4559948581373105e-05,nan
514,1,2.1526312347186557e-05,2.503152417821844e-05,nan
514,2,2.2220970284787047e-05,2.4086812329830947e-05,0.31240938610600594
514,3,2.1916113715919668e-05,2.329324696303443e-05,nan
514,4,2.274741846535952e-05,2.45599485813731e-05,nan
515,1,2.1526312347186547e-05,2.5031524178218437e-05,nan
515,2,2.2220970284787047e-05,2.4086812329830947e-05,nan
515,3,2.1783898456056496e-05,2.3087976670875947e-05,1.1289134953121733
515,4,2.2747418465359516e-05,2.4559948581373088e-05,nan
516,1,2.1526312347186544e-05,2.5031524178218434e-05,nan
516,2,2.2220970284787036e-05,2.4086812329830944e-05,nan
516,3,2.1783898456056492e-05,2.3087976670875933e-05,nan
516,4,2.2526366247683576e-05,2.431326251113524e-05,0.6807697894098912
517,1,2.138337893596709e-05,2.4979760297726475e-05,0.33919822469329153
517,2,2.2220970284787036e-05,2.408681232983094e-05,nan
517,3,2.178389845605649e-05,2.3087976670875933e-05,nan
517,4,2.2526366247683576e-05,2.431326251113524e-05,nan
518,1,2.138337893596709e-05,2.4979760297726475e-05,nan
518,2,2.205895233190728e-05,2.4039116293927184e-05,0.2920038456244455
518,3,2.178389845605649e-05,2.3087976670875933e-05,nan
518,4,2.2526366247683573e-05,2.4313262511135238e-05,nan
519,1,2.138337893596708e-05,2.4979760297726472e-05,nan
519,2,2.205895233190728e-05,2.4039116293927184e-05,nan
519,3,2.1644109296670674e-05,2.288194395806905e-05,1.1795827192526325
519,4,2.252636624768357e-05,2.4313262511135228e-05,nan
520,1,2.1383378935967076e-05,2.497976029772647e-05,nan
520,2,2.205895233190727e-05,2.403911629392718e-05,nan
520,3,2.164410929667067e-05,2.2881943958069036e-05,nan
520,4,2.2308289810843744e-05,2.407399002917921e-05,0.674838226489553
521,1,2.12420403690154e-05,2.4925602381566187e-05,0.38823364903407104
521,2,2.205895233190727e-05,2.4039116293927177e-05,nan
521,3,2.1644109296670667e-05,2.2881943958069036e-05,nan
521,4,2.2308289810843744e-05,2.407399002917921e-05,nan
522,1,2.12420403690154e-05,2.4925602381566187e-05,nan
522,2,2.1903345564155497e-05,2.398660626692888e-05,0.2956219908463052
522,3,2.1644109296670667e-05,2.2881943958069036e-05,nan
522,4,2.230828981084374e-05,2.4073990029179207e-05,nan
523,1,2.124204036901539e-05,2.4925602381566184e-05,nan
523,2,2.1903345564155497e-05,2.398660626692888e-05,nan
523,3,2.149582479735547e-05,2.267601135777706e-05,1.2305048159472045
523,4,2.2308289810843737e-05,2.4073990029179197e-05,nan
524,1,2.124204036901539e-05,2.492560238156618e-05,nan
524,2,2.1903345564155487e-05,2.3986606266928875e-05,nan
524,3,2.1495824797355465e-05,2.2676011357777045e-05,nan
524,4,2.2092323291602484e-05,2.3840957132750432e-05,0.6845612610767724
525,1,2.1103108308163895e-05,2.4867986982252123e-05,0.44149153896263515
525,2,2.1903345564155487e-05,2.3986606266928872e-05,nan
525,3,2.1495824797355462e-05,2.2676011357777045e-05,nan
525,4,2.2092323291602484e-05,2.3840957132750432e-05,nan
526,1,2.1103108308163895e-05,2.4867986982252123e-05,nan
526,2,2.1753455020237787e-05,2.3929047025960414e-05,0.3130339892694566
526,3,2.1495824797355462e-05,2.2676011357777045e-05,nan
526,4,2.209232329160248e-05,2.384095713275043e-05,nan
527,1,2.1103108308163884e-05,2.486798698225212e-05,nan
527,2,2.1753455020237787e-05,2.3929047025960414e-05,nan
527,3,2.133954284638182e-05,2.2471627575904918e-05,1.2871950449456844
527,4,2.2092323291602478e-05,2.384095713275042e-05,nan
528,1,2.1103108308163884e-05,2.4867986982252116e-05,nan
528,2,2.1753455020237777e-05,2.392904702596041e-05,nan
528,3,2.1339542846381816e-05,2.2471627575904908e-05,nan
528,4,2.1877228442650925e-05,2.3613375908805493e-05,0.7021121063057816
529,1,2.096743711341618e-05,2.480582253690449e-05,0.4975702945169943
529,2,2.1753455020237777e-05,2.3929047025960407e-05,nan
529,3,2.1339542846381812e-05,2.2471627575904908e-05,nan
529,4,2.1877228442650925e-05,2.3613375908805493e-05,nan
530,1,2.096743711341618e-05,2.4805822536904487e-05,nan
530,2,2.1608438837805e-05,2.386628722252282e-05,0.33395043939195335
530,3,2.1339542846381812e-05,2.2471627575904908e-05,nan
530,4,2.1877228442650922e-05,2.361337590880549e-05,nan
531,1,2.096743711341617e-05,2.4805822536904484e-05,nan
531,2,2.1608438837805e-05,2.386628722252282e-05,nan
531,3,2.1178589435627782e-05,2.22700811006718e-05,1.3521339734819082
531,4,2.187722844265092e-05,2.361337590880548e-05,nan
532,1,2.096743711341617e-05,2.480582253690448e-05,nan
532,2,2.160843883780499e-05,2.3866287222522816e-05,nan
532,3,2.117858943562778e-05,2.227008110067179e-05,nan
532,4,2.166162625058963e-05,2.339055080727053e-05,0.7127549133149806
533,1,2.083579784552269e-05,2.4738335048264404e-05,0.5554001081671127
533,2,2.160843883780499e-05,2.3866287222522813e-05,nan
533,3,2.1178589435627775e-05,2.227008110067179e-05,nan
533,4,2.166162625058963e-05,2.339055080727053e-05,nan
534,1,2.083579784552269e-05,2.47383350482644e-05,nan
534,2,2.146723373941078e-05,2.3798536998562298e-05,0.37488551282891264
534,3,2.1178589435627775e-05,2.227008110067179e-05,nan
534,4,2.1661626250589626e-05,2.339055080727053e-05,nan
535,1,2.083579784552268e-05,2.4738335048264397e-05,nan
535,2,2.146723373941078e-05,2.3798536998562298e-05,nan
535,3,2.1019272111428394e-05,2.207203815320755e-05,1.3917386855496987
535,4,2.1661626250589623e-05,2.339055080727052e-05,nan
536,1,2.083579784552268e-05,2.4738335048264394e-05,nan
536,2,2.146723373941077e-05,2.3798536998562294e-05,nan
536,3,2.101927211142839e-05,2.207203815320754e-05,nan
536,4,2.144452522695965e-05,2.317160663134435e-05,0.7475426871064982
537,1,2.0709052148139113e-05,2.466431309510959e-05,0.5673197424763348
537,2,2.146723373941077e-05,2.379853699856229e-05,nan
537,3,2.1019272111428388e-05,2.207203815320754e-05,nan
537,4,2.144452522695965e-05,2.317160663134435e-05,nan
538,1,2.0709052148139113e-05,2.4664313095109585e-05,nan
538,2,2.1328930750365397e-05,2.3725460393698555e-05,0.3724618146671627
538,3,2.1019272111428388e-05,2.207203815320754e-05,nan
538,4,2.1444525226959645e-05,2.317160663134435e-05,nan
539,1,2.0709052148139107e-05,2.466431309510958e-05,nan
539,2,2.1328930750365397e-05,2.3725460393698555e-05,nan
539,3,2.0868156601526557e-05,2.1877952592899887e-05,1.3274164465578344
539,4,2.1444525226959642e-05,2.317160663134434e-05,nan
540,1,2.0709052148139107e-05,2.4664313095109578e-05,nan
540,2,2.1328930750365387e-05,2.372546039369855e-05,nan
540,3,2.0868156601526554e-05,2.1877952592899876e-05,nan
540,4,2.1225791703860237e-05,2.2955215705162465e-05,0.7001837336861545
541,1,2.0587374292014355e-05,2.4583054096195034e-05,0.6106142175640138
541,2,2.1328930750365387e-05,2.3725460393698548e-05,nan
541,3,2.086815660152655e-05,2.1877952592899876e-05,nan
541,4,2.1225791703860237e-05,2.2955215705162465e-05,nan
542,1,2.0587374292014355e-05,2.458305409619503e-05,nan
542,2,2.119314303893111e-05,2.3646488037909297e-05,0.3976946060471204
542,3,2.086815660152655e-05,2.1877952592899876e-05,nan
542,4,2.1225791703860233e-05,2.2955215705162465e-05,nan
543,1,2.0587374292014352e-05,2.4583054096195027e-05,nan
543,2,2.119314303893111e-05,2.3646488037909297e-05,nan
543,3,2.072776358645363e-05,2.168864866139576e-05,1.2692130287077412
543,4,2.122579170386023e-05,2.2955215705162455e-05,nan
544,1,2.0587374292014352e-05,2.4583054096195024e-05,nan
544,2,2.11931430389311e-05,2.3646488037909293e-05,nan
544,3,2.0727763586453626e-05,2.168864866139575e-05,nan
544,4,2.101129184596323e-05,2.274023141668271e-05,0.6566852011291469
545,1,2.0470728265149736e-05,2.4493919899703483e-05,0.6612315105044844
545,2,2.11931430389311e-05,2.364648803790929e-05,nan
545,3,2.0727763586453622e-05,2.168864866139575e-05,nan
545,4,2.101129184596323e-05,2.274023141668271e-05,nan
546,1,2.0470728265149736e-05,2.449391989970348e-05,nan
546,2,2.1059629988331026e-05,2.356081664786849e-05,0.4310167705039298
546,3,2.0727763586453622e-05,2.168864866139575e-05,nan
546,4,2.1011291845963228e-05,2.274023141668271e-05,nan
547,1,2.0470728265149732e-05,2.4493919899703477e-05,nan
547,2,2.1059629988331026e-05,2.356081664786849e-05,nan
547,3,2.0598409118456698e-05,2.1505318553206835e-05,1.1947521320836696
547,4,2.1011291845963225e-05,2.2740231416682704e-05,nan
548,1,2.0470728265149732e-05,2.4493919899703473e-05,nan
548,2,2.1059629988331016e-05,2.3560816647868488e-05,nan
548,3,2.0598409118456694e-05,2.1505318553206825e-05,nan
548,4,2.0807595804260294e-05,2.2527042659910844e-05,0.596068731811562
549,1,2.0359013888583405e-05,2.439633274728373e-05,0.7120015420685964
549,2,2.1059629988331016e-05,2.3560816647868485e-05,nan
549,3,2.059840911845669e-05,2.1505318553206825e-05,nan
549,4,2.0807595804260294e-05,2.2527042659910844e-05,nan
550,1,2.0359013888583405e-05,2.4396332747283728e-05,nan
550,2,2.0928071035937546e-05,2.3467560280770882e-05,0.4757247293109948
550,3,2.059840911845669e-05,2.1505318553206825e-05,nan
550,4,2.080759580426029e-05,2.2527042659910844e-05,nan
551,1,2.03590138885834e-05,2.4396332747283725e-05,nan
551,2,2.0928071035937546e-05,2.3467560280770882e-05,nan
551,3,2.0479290376028013e-05,2.132927206684032e-05,1.0975767497532278
551,4,2.080759580426029e-05,2.2527042659910838e-05,nan
552,1,2.03590138885834e-05,2.439633274728372e-05,nan
552,2,2.0928071035937536e-05,2.346756028077088e-05,nan
552,3,2.047929037602801e-05,2.132927206684031e-05,nan
552,4,2.0618553275046076e-05,2.231804931222411e-05,0.5379665898677541
553,1,2.0251958814254172e-05,2.4290115722180752e-05,0.7716613321017337
553,2,2.0928071035937536e-05,2.3467560280770876e-05,nan
553,3,2.0479290376028007e-05,2.132927206684031e-05,nan
553,4,2.0618553275046076e-05,2.231804931222411e-05,nan
554,1,2.0251958814254172e-05,2.429011572218075e-05,nan
554,2,2.079805452340635e-05,2.3366048056480795e-05,0.5269317540759797
554,3,2.0479290376028007e-05,2.132927206684031e-05,nan
554,4,2.0618553275046073e-05,2.231804931222411e-05,nan
555,1,2.025195881425417e-05,2.429011572218075e-05,nan
555,2,2.079805452340635e-05,2.3366048056480795e-05,nan
555,3,2.0368715422974164e-05,2.116146452440723e-05,1.008933224894962
555,4,2.0618553275046073e-05,2.2318049312224103e-05,nan
556,1,2.025195881425417e-05,2.429011572218075e-05,nan
556,2,2.079805452340634e-05,2.336604805648079e-05,nan
556,3,2.036871542297416e-05,2.116146452440722e-05,nan
556,4,2.0444417665200856e-05,2.2116751621752538e-05,0.47055519531537393
557,1,2.0149477414068395e-05,2.4174416052252118e-05,0.8374284452874727
557,2,2.079805452340634e-05,2.3366048056480788e-05,nan
557,3,2.0368715422974157e-05,2.116146452440722e-05,nan
557,4,2.0444417665200856e-05,2.2116751621752538e-05,nan
558,1,2.0149477414068395e-05,2.4174416052252115e-05,nan
558,2,2.0668993334387475e-05,2.3254749676718982e-05,0.5926950432992326
558,3,2.0368715422974157e-05,2.116146452440722e-05,nan
558,4,2.0444417665200852e-05,2.2116751621752538e-05,nan
559,1,2.014947741406839e-05,2.4174416052252115e-05,nan
559,2,2.0668993334387475e-05,2.3254749676718982e-05,nan
559,3,2.026528444736478e-05,2.1002975293441727e-05,0.9142528844638909
559,4,2.0444417665200852e-05,2.211675162175253e-05,nan
560,1,2.014947741406839e-05,2.4174416052252115e-05,nan
560,2,2.0668993334387468e-05,2.325474967671898e-05,nan
560,3,2.026528444736478e-05,2.100297529344172e-05,nan
560,4,2.028398370394191e-05,2.192707752133576e-05,0.4106954338082852
561,1,2.005128744642609e-05,2.4048820889184008e-05,0.9188278774161146
561,2,2.0668993334387468e-05,2.3254749676718976e-05,nan
561,3,2.0265284447364778e-05,2.100297529344172e-05,nan
561,4,2.028398370394191e-05,2.192707752133576e-05,nan
562,1,2.005128744642609e-05,2.4048820889184004e-05,nan
562,2,2.054006642076605e-05,2.3132256988943555e-05,0.6701189738610546
562,3,2.0265284447364778e-05,2.100297529344172e-05,nan
562,4,2.0283983703941907e-05,2.192707752133576e-05,nan
563,1,2.0051287446426086e-05,2.4048820889184004e-05,nan
563,2,2.054006642076605e-05,2.3132256988943555e-05,nan
563,3,2.0167320048709748e-05,2.0854347754415193e-05,0.8390054952616911
563,4,2.0283983703941907e-05,2.1927077521335754e-05,nan
564,1,2.0051287446426086e-05,2.4048820889184004e-05,nan
564,2,2.0540066420766046e-05,2.313225698894355e-05,nan
564,3,2.0167320048709748e-05,2.0854347754415187e-05,nan
564,4,2.013440494829371e-05,2.175205738938484e-05,0.34844183404029794
565,1,1.9957023069796052e-05,2.3913069949096885e-05,1.0188958503617969
565,2,2.0540066420766046e-05,2.3132256988943545e-05,nan
565,3,2.0167320048709745e-05,2.0854347754415187e-05,nan
565,4,2.013440494829371e-05,2.175205738938484e-05,nan
566,1,1.9957023069796052e-05,2.391306994909688e-05,nan
566,2,2.041010234520226e-05,2.299697365872073e-05,0.7608533435182561
566,3,2.0167320048709745e-05,2.0854347754415187e-05,nan
566,4,2.0134404948293706e-05,2.175205738938484e-05,nan
567,1,1.995702306979605e-05,2.391306994909688e-05,nan
567,2,2.041010234520226e-05,2.299697365872073e-05,nan
567,3,2.0073321402964568e-05,2.0715774107652783e-05,0.7876010866973979
567,4,2.0134404948293706e-05,2.1752057389384838e-05,nan
568,1,1.995702306979605e-05,2.391306994909688e-05,nan
568,2,2.0410102345202255e-05,2.2996973658720728e-05,nan
568,3,2.0073321402964568e-05,2.071577410765278e-05,nan
568,4,1.999264468670892e-05,2.159342523775861e-05,0.2869765655392275
569,1,1.9866217745033466e-05,2.3767208308615753e-05,1.1258216055882313
569,2,2.0410102345202255e-05,2.299697365872072e-05,nan
569,3,2.0073321402964565e-05,2.071577410765278e-05,nan
569,4,1.999264468670892e-05,2.159342523775861e-05,nan
570,1,1.9866217745033463e-05,2.3767208308615746e-05,nan
570,2,2.027745223533907e-05,2.2847290993667554e-05,0.8683601142641659
570,3,2.0073321402964565e-05,2.071577410765278e-05,nan
570,4,1.9992644686708915e-05,2.159342523775861e-05,nan
571,1,1.986621774503346e-05,2.3767208308615746e-05,nan
571,2,2.027745223533907e-05,2.2847290993667554e-05,nan
571,3,1.9982027818584756e-05,2.058708779315491e-05,0.7437848931148904
571,4,1.9992644686708915e-05,2.1593425237758605e-05,nan
572,1,1.986621774503346e-05,2.3767208308615746e-05,nan
572,2,2.0277452235339067e-05,2.284729099366755e-05,nan
572,3,1.9982027818584756e-05,2.0587087793154905e-05,nan
572,4,1.985606053122823e-05,2.1451528741386244e-05,0.24041075765351894
573,1,1.977675629017084e-05,2.3620883004170932e-05,1.110747761565432
573,2,2.0277452235339067e-05,2.2847290993667544e-05,nan
573,3,1.9982027818584753e-05,2.0587087793154905e-05,nan
573,4,1.985606053122823e-05,2.1451528741386244e-05,nan
574,1,1.9776756290170838e-05,2.3620883004170925e-05,nan
574,2,2.0145404545315843e-05,2.2696070335778384e-05,0.8932319968310074
574,3,1.9982027818584753e-05,2.0587087793154905e-05,nan
574,4,1.9856060531228228e-05,2.1451528741386244e-05,nan
575,1,1.9776756290170834e-05,2.3620883004170925e-05,nan
575,2,2.0145404545315843e-05,2.2696070335778384e-05,nan
575,3,1.9891906628762997e-05,2.0461713264404428e-05,0.6897639491505241
575,4,1.9856060531228228e-05,2.145152874138624e-05,nan
576,1,1.9776756290170834e-05,2.3620883004170925e-05,nan
576,2,2.014540454531584e-05,2.269607033577838e-05,nan
576,3,1.9891906628762997e-05,2.0461713264404424e-05,nan
576,4,1.972174691405769e-05,2.1314453371318606e-05,0.25693322778827254
577,1,1.9688158006424376e-05,2.3476512325854782e-05,1.101140719437744
577,2,2.014540454531584e-05,2.2696070335778374e-05,nan
577,3,1.9891906628762994e-05,2.0461713264404424e-05,nan
577,4,1.972174691405769e-05,2.1314453371318606e-05,nan
578,1,1.9688158006424373e-05,2.3476512325854775e-05,nan
578,2,2.0015107600173946e-05,2.254685170430149e-05,0.8823470505299595
578,3,1.9891906628762994e-05,2.0461713264404424e-05,nan
578,4,1.9721746914057686e-05,2.1314453371318606e-05,nan
579,1,1.968815800642437e-05,2.3476512325854775e-05,nan
579,2,2.0015107600173946e-05,2.254685170430149e-05,nan
579,3,1.9802712662086863e-05,2.0337974941639876e-05,0.6847158798445252
579,4,1.9721746914057686e-05,2.1314453371318602e-05,nan
580,1,1.968815800642437e-05,2.3476512325854775e-05,nan
580,2,2.0015107600173943e-05,2.254685170430149e-05,nan
580,3,1.9802712662086863e-05,2.0337974941639873e-05,nan
580,4,1.9589255220966877e-05,2.1179154022259002e-05,0.2539510439542532
581,1,1.9600409092252297e-05,2.3334055323040014e-05,1.0916698852045468
581,2,2.0015107600173943e-05,2.2546851704301484e-05,nan
581,3,1.980271266208686e-05,2.0337974941639873e-05,nan
581,4,1.9589255220966877e-05,2.1179154022259002e-05,nan
582,1,1.9600409092252297e-05,2.3334055323040007e-05,nan
582,2,1.9886526216732476e-05,2.2399595301346026e-05,0.8716631201517584
582,3,1.980271266208686e-05,2.0337974941639873e-05,nan
582,4,1.9589255220966873e-05,2.1179154022259002e-05,nan
583,1,1.9600409092252294e-05,2.3334055323040007e-05,nan
583,2,1.9886526216732476e-05,2.2399595301346026e-05,nan
583,3,1.971442972290449e-05,2.0215839318635354e-05,0.6797260054006474
583,4,1.9589255220966873e-05,2.1179154022259e-05,nan
584,1,1.9600409092252294e-05,2.3334055323040007e-05,nan
584,2,1.9886526216732473e-05,2.2399595301346026e-05,nan
584,3,1.971442972290449e-05,2.021583931863535e-05,nan
584,4,1.9458548269628695e-05,2.1045595805969353e-05,0.25102106227509136
585,1,1.9513496072511697e-05,2.319347221285175e-05,1.0823323911687124
585,2,1.9886526216732473e-05,2.239959530134602e-05,nan
585,3,1.9714429722904485e-05,2.021583931863535e-05,nan
585,4,1.9458548269628695e-05,2.1045595805969353e-05,nan
586,1,1.9513496072511697e-05,2.3193472212851744e-05,nan
586,2,1.9759626160272563e-05,2.2254262384900876e-05,0.8611752230146978
586,3,1.9714429722904485e-05,2.021583931863535e-05,nan
586,4,1.945854826962869e-05,2.1045595805969353e-05,nan
587,1,1.9513496072511693e-05,2.3193472212851744e-05,nan
587,2,1.9759626160272563e-05,2.2254262384900876e-05,nan
587,3,1.9627042028557043e-05,2.0095273825733667e-05,0.67479335608791
587,4,1.945854826962869e-05,2.104559580596935e-05,nan
588,1,1.9513496072511693e-05,2.3193472212851744e-05,nan
588,2,1.975962616027256e-05,2.2254262384900876e-05,nan
588,3,1.9627042028557043e-05,2.0095273825733663e-05,nan
588,4,1.9329589892057748e-05,2.0913744755977796e-05,0.2481420624739611
589,1,1.94274057879779e-05,2.3054724338251596e-05,1.0731254534454857
589,2,1.975962616027256e-05,2.225426238490087e-05,nan
589,3,1.962704202855704e-05,2.0095273825733663e-05,nan
589,4,1.9329589892057748e-05,2.0913744755977796e-05,nan
590,1,1.94274057879779e-05,2.305472433825159e-05,nan
590,2,1.9634374112478093e-05,2.2110815233795896e-05,0.8508785316159614
590,3,1.962704202855704e-05,2.0095273825733663e-05,nan
590,4,1.9329589892057745e-05,2.0913744755977796e-05,nan
591,1,1.9427405787977895e-05,2.305472433825159e-05,nan
591,2,1.9634374112478093e-05,2.2110815233795896e-05,nan
591,3,1.9540534195492548e-05,1.9976246796815714e-05,0.6699169848351025
591,4,1.9329589892057745e-05,2.0913744755977793e-05,nan
592,1,1.9427405787977895e-05,2.305472433825159e-05,nan
592,2,1.963437411247809e-05,2.2110815233795896e-05,nan
592,3,1.9540534195492548e-05,1.997624679681571e-05,nan
592,4,1.920234489996038e-05,2.0783567796924845e-05,0.2453128599448255
593,1,1.9342125385289484e-05,2.291777412792679e-05,1.0640463687748805
593,2,1.963437411247809e-05,2.2110815233795892e-05,nan
593,3,1.9540534195492545e-05,1.997624679681571e-05,nan
593,4,1.920234489996038e-05,2.0783567796924845e-05,nan
594,1,1.9342125385289484e-05,2.2917774127926785e-05,nan
594,2,1.9510737640678012e-05,2.196921711405859e-05,0.8407683678073866
594,3,1.9540534195492545e-05,1.997624679681571e-05,nan
594,4,1.9202344899960378e-05,2.0783567796924845e-05,nan
595,1,1.934212538528948e-05,2.2917774127926785e-05,nan
595,2,1.9510737640678012e-05,2.196921711405859e-05,nan
595,3,1.9454891225954642e-05,1.9858727437669616e-05,0.665095966507873
595,4,1.9202344899960378e-05,2.078356779692484e-05,nan
596,1,1.934212538528948e-05,2.2917774127926785e-05,nan
596,2,1.951073764067801e-05,2.196921711405859e-05,nan
596,3,1.9454891225954642e-05,1.9858727437669612e-05,nan
596,4,1.907677905150628e-05,2.065503271513934e-05,0.24253230450101262
597,1,1.925764230729814e-05,2.278258505789417e-05,1.0550925114830692
597,2,1.951073764067801e-05,2.1969217114058586e-05,nan
597,3,1.945489122595464e-05,1.9858727437669612e-05,nan
597,4,1.907677905150628e-05,2.065503271513934e-05,nan
598,1,1.925764230729814e-05,2.2782585057894163e-05,nan
598,2,1.938868516832856e-05,2.182943224660147e-05,0.8308401972273061
598,3,1.945489122595464e-05,1.9858727437669612e-05,nan
598,4,1.9076779051506277e-05,2.065503271513934e-05,nan
599,1,1.9257642307298137e-05,2.2782585057894163e-05,nan
599,2,1.938868516832856e-05,2.182943224660147e-05,nan
599,3,1.9370098495218335e-05,1.9742685795690617e-05,0.6603293972161212
599,4,1.9076779051506277e-05,2.0655032715139335e-05,nan
600,1,1.9257642307298137e-05,2.2782585057894163e-05,nan
600,2,1.9388685168328556e-05,2.182943224660147e-05,nan
600,3,1.9370098495218335e-05,1.9742685795690613e-05,nan
600,4,1.895285901945361e-05,2.052810813038638e-05,0.23979927917497937
601,1,1.917394428380384e-05,2.2649121614733657e-05,1.0462613305847652
601,2,1.9388685168328556e-05,2.1829432246601468e-05,nan
601,3,1.937009849521833e-05,1.9742685795690613e-05,nan
601,4,1.895285901945361e-05,2.052810813038638e-05,nan
602,1,1.917394428380384e-05,2.264912161473365e-05,nan
602,2,1.9268185946677177e-05,2.1691425776178694e-05,0.821089623975319
602,3,1.937009849521833e-05,1.9742685795690613e-05,nan
602,4,1.8952859019453606e-05,2.052810813038638e-05,nan
603,1,1.9173944283803837e-05,2.264912161473365e-05,nan
603,2,1.9268185946677177e-05,2.1691425776178694e-05,nan
603,3,1.9286141739346183e-05,1.9628092730846597e-05,0.6556163936495124
603,4,1.8952859019453606e-05,2.0528108130386376e-05,nan
604,1,1.9173944283803837e-05,2.264912161473365e-05,nan
604,2,1.9268185946677173e-05,2.1691425776178694e-05,nan
604,3,1.9286141739346183e-05,1.9628092730846594e-05,nan
604,4,1.883055236056334e-05,2.0402763468732633e-05,0.23711269906689694
605,1,1.9091019322656895e-05,2.2517349260370924e-05,1.0375503470178462
605,2,1.9268185946677173e-05,2.169142577617869e-05,nan
605,3,1.928614173934618e-05,1.9628092730846594e-05,nan
605,4,1.883055236056334e-05,2.0402763468732633e-05,nan
606,1,1.9091019322656895e-05,2.2517349260370917e-05,nan
606,2,1.9149210027552952e-05,2.1555163741553817e-05,0.8115123855180748
606,3,1.928614173934618e-05,1.9628092730846594e-05,nan
606,4,1.8830552360563336e-05,2.0402763468732633e-05,nan
607,1,1.9091019322656892e-05,2.2517349260370917e-05,nan
607,2,1.9149210027552952e-05,2.1555163741553817e-05,nan
607,3,1.9203007043439927e-05,1.9514919887847688e-05,0.6509560924404681
607,4,1.8830552360563336e-05,2.040276346873263e-05,nan
608,1,1.9091019322656892e-05,2.2517349260370917e-05,nan
608,2,1.914921002755295e-05,2.1555163741553817e-05,nan
608,3,1.9203007043439927e-05,1.9514919887847684e-05,nan
608,4,1.870982748624196e-05,2.02789689364772e-05,0.23447151023988716
609,1,1.9008855701209422e-05,2.2387234398333335e-05,1.0289571510046271
609,2,1.914921002755295e-05,2.1555163741553813e-05,nan
609,3,1.9203007043439924e-05,1.9514919887847684e-05,nan
609,4,1.870982748624196e-05,2.02789689364772e-05,nan
610,1,1.9008855701209422e-05,2.2387234398333328e-05,nan
610,2,1.9031728237231356e-05,2.142061304682362e-05,0.8021043478144008
610,3,1.9203007043439924e-05,1.9514919887847684e-05,nan
610,4,1.8709827486241956e-05,2.02789689364772e-05,nan
611,1,1.900885570120942e-05,2.2387234398333328e-05,nan
611,2,1.9031728237231356e-05,2.142061304682362e-05,nan
611,3,1.912068083036395e-05,1.940313966946188e-05,0.6463476495525925
611,4,1.8709827486241956e-05,2.0278968936477196e-05,nan
612,1,1.900885570120942e-05,2.2387234398333328e-05,nan
612,2,1.9031728237231353e-05,2.142061304682362e-05,nan
612,3,1.912068083036395e-05,1.9403139669461876e-05,nan
612,4,1.8590653634355025e-05,2.0156695495099112e-05,0.23187468865959635
613,1,1.8927441958099736e-05,2.2258744341407473e-05,1.0204793995317873
613,2,1.9031728237231353e-05,2.1420613046823617e-05,nan
613,3,1.9120680830363945e-05,1.9403139669461876e-05,nan
613,4,1.8590653634355025e-05,2.0156695495099112e-05,nan
614,1,1.8927441958099736e-05,2.225874434140747e-05,nan
614,2,1.8915712151323834e-05,2.1287741433845713e-05,0.7928615006490736
614,3,1.9120680830363945e-05,1.9403139669461876e-05,nan
614,4,1.8590653634355022e-05,2.0156695495099112e-05,nan
615,1,1.8927441958099732e-05,2.225874434140747e-05,nan
615,2,1.8915712151323834e-05,2.1287741433845713e-05,nan
615,3,1.9039149849918175e-05,1.9292725210921725e-05,0.641790239693587
615,4,1.8590653634355022e-05,2.015669549509911e-05,nan
616,1,1.8927441958099732e-05,2.225874434140747e-05,nan
616,2,1.891571215132383e-05,2.1287741433845713e-05,nan
616,3,1.9039149849918175e-05,1.929272521092172e-05,nan
616,4,1.847300084215707e-05,2.003591483717498e-05,0.22932123917616193
617,1,1.884676688535414e-05,2.213184728063058e-05,1.0121148139430411
617,2,1.891571215132383e-05,2.128774143384571e-05,nan
617,3,1.903914984991817e-05,1.929272521092172e-05,nan
617,4,1.847300084215707e-05,2.003591483717498e-05,nan
618,1,1.884676688535414e-05,2.2131847280630576e-05,nan
618,2,1.8801134070645375e-05,2.1156517455720388e-05,0.7837799531648351
618,3,1.903914984991817e-05,1.929272521092172e-05,nan
618,4,1.8473000842157067e-05,2.003591483717498e-05,nan
619,1,1.8846766885354138e-05,2.2131847280630576e-05,nan
619,2,1.8801134070645375e-05,2.1156517455720388e-05,nan
619,3,1.89584011684393e-05,1.9183650355370146e-05,0.6372830557514004
619,4,1.8473000842157067e-05,2.0035914837174975e-05,nan
620,1,1.8846766885354138e-05,2.2131847280630576e-05,nan
620,2,1.8801134070645372e-05,2.1156517455720388e-05,nan
620,3,1.89584011684393e-05,1.9183650355370143e-05,nan
620,4,1.8356839920286288e-05,1.991659936322284e-05,0.22681019454662307
621,1,1.876681952079131e-05,2.2006512255551923e-05,1.003861177639052
621,2,1.8801134070645372e-05,2.1156517455720385e-05,nan
621,3,1.8958401168439295e-05,1.9183650355370143e-05,nan
621,4,1.8356839920286288e-05,1.991659936322284e-05,nan
622,1,1.876681952079131e-05,2.200651225555192e-05,nan
622,2,1.8687966998015677e-05,2.1026910451279714e-05,0.7748559295832773
622,3,1.8958401168439295e-05,1.9183650355370143e-05,nan
622,4,1.8356839920286285e-05,1.991659936322284e-05,nan
623,1,1.8766819520791306e-05,2.200651225555192e-05,nan
623,2,1.8687966998015677e-05,2.1026910451279714e-05,nan
623,3,1.887842215881037e-05,1.9075889630296303e-05,0.6328253082524927
623,4,1.8356839920286285e-05,1.9916599363222838e-05,nan
624,1,1.8766819520791306e-05,2.200651225555192e-05,nan
624,2,1.8687966998015674e-05,2.1026910451279714e-05,nan
624,3,1.887842215881037e-05,1.90758896302963e-05,nan
624,4,1.8242142427775126e-05,1.9798722159430487e-05,0.2243406144959169
625,1,1.868758914071535e-05,2.1882709125703587e-05,0.9957163338781672
625,2,1.8687966998015674e-05,2.102691045127971e-05,nan
625,3,1.8878422158810365e-05,1.90758896302963e-05,nan
625,4,1.8242142427775126e-05,1.9798722159430487e-05,nan
626,1,1.868758914071535e-05,2.1882709125703583e-05,nan
626,2,1.8576184615951768e-05,2.0898890520539293e-05,0.7660857651052274
626,3,1.8878422158810365e-05,1.90758896302963e-05,nan
626,4,1.8242142427775122e-05,1.9798722159430487e-05,nan
627,1,1.8687589140715348e-05,2.1882709125703583e-05,nan
627,2,1.8576184615951768e-05,2.0898890520539293e-05,nan
627,3,1.8799200490859745e-05,1.8969418224914997e-05,0.628416224841157
627,4,1.8242142427775122e-05,1.9798722159430484e-05,nan
628,1,1.8687589140715348e-05,2.1882709125703583e-05,nan
628,2,1.8576184615951764e-05,2.0898890520539293e-05,nan
628,3,1.8799200490859745e-05,1.8969418224914994e-05,nan
628,4,1.8128880648030526e-05,1.9682256976228703e-05,0.2219115848147949
629,1,1.860906525288438e-05,2.176040854322348e-05,0.9876781836733561
629,2,1.8576184615951764e-05,2.089889052053929e-05,nan
629,3,1.879920049085974e-05,1.8969418224914994e-05,nan
629,4,1.8128880648030526e-05,1.9682256976228703e-05,nan
630,1,1.860906525288438e-05,2.1760408543223477e-05,nan
630,2,1.846576126521213e-05,2.077242850107027e-05,0.757465901981945
630,3,1.879920049085974e-05,1.8969418224914994e-05,nan
630,4,1.8128880648030522e-05,1.9682256976228703e-05,nan
631,1,1.8609065252884375e-05,2.1760408543223477e-05,nan
631,2,1.846576126521213e-05,2.077242850107027e-05,nan
631,3,1.872072412213155e-05,1.8864211968445642e-05,0.6240550497786594
631,4,1.8128880648030522e-05,1.96822569762287e-05,nan
632,1,1.8609065252884375e-05,2.1760408543223477e-05,nan
632,2,1.8465761265212127e-05,2.077242850107027e-05,nan
632,3,1.872072412213155e-05,1.886421196844564e-05,nan
632,4,1.801702756573989e-05,1.9567178207671917e-05,0.21952221649285392
633,1,1.8531237589742025e-05,2.1639581926576422e-05,0.9797446837802698
633,2,1.8465761265212127e-05,2.0772428501070266e-05,nan
633,3,1.8720724122131547e-05,1.886421196844564e-05,nan
633,4,1.801702756573989e-05,1.9567178207671917e-05,nan
634,1,1.8531237589742025e-05,2.163958192657642e-05,nan
634,2,1.835667192415445e-05,2.0647495945251386e-05,0.7489928857492392
634,3,1.8720724122131547e-05,1.886421196844564e-05,nan
634,4,1.8017027565739886e-05,1.9567178207671917e-05,nan
635,1,1.853123758974202e-05,2.163958192657642e-05,nan
635,2,1.835667192415445e-05,2.0647495945251386e-05,nan
635,3,1.8642981289010632e-05,1.8760247309249146e-05,0.6197410434616175
635,4,1.8017027565739886e-05,1.9567178207671914e-05,nan
636,1,1.853123758974202e-05,2.163958192657642e-05,nan
636,2,1.8356671924154447e-05,2.0647495945251386e-05,nan
636,3,1.8642981289010632e-05,1.8760247309249143e-05,nan
636,4,1.7906556844661145e-05,1.945346087159063e-05,0.21717164488525242
637,1,1.8454096101900126e-05,2.152020143532205e-05,0.9719138447716233
637,2,1.8356671924154447e-05,2.0647495945251383e-05,nan
637,3,1.864298128901063e-05,1.8760247309249143e-05,nan
637,4,1.7906556844661145e-05,1.945346087159063e-05,nan
638,1,1.8454096101900126e-05,2.1520201435322047e-05,nan
638,2,1.8248892188871016e-05,2.0524065098362887e-05,0.7406633616165239
638,3,1.864298128901063e-05,1.8760247309249143e-05,nan
638,4,1.7906556844661142e-05,1.945346087159063e-05,nan
639,1,1.8454096101900123e-05,2.1520201435322047e-05,nan
639,2,1.8248892188871016e-05,2.0524065098362887e-05,nan
639,3,1.8565960498185937e-05,1.865750129478322e-05,0.6154734819585471
639,4,1.7906556844661142e-05,1.9453460871590628e-05,nan
640,1,1.8454096101900123e-05,2.1520201435322047e-05,nan
640,2,1.8248892188871012e-05,2.0524065098362887e-05,nan
640,3,1.8565960498185937e-05,1.8657501294783215e-05,nan
640,4,1.7797442806257474e-05,1.9341080590481774e-05,0.21485902891153694
641,1,1.8377630951861288e-05,2.140223994588107e-05,0.964183729193589
641,2,1.8248892188871012e-05,2.0524065098362883e-05,nan
641,3,1.8565960498185933e-05,1.8657501294783215e-05,nan
641,4,1.7797442806257474e-05,1.9341080590481774e-05,nan
642,1,1.8377630951861288e-05,2.1402239945881065e-05,nan
642,2,1.814239825406755e-05,2.0402108877485893e-05,0.7324740710036258
642,3,1.8565960498185933e-05,1.8657501294783215e-05,nan
642,4,1.779744280625747e-05,1.9341080590481774e-05,nan
643,1,1.8377630951861284e-05,2.1402239945881065e-05,nan
643,2,1.814239825406755e-05,2.0402108877485893e-05,nan
643,3,1.8489650518437042e-05,1.855595155233874e-05,0.6112516565635414
643,4,1.779744280625747e-05,1.934108059048177e-05,nan
644,1,1.8377630951861284e-05,2.1402239945881065e-05,nan
644,2,1.8142398254067548e-05,2.0402108877485893e-05,nan
644,3,1.8489650518437042e-05,1.8555951552338736e-05,nan
644,4,1.7689660409139165e-05,1.9230013573104938e-05,0.2125835502852585
645,1,1.8301832507970743e-05,2.1285671028253806e-05,0.9565524498001554
645,2,1.8142398254067548e-05,2.040210887748589e-05,nan
645,3,1.848965051843704e-05,1.8555951552338736e-05,nan
645,4,1.7689660409139165e-05,1.9230013573104938e-05,nan
646,1,1.8301832507970743e-05,2.1285671028253803e-05,nan
646,2,1.8037166894653117e-05,2.028160085117277e-05,0.7244218482183947
646,3,1.848965051843704e-05,1.8555951552338736e-05,nan
646,4,1.768966040913916e-05,1.9230013573104938e-05,nan
647,1,1.830183250797074e-05,2.1285671028253803e-05,nan
647,2,1.8037166894653117e-05,2.028160085117277e-05,nan
647,3,1.8414040372729415e-05,1.8455576270521704e-05,0.6070748733666682
647,4,1.768966040913916e-05,1.9230013573104934e-05,nan
648,1,1.830183250797074e-05,2.1285671028253803e-05,nan
648,2,1.8037166894653113e-05,2.028160085117277e-05,nan
648,3,1.8414040372729415e-05,1.84555762705217e-05,nan
648,4,1.758318522927709e-05,1.9120236596753887e-05,0.2103444127729092
