update_step,landmark_label,cov_x,cov_y,NIS
1,1,0.005445134462733062,0.005445134462733439,5.614305211235382e-31
2,1,0.005437196278454554,0.005400763245258496,nan
2,2,0.005437196278454901,0.005400763245258148,5.668996961778779e-31
3,1,0.005393930437909271,0.005393930437909592,nan
3,2,0.005427487485372732,0.005393930437909256,nan
3,3,0.005393930437909607,0.00542748748537238,1.1788242597139434e-30
4,1,0.005386904648229394,0.005386904648229719,nan
4,2,0.005386904648229719,0.0053869046482293926,nan
4,3,0.005386904648229719,0.0053869046482293926,nan
4,4,0.0053869046482293926,0.00538690464822972,5.686079002225539e-31
5,1,0.003500091598016229,0.003500091598016366,8.011755748025842e-31
5,2,0.005384766380972823,0.005375206151415863,nan
5,3,0.005375206151416182,0.005384766380972504,nan
5,4,0.005384766380972499,0.005384766380972829,nan
6,1,0.0034992274864952375,0.003495185337357391,nan
6,2,0.0034992274864953715,0.003495185337357256,8.01780318145976e-31
6,3,0.005373261900493949,0.005382605909635661,nan
6,4,0.005373261900493628,0.005382605909635983,nan
7,1,0.0034943554537354704,0.0034943554537356022,nan
7,2,0.003498307241961016,0.003494355453735468,nan
7,3,0.0034943554537356035,0.00349830724196088,1.6215409575330644e-30
7,4,0.005371191350291331,0.0053711913502916455,nan
8,1,0.003493516324212872,0.003493516324213005,nan
8,2,0.003493516324213004,0.0034935163242128713,nan
8,3,0.003493516324213004,0.0034935163242128713,nan
8,4,0.0034935163242128717,0.0034935163242130044,8.019860399082826e-31
9,1,0.002588819559120122,0.002588819559120195,9.13498530684156e-31
9,2,0.0034931090352130732,0.0034912347966043734,nan
9,3,0.0034912347966045048,0.003493109035212942,nan
9,4,0.0034931090352129414,0.0034931090352130745,nan
10,1,0.002588600371732719,0.002587570760185186,nan
10,2,0.002588600371732791,0.0025875707601851136,9.136524570438981e-31
10,3,0.00349084513013801,0.0034926994777331136,nan
10,4,0.0034908451301378786,0.003492699477733246,nan
11,1,0.0025873556761229926,0.002587355676123064,nan
11,2,0.0025883744210385817,0.002587355676122992,nan
11,3,0.0025873556761230646,0.0025883744210385092,1.8369636370348465e-30
11,4,0.00349044344001484,0.003490443440014971,nan
12,1,0.0025871393666221294,0.0025871393666222014,nan
12,2,0.002587139366622201,0.0025871393666221294,nan
12,3,0.002587139366622201,0.0025871393666221294,nan
12,4,0.0025871393666221294,0.0025871393666222014,9.137056304082443e-31
13,1,0.002055306586869359,0.0020553065868694044,9.792590845983979e-31
13,2,0.002587011510741871,0.0025864165559532112,nan
13,3,0.0025864165559532823,0.0025870115107417997,nan
13,4,0.0025870115107417997,0.0025870115107418717,nan
14,1,0.002055226827627666,0.002054851281436855,nan
14,2,0.00205522682762771,0.00205485128143681,9.793152053283553e-31
14,3,0.0025862919321381368,0.0025868832195435247,nan
14,4,0.0025862919321380656,0.0025868832195435967,nan
15,1,0.002054772391023349,0.0020547723910233936,nan
15,2,0.0020551456298060224,0.0020547723910233485,nan
15,3,0.002054772391023393,0.0020551456298059773,1.9646534541073712e-30
15,4,0.0025861650605416785,0.00258616506054175,nan
16,1,0.0020546932291250165,0.002054693229125061,nan
16,2,0.0020546932291250603,0.002054693229125016,nan
16,3,0.0020546932291250603,0.0020546932291250156,nan
16,4,0.002054693229125016,0.002054693229125061,9.793346867807505e-31
17,1,0.0017044417843777174,0.0017044417843777482,1.0225065124229198e-30
17,2,0.002054640931551944,0.0020543961784446093,nan
17,3,0.0020543961784446536,0.0020546409315519,nan
17,4,0.0020546409315519,0.0020546409315519453,nan
18,1,0.0017044060683099485,0.0017042376341267578,nan
18,2,0.0017044060683099787,0.0017042376341267268,1.0225316758852632e-30
18,3,0.0020543447473070665,0.002054588514421178,nan
18,4,0.002054344747307022,0.0020545885144212235,nan
19,1,0.001704202172418739,0.0017042021724187695,nan
19,2,0.0017043699295078345,0.0017042021724187385,nan
19,3,0.0017042021724187693,0.001704369929507804,2.0491765830082085e-30
19,4,0.0020542927074319343,0.00205429270743198,nan
20,1,0.0017041666291483213,0.0017041666291483521,nan
20,2,0.0017041666291483517,0.0017041666291483213,nan
20,3,0.001704166629148352,0.0017041666291483211,nan
20,4,0.0017041666291483211,0.0017041666291483528,1.0225404279249575e-30
21,1,0.001456016818591051,0.0014560168185910735,1.0531272549464569e-30
21,2,0.0017041413956332238,0.0017040228981799698,nan
21,3,0.0017040228981800003,0.0017041413956331933,nan
21,4,0.0017041413956331933,0.001704141395633225,nan
22,1,0.001455998496475832,0.0014559119926796673,nan
22,2,0.0014559984964758541,0.0014559119926796447,1.0531401757381849e-30
22,3,0.001703997959745397,0.0017041161207785192,nan
22,4,0.0017039979597453661,0.0017041161207785509,nan
23,1,0.0014558937625121524,0.001455893762512175,nan
23,2,0.001455980021090169,0.0014558937625121526,nan
23,3,0.0014558937625121747,0.001455980021090147,2.1092671656676016e-30
23,4,0.0017039728126926282,0.0017039728126926597,nan
24,1,0.0014558755023628763,0.0014558755023628988,nan
24,2,0.0014558755023628982,0.0014558755023628765,nan
24,3,0.0014558755023628986,0.0014558755023628763,nan
24,4,0.0014558755023628765,0.0014558755023628992,1.0531446735171854e-30
25,1,0.0012708451045149022,0.0012708451045149193,1.0759514319023143e-30
25,2,0.0014558618672643022,0.0014557976920912482,nan
25,3,0.0014557976920912701,0.0014558618672642805,nan
25,4,0.0014558618672642805,0.0014558618672643035,nan
26,1,0.0012708347559022978,0.0012707858552756094,nan
26,2,0.0012708347559023145,0.0012707858552755925,1.0759587349352276e-30
26,3,0.0014557841755360318,0.001455848215384304,nan
26,4,0.0014557841755360097,0.001455848215384327,nan
27,1,0.001270775545225887,0.0012707755452259044,nan
27,2,0.0012708243428527486,0.0012707755452258875,nan
27,3,0.001270775545225904,0.0012708243428527317,2.1541845691903064e-30
27,4,0.0014557705748182092,0.0014557705748182322,nan
28,1,0.0012707652224533135,0.0012707652224533308,nan
28,2,0.0012707652224533302,0.0012707652224533139,nan
28,3,0.0012707652224533304,0.0012707652224533132,nan
28,4,0.0012707652224533132,0.001270765222453331,1.0759612781270385e-30
29,1,0.001127482068834321,0.0011274820688343347,1.0936222911457348e-30
29,2,0.0012707572201832566,0.0012707194968608977,nan
29,3,0.0012707194968609142,0.0012707572201832397,nan
29,4,0.0012707572201832397,0.0012707572201832574,nan
30,1,0.001127475788521007,0.00112744609200616,nan
30,2,0.0011274757885210201,0.0011274460920061467,1.0936267256323769e-30
30,3,0.001270711548339376,0.001270749210246174,nan
30,4,0.001270711548339359,0.0012707492102461918,nan
31,1,0.001127439829755958,0.0011274398297559714,nan
31,2,0.0011274694779653596,0.0011274398297559582,nan
31,3,0.0011274398297559712,0.0011274694779653464,2.1890328704576203e-30
31,4,0.0012707035615423514,0.001270703561542369,nan
32,1,0.0011274335614942892,0.0011274335614943026,nan
32,2,0.0011274335614943022,0.0011274335614942894,nan
32,3,0.0011274335614943024,0.001127433561494289,nan
32,4,0.0011274335614942892,0.0011274335614943028,1.0936282701372782e-30
33,1,0.001013198010580964,0.0010131980105809748,1.107708889532654e-30
33,2,0.0011274285598497353,0.0011274049540939979,nan
33,3,0.0011274049540940109,0.0011274285598497221,nan
33,4,0.0011274285598497223,0.001127428559849736,nan
34,1,0.0010131939809023547,0.0010131749162284823,nan
34,2,0.001013193980902365,0.0010131749162284717,1.1077117361315022e-30
34,3,0.0011273999791821473,0.001127423554369604,nan
34,4,0.0011273999791821343,0.001127423554369618,nan
35,1,0.0010131708957656512,0.001013170895765662,nan
35,2,0.0010131899357688433,0.0010131708957656514,nan
35,3,0.0010131708957656618,0.0010131899357688327,2.2168572214624024e-30
35,4,0.0011273949851901323,0.0011273949851901457,nan
36,1,0.0010131668722151922,0.001013166872215203,nan
36,2,0.0010131668722152026,0.0010131668722151925,nan
36,3,0.0010131668722152029,0.001013166872215192,nan
36,4,0.0010131668722151925,0.0010131668722152033,1.1077127276327335e-30
37,1,0.0009199570795613821,0.000919957079561391,1.119201722116386e-30
37,2,0.0010131635870569958,0.0010131480685044466,nan
37,3,0.001013148068504457,0.0010131635870569851,nan
37,4,0.0010131635870569856,0.0010131635870569964,nan
38,1,0.0009199543763761154,0.0009199415817452358,nan
38,2,0.000919954376376124,0.0009199415817452272,1.1192036323697964e-30
38,3,0.0010131447976502843,0.0010131602998370202,nan
38,4,0.001013144797650274,0.0010131602998370314,nan
39,1,0.0009199388835931632,0.000919938883593172,nan
39,2,0.0009199516647385158,0.0009199388835931633,nan
39,3,0.0009199388835931717,0.000919951664738507,2.2395871146426316e-30
39,4,0.0010131415165687682,0.0010131415165687788,nan
40,1,0.0009199361837458068,0.0009199361837458155,nan
40,2,0.0009199361837458153,0.0009199361837458069,nan
40,3,0.0009199361837458153,0.0009199361837458065,nan
40,4,0.0009199361837458069,0.0009199361837458158,1.1192042977246245e-30
41,1,0.0008424355661829168,0.0008424355661829242,1.1287569867963268e-30
41,2,0.0009199339377100001,0.0009199233202798136,nan
41,3,0.0009199233202798221,0.0009199339377099913,nan
41,4,0.0009199339377099916,0.0009199339377100005,nan
42,1,0.0008424336857124152,0.0008424247818201782,nan
42,2,0.0008424336857124224,0.0008424247818201709,1.1287583160717235e-30
42,3,0.0009199210823645143,0.0009199316904993397,nan
42,4,0.0009199210823645058,0.0009199316904993489,nan
43,1,0.0008424229042555553,0.0008424229042555626,nan
43,2,0.0008424318003562852,0.0008424229042555553,nan
43,3,0.0008424229042555624,0.0008424318003562777,2.2585045191532585e-30
43,4,0.000919918838634888,0.0009199188386348968,nan
44,1,0.0008424210257079384,0.0008424210257079456,nan
44,2,0.0008424210257079456,0.0008424210257079384,nan
44,3,0.0008424210257079454,0.0008424210257079382,nan
44,4,0.0008424210257079384,0.0008424210257079457,1.1287587790483215e-30
45,1,0.0007769663775759612,0.0007769663775759673,1.1368266876865345e-30
45,2,0.000842419438433498,0.0008424119307906587,nan
45,3,0.0008424119307906657,0.0008424194384334905,nan
45,4,0.0008424194384334908,0.0008424194384334981,nan
46,1,0.0007769650292305346,0.0007769586428976307,nan
46,2,0.0007769650292305407,0.0007769586428976245,1.1368276410592886e-30
46,3,0.0008424103483574914,0.000842417850456474,nan
46,4,0.0008424103483574844,0.0008424178504564816,nan
47,1,0.0007769572963091817,0.0007769572963091879,nan
47,2,0.0007769636779281271,0.0007769572963091817,nan
47,3,0.0007769572963091878,0.0007769636779281207,2.2744945177674893e-30
47,4,0.0008424087624539573,0.0008424087624539647,nan
48,1,0.0007769559491242559,0.0007769559491242621,nan
48,2,0.0007769559491242622,0.0007769559491242559,nan
48,3,0.000776955949124262,0.0007769559491242558,nan
48,4,0.0007769559491242558,0.0007769559491242622,1.1368279730925064e-30
49,1,0.0007209410097433602,0.0007209410097433655,1.143732347742705e-30
49,2,0.0007769547957907413,0.000776949338066367,nan
49,3,0.000776949338066373,0.0007769547957907349,nan
49,4,0.0007769547957907349,0.0007769547957907413,nan
50,1,0.0007209400178805808,0.0007209353187259349,nan
50,2,0.0007209400178805861,0.0007209353187259296,1.143733049214793e-30
50,3,0.0007769481877403094,0.0007769536420196404,nan
50,4,0.0007769481877403031,0.0007769536420196468,nan
51,1,0.0007209343279677258,0.0007209343279677311,nan
51,2,0.000720939024157181,0.0007209343279677258,nan
51,3,0.0007209343279677311,0.0007209390241571755,2.2881878791505663e-30
51,4,0.0007769470352563539,0.0007769470352563603,nan
52,1,0.000720933336833394,0.0007209333368333993,nan
52,2,0.0007209333368333993,0.000720933336833394,nan
52,3,0.0007209333368333993,0.0007209333368333937,nan
52,4,0.0007209333368333936,0.000720933336833399,1.1437332935019195e-30
53,1,0.000672453197413853,0.0006724531974138576,1.1497089323108857e-30
53,2,0.0007209324787426965,0.0007209284165389507,nan
53,3,0.000720928416538956,0.000720932478742691,nan
53,4,0.0007209324787426909,0.0007209324787426963,nan
54,1,0.0006724524516070501,0.0006724489173610498,nan
54,2,0.0006724524516070547,0.0006724489173610454,1.1497094598681486e-30
54,3,0.0007209275603831873,0.0007209316203698416,nan
54,4,0.0007209275603831817,0.0007209316203698469,nan
55,1,0.0006724481722722356,0.0006724481722722401,nan
55,2,0.0006724517045898796,0.0006724481722722356,nan
55,3,0.0006724481722722403,0.0006724517045898746,2.300046285193404e-30
55,4,0.000720926702837955,0.0007209267028379605,nan
56,1,0.0006724474269383054,0.0006724474269383099,nan
56,2,0.0006724474269383103,0.0006724474269383054,nan
56,3,0.0006724474269383101,0.0006724474269383053,nan
56,4,0.0006724474269383052,0.0006724474269383099,1.149709643576943e-30
57,1,0.0006300774608184203,0.0006300774608184242,1.1549321453459565e-30
57,2,0.0006724467753594757,0.0006724436897468133,nan
57,3,0.0006724436897468179,0.0006724467753594707,nan
57,4,0.0006724467753594706,0.0006724467753594752,nan
58,1,0.0006300768892694534,0.0006300741802410373,nan
58,2,0.0006300768892694576,0.0006300741802410334,1.154932549708357e-30
58,3,0.0006724430394511045,0.000672446123593179,nan
58,4,0.0006724430394510996,0.0006724461235931836,nan
59,1,0.0006300736091724567,0.0006300736091724606,nan
59,2,0.0006300763169101101,0.0006300736091724567,nan
59,3,0.0006300736091724608,0.0006300763169101058,2.3104154343443222e-30
59,4,0.0006724423882333531,0.0006724423882333579,nan
60,1,0.000630073037939511,0.0006300730379395149,nan
60,2,0.0006300730379395151,0.000630073037939511,nan
60,3,0.0006300730379395151,0.0006300730379395109,nan
60,4,0.0006300730379395107,0.0006300730379395149,1.1549326905078965e-30
61,1,0.0005927264976676181,0.0005927264976676215,6.072300925839133e-05
61,2,0.0006300725343090155,0.0006300701486306995,nan
61,3,0.0006300701486307036,0.0006300725343090113,nan
61,4,0.0006300725343090111,0.0006300725343090153,nan
62,1,0.0005927260523189513,0.0005927239410695411,nan
62,2,0.0005927260523189551,0.0005927239410695376,6.0828149972725056e-05
62,3,0.0006300696458738103,0.0006300720305506708,nan
62,4,0.0006300696458738059,0.0006300720305506748,nan
63,1,0.0005927234960505087,0.0005927234960505123,nan
63,2,0.0005927256064138772,0.0005927234960505088,nan
63,3,0.0005927234960505125,0.0005927256064138735,6.171105561374453e-05
63,4,0.0006300691424887767,0.0006300691424887808,nan
64,1,0.0005927230509184725,0.0005927230509184761,nan
64,2,0.0005927230509184763,0.0005927230509184726,nan
64,3,0.0005927230509184763,0.0005927230509184726,nan
64,4,0.0005927230509184724,0.0005927230509184761,6.18160641611563e-05
65,1,0.0005595564993706105,0.0005595564993706137,0.0010139069483802007
65,2,0.0005927226555220623,0.0005927207820747241,nan
65,3,0.0005927207820747278,0.0005927226555220586,nan
65,4,0.0005927226555220584,0.000592722655522062,nan
66,1,0.0005595561472297488,0.0005595544775761578,nan
66,2,0.0005595561472297523,0.0005595544775761548,0.001015615778045604
66,3,0.000592720387287049,0.0005927222600364341,nan
66,4,0.0005927203872870451,0.0005927222600364375,nan
67,1,0.0005595541256665797,0.0005595541256665829,nan
67,2,0.0005595557946982786,0.0005595541256665799,nan
67,3,0.0005595541256665832,0.0005595557946982756,0.0010296404781463024
67,4,0.0005927199920614485,0.0005927199920614522,nan
68,1,0.0005595537736775787,0.0005595537736775819,nan
68,2,0.0005595537736775821,0.0005595537736775789,nan
68,3,0.0005595537736775822,0.0005595537736775791,nan
68,4,0.0005595537736775788,0.0005595537736775821,0.0010313453492924506
69,1,0.0005299025960849869,0.0005299025960849898,0.0021555113766480657
69,2,0.0005595534589359617,0.0005595519673154252,nan
69,3,0.0005595519673154285,0.0005595534589359586,nan
69,4,0.0005595534589359583,0.0005595534589359617,nan
70,1,0.0005299023139907985,0.0005299009762643364,nan
70,2,0.0005299023139908016,0.0005299009762643336,0.0021587154872810114
70,3,0.0005595516530067804,0.0005595531441308038,nan
70,4,0.0005595516530067769,0.0005595531441308069,nan
71,1,0.0005299006943356664,0.0005299006943356693,nan
71,2,0.0005299020316169334,0.0005299006943356665,nan
71,3,0.0005299006943356696,0.0005299020316169306,0.002185771723416099
71,4,0.0005595513383865101,0.0005595513383865135,nan
72,1,0.0005299004123500713,0.0005299004123500743,nan
72,2,0.0005299004123500746,0.0005299004123500714,nan
72,3,0.0005299004123500746,0.0005299004123500718,nan
72,4,0.0005299004123500715,0.0005299004123500747,0.0021889573169745448
73,1,0.0005032338075889013,0.0005032338075889039,4.0422255617173363e-05
73,2,0.0005299001587044679,0.0005298989563963379,nan
73,3,0.000529898956396341,0.0005299001587044651,nan
73,4,0.0005299001587044649,0.000529900158704468,nan
74,1,0.0005032335789568137,0.0005032324946121832,nan
74,2,0.0005032335789568166,0.0005032324946121807,4.042056208233145e-05
74,3,0.000529898703064388,0.0005298999050127798,nan
74,4,0.0005298987030643849,0.0005298999050127827,nan
75,1,0.0005032322661006623,0.0005032322661006651,nan
75,2,0.0005032333501209132,0.0005032322661006626,nan
75,3,0.0005032322661006653,0.0005032333501209107,4.060532590024082e-05
75,4,0.0005298984495065973,0.0005298984495066005,nan
76,1,0.0005032320375476203,0.0005032320375476232,nan
76,2,0.0005032320375476234,0.0005032320375476207,nan
76,3,0.0005032320375476234,0.0005032320375476209,nan
76,4,0.0005032320375476208,0.0005032320375476236,4.06033048969779e-05
77,1,0.0004791209527808136,0.0004791209527808162,0.000790536592129616
77,2,0.0005032318308653692,0.0005032308509996409,nan
77,3,0.0005032308509996436,0.0005032318308653667,nan
77,4,0.0005032318308653666,0.0005032318308653694,nan
78,1,0.00047912076552342756,0.00047911987730309575,nan
78,2,0.0004791207655234303,0.0004791198773030935,0.0007919474273337275
78,3,0.0005032306445483755,0.0005032316241491433,nan
78,4,0.0005032306445483729,0.000503231624149146,nan
79,1,0.000479119690134941,0.0004791196901349436,nan
79,2,0.0004791205781151387,0.0004791196901349414,nan
79,3,0.00047911969013494384,0.00047912057811513647,0.0008026599491243592
79,4,0.0005032304379307314,0.0005032304379307342,nan
80,1,0.00047911950293601956,0.00047911950293602217,nan
80,2,0.00047911950293602233,0.00047911950293601994,nan
80,3,0.0004791195029360224,0.0004791195029360201,nan
80,4,0.00047911950293602,0.00047911950293602255,0.0008040556512537262
81,1,0.0004572133674732608,0.0004572133674732631,0.0007597321974804154
81,2,0.0004791193328325781,0.00047911852625980906,nan
81,3,0.0004791185262598115,0.00047911933283257586,nan
81,4,0.00047911933283257575,0.0004791193328325783,nan
82,1,0.000457213212639626,0.0004572124781358716,nan
82,2,0.00045721321263962844,0.0004572124781358696,0.0007609453782915279
82,3,0.00047911835632901957,0.0004791191627037174,nan
82,4,0.00047911835632901713,0.0004791191627037198,nan
83,1,0.0004572123233692337,0.00045721232336923604,nan
83,2,0.0004572130576926478,0.00045721232336923403,nan
83,3,0.0004572123233692363,0.00045721305769264584,0.0007703845397900505
83,4,0.00047911818627382753,0.0004791181862738301,nan
84,1,0.0004572121685794703,0.0004572121685794726,nan
84,2,0.00045721216857947273,0.0004572121685794706,nan
84,3,0.0004572121685794729,0.0004572121685794708,nan
84,4,0.0004572121685794706,0.00045721216857947294,0.0007715806102868066
85,1,0.000437221732960444,0.00043722173296044614,0.026288912337992965
85,2,0.0004572120273081742,0.0004572113573545298,nan
85,3,0.0004572113573545321,0.00045721202730817224,nan
85,4,0.0004572120273081721,0.0004572120273081744,nan
86,1,0.00043722160382622714,0.0004372209911754963,nan
86,2,0.0004372216038262295,0.00043722099117549443,0.026323984833057413
86,3,0.0004572112162140348,0.0004572118860176035,nan
86,4,0.0004572112162140326,0.00045721188601760565,nan
87,1,0.00043722086209224415,0.0004372208620922463,nan
87,2,0.00043722147460576057,0.0004372208620922444,nan
87,3,0.0004372208620922466,0.0004372214746057587,0.026609389284999292
87,4,0.00045721107497926386,0.0004572110749792662,nan
88,1,0.000437220732991383,0.0004372207329913852,nan
88,2,0.00043722073299138535,0.0004372207329913833,nan
88,3,0.00043722073299138546,0.0004372207329913835,nan
88,4,0.0004372207329913834,0.0004372207329913855,0.026643790341738298
89,1,0.00041890522246562737,0.0004189052224656293,0.06381563297839644
89,2,0.00043722061469368266,0.0004372200536176161,nan
89,3,0.00043722005361761826,0.0004372206146936808,nan
89,4,0.0004372206146936807,0.00043722061469368283,nan
90,1,0.0004189051139128225,0.0004189045988596806,nan
90,2,0.00041890511391282466,0.00041890459885967886,0.06389323031803391
90,3,0.0004372199354202353,0.0004372204963811871,nan
90,4,0.00043721993542023327,0.00043722049638118913,nan
91,1,0.0004189044903461099,0.00041890449034611186,nan
91,2,0.000418905005293599,0.0004189044903461101,nan
91,3,0.0004189044903461122,0.0004189050052935973,0.06453670896973562
91,4,0.0004372198171505282,0.0004372198171505303,nan
92,1,0.0004189043818189712,0.00041890438181897314,nan
92,2,0.00041890438181897336,0.0004189043818189714,nan
92,3,0.00041890438181897346,0.0004189043818189716,nan
92,4,0.00041890438181897157,0.0004189043818189735,0.06461257142885468
93,1,0.0004020617496135979,0.0004020617496135997,0.01278044800671679
93,2,0.00041890428200864517,0.00041890380856252817,nan
93,3,0.00041890380856253023,0.00041890428200864343,nan
93,4,0.0004189042820086434,0.00041890428200864533,nan
94,1,0.0004020616577001104,0.00040206122155954545,nan
94,2,0.0004020616577001124,0.0004020612215595438,0.012792223516569588
94,3,0.0004189037088300134,0.00041890418218683474,nan
94,4,0.00041890370883001154,0.00041890418218683663,nan
95,1,0.0004020611296765937,0.00040206112967659547,nan
95,2,0.00040206156573491475,0.00040206112967659384,nan
95,3,0.00040206112967659574,0.0004020615657349131,0.012900578777624806
95,4,0.0004189036090413856,0.0004189036090413875,nan
96,1,0.0004020610377830733,0.0004020610377830751,nan
96,2,0.00040206103778307533,0.0004020610377830735,nan
96,3,0.0004020610377830754,0.0004020610377830737,nan
96,4,0.00040206103778307365,0.0004020610377830754,0.01291204181605127
97,1,0.00038652047924507104,0.0003865204792450727,0.047348495359513285
97,2,0.0004020609529853816,0.00040206055070909685,nan
97,3,0.00040206055070909875,0.00040206095298538,nan
97,4,0.00040206095298537994,0.00040206095298538167,nan
98,1,0.0003865204009012156,0.00038652002912152865,nan
98,2,0.0003865204009012174,0.0003865200291215271,0.047395218063748246
98,3,0.0004020604659723847,0.0004020608681786833,nan
98,4,0.00040206046597238295,0.00040206086817868496,nan
99,1,0.00038651995080167913,0.0003865199508016808,nan
99,2,0.0003865203225166983,0.00038651995080167924,nan
99,3,0.000386519950801681,0.0003865203225166968,0.047803337394292635
99,4,0.00040206038119168714,0.0004020603811916888,nan
100,1,0.0003865198724735148,0.0003865198724735165,nan
100,2,0.00038651987247351655,0.0003865198724735149,nan
100,3,0.00038651987247351665,0.00038651987247351503,nan
100,4,0.0003865198724735151,0.00038651987247351665,0.047848728798227644
101,1,0.00037213601099730286,0.00037213601099730443,0.07289337124385659
101,2,0.0003865197999688371,0.00038651945597714687,nan
101,3,0.0003865194559771486,0.0003865197999688356,nan
101,4,0.00038651979996883563,0.0003865197999688372,nan
102,1,0.0003721359438086211,0.00037213562494288303,nan
102,2,0.00037213594380862273,0.00037213562494288157,0.07296120853764634
102,3,0.0003865193835207152,0.00038651972745702885,nan
102,4,0.0003865193835207136,0.0003865197274570305,nan
103,1,0.00037213555777324957,0.00037213555777325114,nan
103,2,0.0003721358765876666,0.0003721355577732497,nan
103,3,0.0003721355577732513,0.0003721358765876652,0.07355838469141808
103,4,0.00038651931102947544,0.000386519311029477,nan
104,1,0.00037213549059701397,0.00037213549059701554,nan
104,2,0.00037213549059701565,0.0003721354905970141,nan
104,3,0.0003721354905970157,0.00037213549059701424,nan
104,4,0.0003721354905970143,0.0003721354905970157,0.07362413241563799
105,1,0.0003587838153772865,0.000358783815377288,0.11539279009141473
105,2,0.00037213542823613465,0.00037213513234473267,nan
105,3,0.0003721351323447343,0.00037213542823613324,nan
105,4,0.0003721354282361333,0.0003721354282361347,nan
106,1,0.0003587837574270197,0.000358783482386932,nan
106,2,0.0003587837574270212,0.00035878348238693064,0.11549524972670124
106,3,0.00037213507002236226,0.00037213536586956023,nan
106,4,0.00037213507002236085,0.0003721353658695617,nan
107,1,0.0003587834244519102,0.0003587834244519116,nan
107,2,0.00035878369945091797,0.00035878342445191025,nan
107,3,0.0003587834244519117,0.0003587836994509166,0.11640002313908852
107,4,0.00037213500767220315,0.00037213500767220456,nan
108,1,0.00035878336651160107,0.0003587833665116025,nan
108,2,0.0003587833665116026,0.0003587833665116011,nan
108,3,0.0003587833665116026,0.00035878336651160123,nan
108,4,0.00035878336651160134,0.00035878336651160264,0.11649910384005853
109,1,0.00034635661855463446,0.00034635661855463576,0.10962566418287509
109,2,0.0003587833125808783,0.00035878305666832275,nan
109,3,0.0003587830566683242,0.0003587833125808769,nan
109,4,0.00035878331258087703,0.00035878331258087833,nan
110,1,0.0003463565683080323,0.0003463563298158739,nan
110,2,0.0003463565683080337,0.00034635632981587267,0.06025403339016997
110,3,0.000358783002768589,0.0003587832586455698,nan
110,4,0.00035878300276858776,0.0003587832586455712,nan
111,1,0.00034635627958157044,0.00034635627958157174,nan
111,2,0.00034635651804058355,0.0003463562795815705,nan
111,3,0.0003463562795815719,0.0003463565180405823,0.10056134664957775
111,4,0.00035878294884648883,0.00035878294884649013,nan
112,1,0.00034635622934299905,0.00034635622934300035,nan
112,2,0.0003463562293430005,0.0003463562293429991,nan
112,3,0.0003463562293430005,0.00034635622934299927,nan
112,4,0.0003463562293429994,0.00034635622934300057,0.0501251286943113
113,1,0.0003347615134859314,0.0003347615134859326,0.0734997882443232
113,2,0.00034635618246476154,0.0003463559600010175,nan
113,3,0.0003463559600010189,0.0003463561824647603,nan
113,4,0.0003463561824647604,0.0003463561824647616,nan
114,1,0.0003347614697043019,0.00033476126188571053,nan
114,2,0.00033476146970430327,0.00033476126188570945,0.030927472053789193
114,3,0.0003463559131479077,0.00034635613558280353,nan
114,4,0.0003463559131479066,0.00034635613558280483,nan
115,1,0.00033476121811407686,0.00033476121811407806,nan
115,2,0.00033476142590572604,0.00033476121811407697,nan
115,3,0.0003347612181140783,0.0003347614259057249,0.04523446469595361
115,4,0.00034635586627665866,0.0003463558662766598,nan
116,1,0.00033476117433897255,0.00033476117433897375,nan
116,2,0.0003347611743389739,0.00033476117433897266,nan
116,3,0.00033476117433897396,0.00033476117433897277,nan
116,4,0.0003347611743389729,0.00033476117433897396,0.0015320289246202733
117,1,0.0003239176326312949,0.000323917632631296,0.008447298448940231
117,2,0.0003347611333971179,0.0003347609390913243,nan
117,3,0.0003347609390913256,0.00033476113339711675,nan
117,4,0.00033476113339711685,0.00033476113339711794,nan
118,1,0.0003239175943074629,0.00032391741238561145,nan
118,2,0.00032391759430746414,0.0003239174123856104,0.010354408981454183
118,3,0.0003347608981699894,0.00033476109245222333,nan
118,4,0.0003347608981699884,0.0003347610924522245,nan
119,1,0.0003239173740699599,0.00032391737406996105,nan
119,2,0.0003239175559697593,0.00032391737406996,nan
119,3,0.0003239173740699612,0.0003239175559697583,0.005990509438863369
119,4,0.0003347608572338391,0.0003347608572338402,nan
120,1,0.0003239173357514666,0.00032391733575146776,nan
120,2,0.0003239173357514679,0.00032391733575146673,nan
120,3,0.0003239173357514679,0.00032391733575146695,nan
120,4,0.00032391733575146695,0.000323917335751468,0.00783906112352739
121,1,0.0003137542588876497,0.00031375425888765076,0.20732834974533612
121,2,0.00032391729983530926,0.0003239171293698968,nan
121,3,0.000323917129369898,0.0003239172998353083,nan
121,4,0.0003239172998353083,0.0003239172998353093,nan
122,1,0.00031375422519700706,0.0003137540652606344,nan
122,2,0.00031375422519700825,0.0003137540652606335,0.2285397333056825
122,3,0.00032391709347060757,0.00032391726391665167,nan
122,4,0.0003239170934706066,0.0003239172639166527,nan
123,1,0.0003137540315767302,0.00031375403157673116,nan
123,2,0.0003137541914949361,0.00031375403157673024,nan
123,3,0.0003137540315767314,0.00031375419149493516,0.03614347838396813
123,4,0.0003239170575591374,0.0003239170575591384,nan
124,1,0.000313753997890484,0.000313753997890485,nan
124,2,0.00031375399789048514,0.00031375399789048406,nan
124,3,0.0003137539978904852,0.0003137539978904843,nan
124,4,0.0003137539978904843,0.0003137539978904852,0.05405166935412379
125,1,0.00030420928139800516,0.0003042092813980061,0.03895771958432674
125,2,0.0003137539662519674,0.0003137538160800245,nan
125,3,0.00031375381608002566,0.0003137539662519665,nan
125,4,0.0003137539662519665,0.00031375396625196744,nan
126,1,0.00030420925166104037,0.0003042091104868628,nan
126,2,0.00030420925166104145,0.00030420911048686196,0.04280848013304051
126,3,0.0003137537844554606,0.0003137539346113818,nan
126,4,0.00031375378445545963,0.0003137539346113827,nan
127,1,0.0003042090807554824,0.00030420908075548336,nan
127,2,0.00030420922191460296,0.0003042090807554825,nan
127,3,0.0003042090807554835,0.00030420922191460215,0.009620732903209115
127,4,0.0003137537528208195,0.00031375375282082044,nan
128,1,0.0003042090510221603,0.00030420905102216127,nan
128,2,0.0003042090510221614,0.0003042090510221604,nan
128,3,0.00030420905102216143,0.00030420905102216056,nan
128,4,0.00030420905102216056,0.00030420905102216143,0.012824673097658022
129,1,0.0002952279249477324,0.0002952279249477333,0.09772917864779844
129,2,0.0003042090230429593,0.0003042088902324116,nan
129,3,0.0003042088902324126,0.0003042090230429585,nan
129,4,0.0003042090230429585,0.00030420902304295936,nan
130,1,0.00029522789860109784,0.0002952277735166696,nan
130,2,0.0002952278986010989,0.0002952277735166689,0.12847645518000403
130,3,0.00030420886226481894,0.00030420899506203606,nan
130,4,0.00030420886226481807,0.00030420899506203693,nan
131,1,0.00029522774717468937,0.00029522774717469035,nan
131,2,0.000295227872246567,0.00029522774717468964,nan
131,3,0.0002952277471746905,0.00029522787224656616,0.01028082745501414
131,4,0.00030420883428884107,0.00030420883428884193,nan
132,1,0.00029522772083109025,0.0002952277208310912,nan
132,2,0.0002952277208310914,0.0002952277208310905,nan
132,3,0.0002952277208310914,0.0002952277208310906,nan
132,4,0.0002952277208310906,0.0002952277208310914,0.03981465784411709
133,1,0.00028676169801755723,0.00028676169801755816,0.10109692720043995
133,2,0.00029522769599710377,0.0002952275781098835,nan
133,3,0.00029522757810988436,0.00029522769599710295,nan
133,4,0.00029522769599710295,0.00029522769599710377,nan
134,1,0.000286761674591546,0.0002867615633684926,nan
134,2,0.0002867616745915471,0.0002867615633684919,0.10768968270806151
134,3,0.00029522755328560777,0.0002952276711616757,nan
134,4,0.00029522755328560696,0.00029522767116167654,nan
135,1,0.0002867615399463814,0.0002867615399463823,nan
135,2,0.00028676165115891706,0.0002867615399463816,nan
135,3,0.0002867615399463825,0.0002867616511589163,0.022036766564936527
135,4,0.00029522752845431645,0.0002952275284543173,nan
136,1,0.0002867615165229132,0.00028676151652291414,nan
136,2,0.00028676151652291435,0.00028676151652291343,nan
136,3,0.0002867615165229143,0.0002867615165229136,nan
136,4,0.0002867615165229135,0.0002867615165229143,0.027147302177375016
137,1,0.00027876751681624873,0.0002787675168162496,0.42042405142973766
137,2,0.0002867614944043312,0.00028676138940193964,nan
137,3,0.0002867613894019405,0.0002867614944043304,nan
137,4,0.0002867614944043303,0.00028676149440433113,nan
138,1,0.0002787674959171273,0.0002787673966873888,nan
138,2,0.0002787674959171284,0.00027876739668738815,0.48968464777708975
138,3,0.0002867613672915231,0.0002867614722845363,nan
138,4,0.00028676136729152224,0.000286761472284537,nan
139,1,0.00027876737579155203,0.0002787673757915529,nan
139,2,0.0002787674750124317,0.00027876737579155225,nan
139,3,0.0002787673757915531,0.000278767475012431,0.06421999206260794
139,4,0.0002867613451752064,0.0002867613451752072,nan
140,1,0.000278767354894572,0.00027876735489457285,nan
140,2,0.00027876735489457306,0.0002787673548945722,nan
140,3,0.00027876735489457306,0.00027876735489457236,nan
140,4,0.0002787673548945723,0.00027876735489457306,0.12839461475658687
141,1,0.0002712069718775893,0.0002712069718775901,0.6655105979135065
141,2,0.0002787673351301829,0.00027876724129933443,nan
141,3,0.0002787672412993353,0.0002787673351301822,nan
141,4,0.00027876733513018215,0.0002787673351301829,nan
142,1,0.0002712069531736394,0.00027120686436329206,nan
142,2,0.00027120695317364046,0.0002712068643632915,0.7814190956074658
142,3,0.000278767221541845,0.0002787673153647685,nan
142,4,0.00027876722154184425,0.0002787673153647692,nan
143,1,0.00027120684566212173,0.00027120684566212254,nan
143,2,0.0002712069344649718,0.000271206845662122,nan
143,3,0.00027120684566212276,0.0002712069344649711,0.09878654695979158
143,4,0.0002787672017793694,0.00027876720177937015,nan
144,1,0.00027120682695998364,0.00027120682695998445,nan
144,2,0.0002712068269599847,0.0002712068269599839,nan
144,3,0.00027120682695998467,0.000271206826959984,nan
144,4,0.00027120682695998396,0.00027120682695998467,0.20730457871242408
145,1,0.00026404571086631153,0.0002640457108663123,0.33345292519581277
145,2,0.00027120680924473396,0.0002712067251384015,nan
145,3,0.00027120672513840225,0.00027120680924473325,nan
145,4,0.0002712068092447332,0.0002712068092447339,nan
146,1,0.0002640456940767271,0.0002640456143533397,nan
146,2,0.00026404569407672814,0.00026404561435333917,0.34784719166376166
146,3,0.0002712067074290086,0.0002712067915286134,nan
146,4,0.00027120670742900786,0.00027120679152861405,nan
147,1,0.00026404559756611803,0.00026404559756611884,nan
147,2,0.00026404567728313184,0.0002640455975661183,nan
147,3,0.000264045597566119,0.00026404567728313113,0.07361178653638221
147,4,0.00027120668971538254,0.0002712066897153833,nan
148,1,0.00026404558077807355,0.00026404558077807437,nan
148,2,0.0002640455807780746,0.0002640455807780738,nan
148,3,0.00026404558077807453,0.0002640455807780739,nan
148,4,0.0002640455807780738,0.0002640455807780746,0.08411585092006998
149,1,0.00025725291666278953,0.0002572529166627903,0.5940634423328708
149,2,0.00026404556485314,0.0002640454892435047,nan
149,3,0.0002640454892435054,0.0002640455648531393,nan
149,4,0.0002640455648531392,0.00026404556485314,nan
150,1,0.00025725290154878904,0.0002572528297792768,nan
150,2,0.00025725290154879007,0.0002572528297792763,0.6405328281640496
150,3,0.0002640454733235644,0.00026404554892746346,nan
150,4,0.00026404547332356374,0.00026404554892746416,nan
151,1,0.00025725281466729334,0.00025725281466729415,nan
151,2,0.00025725288643136404,0.00025725281466729366,nan
151,3,0.0002572528146672943,0.00025725288643136345,0.13179365791693987
151,4,0.0002640454574000146,0.00026404545740001535,nan
152,1,0.00025725279955460733,0.00025725279955460815,nan
152,2,0.00025725279955460836,0.00025725279955460766,nan
152,3,0.0002572527995546083,0.00025725279955460777,nan
152,4,0.00025725279955460766,0.0002572527995546084,0.17197057532490867
153,1,0.00025080086399654014,0.0002508008639965409,0.015812348426245196
153,2,0.0002572527851994254,0.00025725271704009345,nan
153,3,0.0002572527170400941,0.0002572527851994248,nan
153,4,0.0002572527851994247,0.00025725278519942547,nan
154,1,0.00025080085035420835,0.0002508007855708883,nan
154,2,0.0002508008503542094,0.0002508007855708878,0.027926839070868084
154,3,0.00025725270268918627,0.0002572527708436071,nan
154,4,0.0002572527026891856,0.00025725277084360777,nan
155,1,0.00025080077193028556,0.00025080077193028626,nan
155,2,0.0002508008367089409,0.0002508007719302858,nan
155,3,0.0002508007719302865,0.0002508008367089403,0.01970527929299167
155,4,0.0002572526883351885,0.00025725268833518927,nan
156,1,0.00025080075828908037,0.0002508007582890811,nan
156,2,0.0002508007582890814,0.0002508007582890806,nan
156,3,0.0002508007582890813,0.00025080075828908075,nan
156,4,0.0002508007582890807,0.0002508007582890814,0.03210996279881986
157,1,0.0002446645411737673,0.000244664541173768,0.03202460112998584
157,2,0.00025080074531490585,0.0002508006837103879,nan
157,3,0.0002508006837103886,0.0002508007453149052,nan
157,4,0.00025080074531490514,0.00025080074531490585,nan
158,1,0.00024466452882825757,0.000244664470201352,nan
158,2,0.00024466452882825854,0.00024466447020135156,0.023413242740524996
158,3,0.00025080067073988743,0.000250800732340184,nan
158,4,0.00025080067073988683,0.00025080073234018467,nan
159,1,0.0002446644578573301,0.00024466445785733073,nan
159,2,0.00024466451648022134,0.0002446644578573303,nan
159,3,0.00024466445785733095,0.0002446645164802208,0.03797610455740664
159,4,0.00025080065776673027,0.00025080065776673097,nan
160,1,0.0002446644455127896,0.00024466444551279025,nan
160,2,0.0002446644455127905,0.0002446644455127898,nan
160,3,0.00024466444551279046,0.00024466444551279,nan
160,4,0.0002446644455127899,0.0002446644455127906,0.029364692155310564
161,1,0.00023882132601525815,0.00023882132601525874,0.0389327303932504
161,2,0.000244664433757469,0.00024466437793838975,nan
161,3,0.0002446643779383904,0.00024466443375746843,nan
161,4,0.0002446644337574684,0.00024466443375746903,nan
162,1,0.0002388213148160705,0.00023882126163131273,nan
162,2,0.00023882131481607136,0.00023882126163131235,0.0024668518295468643
162,3,0.0002446643661862387,0.0002446644220016761,nan
162,4,0.0002446643661862381,0.0002446644220016767,nan
163,1,0.00023882125043341008,0.00023882125043341064,nan
163,2,0.00023882130361470058,0.00023882125043341027,nan
163,3,0.00023882125043341092,0.00023882130361470004,0.05297422901054485
163,4,0.00024466435443179545,0.0002446643544317961,nan
164,1,0.00023882123923505948,0.00023882123923506005,nan
164,2,0.00023882123923506035,0.00023882123923505967,nan
164,3,0.00023882123923506032,0.0002388212392350598,nan
164,4,0.00023882123923505972,0.00023882123923506035,0.016302908737687045
165,1,0.00023325070715217412,0.00023325070715217463,0.8642106203958722
165,2,0.0002388212285587604,0.0002388211778616143,nan
165,3,0.00023882117786161496,0.00023882122855875985,nan
165,4,0.00023882122855875976,0.0002388212285587604,nan
166,1,0.00023325069696929023,0.0002332506486095919,nan
166,2,0.0002332506969692911,0.00023325064860959158,1.2215726310788828
166,3,0.00023882116718805925,0.00023882121788205217,nan
166,4,0.00023882116718805868,0.00023882121788205271,nan
167,1,0.00023325063842782174,0.00023325063842782225,nan
167,2,0.00023325068678451492,0.00023325063842782192,nan
167,3,0.00023325063842782252,0.00023325068678451435,0.047139257410651024
167,4,0.00023882115651251948,0.0002388211565125201,nan
168,1,0.00023325062824566326,0.00023325062824566378,nan
168,2,0.00023325062824566413,0.00023325062824566345,nan
168,3,0.00023325062824566405,0.00023325062824566356,nan
168,4,0.00023325062824566353,0.00023325062824566413,0.4015165393693313
169,1,0.00022793404344175372,0.0002279340434417542,0.5577680984730504
169,2,0.00023325061852737033,0.00023325057237790856,nan
169,3,0.00023325057237790915,0.00023325061852736976,nan
169,4,0.00023325061852736973,0.00023325061852737033,nan
170,1,0.00022793403416245753,0.00022793399009282697,nan
170,2,0.00022793403416245835,0.00022793399009282661,0.7234822678280496
170,3,0.00023325056266199925,0.0002332506088087217,nan
170,4,0.00023325056266199876,0.00023325060880872227,nan
171,1,0.0002279339808144992,0.00022793398081449973,nan
171,2,0.00022793402488151642,0.00022793398081449938,nan
171,3,0.00022793398081449995,0.00022793402488151588,0.0528482872327557
171,4,0.0002332505529443657,0.00023325055294436627,nan
172,1,0.00022793397153583373,0.00022793397153583425,nan
172,2,0.00022793397153583454,0.0002279339715358339,nan
172,3,0.00022793397153583446,0.000227933971535834,nan
172,4,0.000227933971535834,0.00022793397153583457,0.21696356887808826
173,1,0.0002228543555555471,0.00022285435555554763,0.9817358487020721
173,2,0.0002279339626704594,0.00022793392056999,nan
173,3,0.00022793392056999056,0.00022793396267045885,nan
173,4,0.00022793396267045885,0.00022793396267045942,nan
174,1,0.00022285434708179693,0.00022285430683687427,nan
174,2,0.0002228543470817977,0.00022285430683687392,1.4510079659494237
174,3,0.00022793391170669296,0.00022793395380477492,nan
174,4,0.0002279339117066925,0.0002279339538047755,nan
175,1,0.00022285429836396884,0.00022285429836396936,nan
175,2,0.00022285433860661167,0.000222854298363969,nan
175,3,0.00022285429836396952,0.00022285433860661115,0.04341100427139872
175,4,0.00022793390284189309,0.00022793390284189365,nan
176,1,0.00022285428989076878,0.0002228542898907693,nan
176,2,0.00022285428989076957,0.00022285428989076895,nan
176,3,0.00022285428989076946,0.00022285428989076905,nan
176,4,0.00022285428989076905,0.0002228542898907696,0.5111085514089805
177,1,0.0002179961448301522,0.00021799614483015268,1.9625092120288434
177,2,0.00022285428178676038,0.00022285424330079987,nan
177,3,0.00022285424330080038,0.00022285428178675986,nan
177,4,0.00022285428178675986,0.0002228542817867604,nan
178,1,0.00021799613707639942,0.00021799610025010865,nan
178,2,0.00021799613707640015,0.0002179961002501083,3.0889654569850613
178,3,0.00022285423519860737,0.00022285427368248068,nan
178,4,0.00022285423519860696,0.00022285427368248122,nan
179,1,0.000217996092497095,0.00021799609249709552,nan
179,2,0.0002179961293213909,0.00021799609249709517,nan
179,3,0.00021799609249709565,0.00021799612932139038,0.0681727405351457
179,4,0.000222854227095101,0.00022285422709510152,nan
180,1,0.00021799608474382356,0.00021799608474382408,nan
180,2,0.00021799608474382432,0.00021799608474382373,nan
180,3,0.0002179960847438242,0.0002179960847438238,nan
180,4,0.00021799608474382386,0.00021799608474382432,1.193858036735373
181,1,0.00021334523530856109,0.00021334523530856157,1.0477296609661486
181,2,0.00021799607732117236,0.00021799604207000433,nan
181,3,0.00021799604207000482,0.00021799607732117185,nan
181,4,0.0002179960773211719,0.00021799607732117236,nan
182,1,0.0002133452281999318,0.00021334519443685348,nan
182,2,0.00021334522819993249,0.0002133451944368531,1.3952828397977886
182,3,0.0002179960346489452,0.00021799606989828313,nan
182,4,0.00021799603464894488,0.00021799606989828364,nan
183,1,0.00021334518732887278,0.00021334518732887326,nan
183,2,0.00021334522109020044,0.00021334518732887288,nan
183,3,0.00021334518732887337,0.00021334522109019995,0.07440230900650163
183,4,0.00021799602722673406,0.0002179960272267345,nan
184,1,0.00021334518022066585,0.00021334518022066634,nan
184,2,0.00021334518022066655,0.00021334518022066596,nan
184,3,0.00021334518022066645,0.00021334518022066607,nan
184,4,0.00021334518022066612,0.00021334518022066655,0.4203783459678681
185,1,0.00020888863558076901,0.00020888863558076945,1.4564641740327051
185,2,0.00021334517340924393,0.00021334514106003142,nan
185,3,0.0002133451410600319,0.00021334517340924344,nan
185,4,0.0002133451734092435,0.00021334517340924393,nan
186,1,0.00020888862905154166,0.00020888859803969124,nan
186,2,0.0002088886290515423,0.0002088885980396909,2.1737199084868397
186,3,0.00021334513425000934,0.00021334516659761262,nan
186,4,0.00021334513425000902,0.0002133451665976131,nan
187,1,0.00020888859151103466,0.0002088885915110351,nan
187,2,0.00020888862252134443,0.00020888859151103477,nan
187,3,0.0002088885915110352,0.00020888862252134395,0.060635905471804946
187,4,0.00021334512743897418,0.00021334512743897464,nan
188,1,0.00020888858498217895,0.00020888858498217938,nan
188,2,0.0002088885849821796,0.00020888858498217905,nan
188,3,0.0002088885849821795,0.0002088885849821791,nan
188,4,0.00020888858498217916,0.00020888858498217957,0.7777864069824418
189,1,0.00020461441758750002,0.00020461441758750043,0.9022144237995157
189,2,0.00020888857872034444,0.0002088885489805144,nan
189,3,0.00020888854898051484,0.00020888857872034395,nan
189,4,0.000208888578720344,0.00020888857872034442,nan
190,1,0.00020461441157982644,0.00020461438304458565,nan
190,2,0.00020461441157982704,0.00020461438304458535,1.2842128593412474
190,3,0.00020888854271991402,0.00020888857245832522,nan
190,4,0.0002088885427199137,0.00020888857245832568,nan
191,1,0.0002046143770374157,0.0002046143770374161,nan
191,2,0.00020461440557129702,0.0002046143770374158,nan
191,3,0.0002046143770374162,0.00020461440557129656,0.0496972227627457
191,4,0.0002088885364584204,0.0002088885364584208,nan
192,1,0.00020461437103007002,0.0002046143710300704,nan
192,2,0.00020461437103007062,0.0002046143710300701,nan
192,3,0.0002046143710300705,0.00020461437103007016,nan
192,4,0.00020461437103007018,0.0002046143710300706,0.43147421429480887
193,1,0.00020051161000590257,0.00020051161000590292,0.928266876823061
193,2,0.0002046143652634929,0.0002046143378751662,nan
193,3,0.0002046143378751666,0.00020461436526349243,nan
193,4,0.00020461436526349246,0.00020461436526349286,nan
194,1,0.00020051160446872914,0.00020051157816772727,nan
194,2,0.00020051160446872971,0.00020051157816772702,1.5096672646777864
194,3,0.00020461433210967992,0.0002046143594967524,nan
194,4,0.0002046143321096796,0.00020461435949675283,nan
195,1,0.0002005115726309994,0.00020051157263099972,nan
195,2,0.00020051159893079862,0.00020051157263099948,nan
195,3,0.00020051157263099986,0.0002005115989307982,0.04304983544631692
195,4,0.00020461432634340398,0.00020461432634340438,nan
196,1,0.00020051156709411603,0.00020051156709411635,nan
196,2,0.00020051156709411657,0.0002005115670941161,nan
196,3,0.0002005115670941165,0.00020051156709411614,nan
196,4,0.00020051156709411616,0.00020051156709411654,0.6258704671010347
197,1,0.00019657010421055742,0.00019657010421055774,0.8733875525573425
197,2,0.00020051156177478582,0.000200511536510071,nan
197,3,0.00020051153651007137,0.0002005115617747854,nan
197,4,0.00020051156177478541,0.0002005115617747858,nan
198,1,0.000196570099098712,0.00019657007481749318,nan
198,2,0.00019657009909871252,0.00019657007481749294,1.281193809969043
198,3,0.0002005115311917074,0.0002005115564553108,nan
198,4,0.00020051153119170708,0.0002005115564553112,nan
199,1,0.00019657006970604286,0.00019657006970604318,nan
199,2,0.00019657009398619515,0.00019657006970604294,nan
199,3,0.0001965700697060433,0.00019657009398619472,0.04360145093167183
199,4,0.000200511525872644,0.00020051152587264437,nan
200,1,0.00019657006459445462,0.00019657006459445494,nan
200,2,0.00019657006459445513,0.0001965700645944547,nan
200,3,0.00019657006459445505,0.0001965700645944547,nan
200,4,0.00019657006459445473,0.00019657006459445508,0.4520652241642993
201,1,0.00019278057111265083,0.00019278057111265116,0.8476783753915361
201,2,0.0001965700596798393,0.0001965700363368418,nan
201,3,0.00019657003633684214,0.00019657005967983887,nan
201,4,0.0001965700596798389,0.00019657005967983925,nan
202,1,0.00019278056638606715,0.00019278054393441035,nan
202,2,0.00019278056638606767,0.00019278054393441013,1.1779215214253878
202,3,0.00019657003142308502,0.00019657005476509523,nan
202,4,0.0001965700314230847,0.0001965700547650956,nan
203,1,0.00019278053920817782,0.00019278053920817817,nan
203,2,0.00019278056165888664,0.00019278053920817795,nan
203,3,0.00019278053920817825,0.00019278056165888624,0.05071612622355485
203,4,0.00019657002650870658,0.00019657002650870693,nan
204,1,0.00019278053448182274,0.0001927805344818231,nan
204,2,0.00019278053448182323,0.00019278053448182288,nan
204,3,0.00019278053448182317,0.00019278053448182282,nan
204,4,0.00019278053448182282,0.00019278053448182315,0.38146925773567536
205,1,0.00018913438743698216,0.0001891343874369825,0.8306142189869999
205,2,0.00019278052993415296,0.00019278050833358013,nan
205,3,0.00019278050833358042,0.00019278052993415256,nan
205,4,0.00019278052993415256,0.00019278052993415288,nan
206,1,0.00018913438306003905,0.00018913436226882215,nan
206,2,0.0001891343830600395,0.00018913436226882196,1.1552817338152963
206,3,0.00019278050378667466,0.0001927805253863685,nan
206,4,0.0001927805037866743,0.00019278052538636883,nan
207,1,0.00018913435789219183,0.00018913435789219218,nan
207,2,0.00018913437868256418,0.000189134357892192,nan
207,3,0.00018913435789219224,0.00018913437868256378,0.049364005092436006
207,4,0.00019278049923921565,0.00019278049923921597,nan
208,1,0.00018913435351545233,0.00018913435351545268,nan
208,2,0.00018913435351545281,0.0001891343535154525,nan
208,3,0.00018913435351545273,0.0001891343535154524,nan
208,4,0.0001891343535154524,0.00018913435351545273,0.37481872821818374
209,1,0.00018562357021038395,0.00018562357021038428,0.8687919029585109
209,2,0.00018913434930111072,0.00018913432928337396,nan
209,3,0.0001891343292833742,0.00018913434930111032,nan
209,4,0.00018913434930111032,0.00018913434930111064,nan
210,1,0.00018562356615134043,0.00018562354686985972,nan
210,2,0.00018562356615134092,0.00018562354686985953,1.4405930619070837
210,3,0.0001891343250697142,0.0001891343450866667,nan
210,4,0.0001891343250697139,0.00018913434508666701,nan
211,1,0.00018562354281109546,0.0001856235428110958,nan
211,2,0.0001856235620918222,0.0001856235428110956,nan
211,3,0.00018562354281109582,0.00018562356209182176,0.04330464515218173
211,4,0.0001891343208555606,0.00018913432085556093,nan
212,1,0.00018562353875223374,0.00018562353875223406,nan
212,2,0.00018562353875223423,0.00018562353875223387,nan
212,3,0.0001856235387522341,0.0001856235387522338,nan
212,4,0.00018562353875223382,0.00018562353875223414,0.6174920281832356
213,1,0.00018224071841395283,0.00018224071841395313,0.886663696807736
213,2,0.00018562353484123198,0.0001856235162639661,nan
213,3,0.0001856235162639663,0.00018562353484123155,nan
213,4,0.00018562353484123157,0.0001856235348412319,nan
214,1,0.00018224071464446388,0.00018224069673813565,nan
214,2,0.00018224071464446434,0.00018224069673813546,1.5387677324888598
214,3,0.00018562351235357395,0.0001856235309301385,nan
214,4,0.0001856235123535737,0.00018562353093013885,nan
215,1,0.00018224069296889656,0.00018224069296889688,nan
215,2,0.00018224071087455016,0.0001822406929688967,nan
215,3,0.00018224069296889685,0.00018224071087454975,0.05652600137941593
215,4,0.00018562350844274024,0.00018562350844274057,nan
216,1,0.00018224068919957023,0.00018224068919957056,nan
216,2,0.00018224068919957072,0.00018224068919957037,nan
216,3,0.00018224068919957053,0.00018224068919957032,nan
216,4,0.00018224068919957034,0.00018224068919957064,0.7116102684703248
217,1,0.00017897896090150116,0.00017897896090150145,0.8428333355205858
217,2,0.0001822406855651001,0.00018224066830103318,nan
217,3,0.00018224066830103335,0.0001822406855650997,nan
217,4,0.00018224068556509972,0.0001822406855651,nan
218,1,0.00017897895739620124,0.0001789789407445856,nan
218,2,0.00017897895739620167,0.00017897894074458541,1.448808309589752
218,3,0.00018224066466710918,0.00018224068193054772,nan
218,4,0.000182240664667109,0.00018224068193054804,nan
219,1,0.00017897893723950965,0.00017897893723950995,nan
219,2,0.0001789789538905205,0.00017897893723950976,nan
219,3,0.0001789789372395099,0.00017897895389052009,0.05790886767874831
219,4,0.00018224066103278959,0.0001822406610327899,nan
220,1,0.00017897893373435553,0.00017897893373435583,nan
220,2,0.00017897893373435597,0.00017897893373435564,nan
220,3,0.00017897893373435578,0.00017897893373435556,nan
220,4,0.00017897893373435562,0.00017897893373435594,0.6667083718543733
221,1,0.00017583190981291142,0.0001758319098129117,0.8218308628909394
221,2,0.00017897893035240232,0.00017897891428752136,nan
221,3,0.0001789789142875215,0.0001789789303524019,nan
221,4,0.00017897893035240196,0.0001789789303524023,nan
222,1,0.0001758319065490554,0.000175831891044152,nan
222,2,0.00017583190654905584,0.00017583189104415184,1.393813639307969
222,3,0.00017897891090605842,0.0001789789269703752,nan
222,4,0.00017897891090605826,0.0001789789269703756,nan
223,1,0.00017583188778049716,0.00017583188778049744,nan
223,2,0.00017583190328485733,0.00017583188778049727,nan
223,3,0.00017583188778049744,0.00017583190328485692,0.04301161123381572
223,4,0.00017897890752424032,0.00017897890752424067,nan
224,1,0.0001758318845167721,0.00017583188451677237,nan
224,2,0.0001758318845167726,0.0001758318845167722,nan
224,3,0.00017583188451677237,0.00017583188451677218,nan
224,4,0.0001758318845167722,0.00017583188451677256,0.6178534492073706
225,1,0.00017279361881770657,0.00017279361881770684,0.9169600687247332
225,2,0.00017583188136578094,0.00017583186639774783,nan
225,3,0.000175831866397748,0.00017583188136578053,nan
225,4,0.00017583188136578056,0.0001758318813657809,nan
226,1,0.0001727936157748593,0.00017279360131963384,nan
226,2,0.00017279361577485978,0.0001727936013196337,1.6701782104933236
226,3,0.0001758318632471976,0.00017583187821472316,nan
226,4,0.00017583186324719746,0.00017583187821472354,nan
227,1,0.00017279359827696762,0.0001727935982769679,nan
227,2,0.00017279361273170424,0.00017279359827696776,nan
227,3,0.0001727935982769679,0.00017279361273170383,0.04261371911759254
227,4,0.0001758318600963279,0.00017583186009632822,nan
228,1,0.0001727935952342382,0.00017279359523423847,nan
228,2,0.0001727935952342387,0.00017279359523423833,nan
228,3,0.00017279359523423847,0.0001727935952342383,nan
228,4,0.0001727935952342384,0.00017279359523423869,0.7999594866935811
229,1,0.00016985854561447935,0.00016985854561447962,0.9545068927687919
229,2,0.00017279359229482486,0.00017279357833160537,nan
229,3,0.0001727935783316055,0.00017279359229482446,nan
229,4,0.00017279359229482454,0.00017279359229482484,nan
230,1,0.00016985854277424647,0.0001698585292813534,nan
230,2,0.000169858542774247,0.00016985852928135323,1.860583500584525
230,3,0.00017279357539258928,0.00017279358935535138,nan
230,4,0.0001727935753925892,0.00017279358935535176,nan
231,1,0.00016985852644128374,0.000169858526441284,nan
231,2,0.00016985853993373615,0.00016985852644128385,nan
231,3,0.000169858526441284,0.00016985853993373577,0.07261176236190418
231,4,0.00017279357245328535,0.00017279357245328565,nan
232,1,0.00016985852360115714,0.0001698585236011574,nan
232,2,0.00016985852360115763,0.00016985852360115725,nan
232,3,0.0001698585236011574,0.00016985852360115725,nan
232,4,0.00016985852360115736,0.00016985852360115766,0.9836649432229571
233,1,0.00016702151818857308,0.00016702151818857335,0.9958285831999149
233,2,0.0001698585208558573,0.00016985850781453055,nan
233,3,0.0001698585078145307,0.00016985852085585692,nan
233,4,0.00016985852085585703,0.00016985852085585733,nan
234,1,0.00016702151553436728,0.00016702150292503956,nan
234,2,0.00016702151553436772,0.00016702150292503937,2.027894939402793
234,3,0.00016985850506958934,0.00016985851811050315,nan
234,4,0.0001698585050695893,0.00016985851811050356,nan
235,1,0.00016702150027098113,0.00016702150027098143,nan
235,2,0.00016702151287991085,0.00016702150027098124,nan
235,3,0.00016702150027098138,0.0001670215128799105,0.11948979628384292
235,4,0.00016985850232438825,0.00016985850232438855,nan
236,1,0.0001670214976168713,0.0001670214976168716,nan
236,2,0.00016702149761687175,0.0001670214976168714,nan
236,3,0.00016702149761687154,0.0001670214976168714,nan
236,4,0.00016702149761687148,0.00016702149761687178,1.157118002009245
237,1,0.000164277704395809,0.00016427770439580926,1.0340831058081201
237,2,0.0001670214950499224,0.00016702148285564528,nan
237,3,0.0001670214828556454,0.00016702149504992203,nan
237,4,0.00016702149504992212,0.00016702149504992241,nan
238,1,0.00016427770191264606,0.00016427769011572823,nan
238,2,0.0001642777019126465,0.00016427769011572805,2.1572471861381706
238,3,0.00016702148028902063,0.0001670214924829243,nan
238,4,0.00016702148028902058,0.0001670214924829247,nan
239,1,0.00016427768763269864,0.00016427768763269888,nan
239,2,0.00016427769942925637,0.0001642776876326987,nan
239,3,0.00016427768763269885,0.00016427769942925605,0.16632062899121966
239,4,0.00016702147772216098,0.00016702147772216125,nan
240,1,0.00016427768514962253,0.00016427768514962277,nan
240,2,0.00016427768514962296,0.00016427768514962258,nan
240,3,0.00016427768514962275,0.00016427768514962264,nan
240,4,0.00016427768514962272,0.00016427768514962296,1.2954029662157058
241,1,0.00016162258449594092,0.00016162258449594117,0.8979168193200462
241,2,0.0001642776827467733,0.00016427767133187708,nan
241,3,0.00016427767133187724,0.00016427768274677296,nan
241,4,0.00016427768274677304,0.0001642776827467733,nan
242,1,0.00016162258217026202,0.00016162257112136563,nan
242,2,0.00016162258217026246,0.00016162257112136547,1.7648560036486804
242,3,0.00016427766892932155,0.00016427768034387949,nan
242,4,0.00016427766892932152,0.0001642776803438798,nan
243,1,0.00016162256879580756,0.0001616225687958078,nan
243,2,0.00016162257984437766,0.00016162256879580765,nan
243,3,0.00016162256879580778,0.00016162257984437737,0.06965963793283333
243,4,0.00016427766652655313,0.0001642776665265534,nan
244,1,0.00016162256647020735,0.0001616225664702076,nan
244,2,0.00016162256647020776,0.00016162256647020743,nan
244,3,0.00016162256647020757,0.00016162256647020746,nan
244,4,0.0001616225664702075,0.00016162256647020778,0.9413420757655112
245,1,0.0001590519263074069,0.00015905192630740714,0.9239470170929216
245,2,0.00016162256421855148,0.00016162255352175227,nan
245,3,0.0001616225535217524,0.00016162256421855118,nan
245,4,0.00016162256421855124,0.0001616225642185515,nan
246,1,0.00015905192412692278,0.0001590519137676874,nan
246,2,0.00015905192412692316,0.00015905191376768723,1.8826715364926083
246,3,0.00016162255127036285,0.00016162256196685515,nan
246,4,0.0001616225512703628,0.00016162256196685547,nan
247,1,0.00015905191158731294,0.00015905191158731315,nan
247,2,0.00015905192194625212,0.000159051911587313,nan
247,3,0.00015905191158731315,0.00015905192194625188,0.1037698603604911
247,4,0.00016162254901878027,0.00016162254901878052,nan
248,1,0.00015905190940690021,0.00015905190940690043,nan
248,2,0.00015905190940690057,0.00015905190940690027,nan
248,3,0.00015905190940690043,0.00015905190940690032,nan
248,4,0.0001590519094069004,0.00015905190940690062,1.067585702633719
249,1,0.00015656176269608334,0.00015656176269608356,0.8375889414039516
249,2,0.00015905190729473054,0.00015905189726043715,nan
249,3,0.00015905189726043731,0.0001590519072947303,nan
249,4,0.00015905190729473037,0.0001590519072947306,nan
250,1,0.0001565617606496378,0.00015656175092708266,nan
250,2,0.00015656176064963816,0.00015656175092708253,1.6141961670686837
250,3,0.00015905189514850963,0.00015905190518252416,nan
250,4,0.0001590518951485096,0.00015905190518252445,nan
251,1,0.00015656174888073682,0.00015656174888073704,nan
251,2,0.0001565617586030227,0.0001565617488807369,nan
251,3,0.00015656174888073704,0.00015656175860302246,0.05006983202683876
251,4,0.00015905189303640658,0.0001590518930364068,nan
252,1,0.00015656174683435618,0.0001565617468343564,nan
252,2,0.00015656174683435653,0.00015656174683435626,nan
252,3,0.0001565617468343564,0.0001565617468343563,nan
252,4,0.00015656174683435634,0.00015656174683435656,0.8310113445214504
253,1,0.00015414837114618106,0.00015414837114618128,0.808958498603516
253,2,0.0001565617448510368,0.00015656173542874334,nan
253,3,0.00015656173542874348,0.00015656174485103656,nan
253,4,0.0001565617448510366,0.00015656174485103683,nan
254,1,0.00015414836922363095,0.0001541483600895853,nan
254,2,0.00015414836922363127,0.00015414836008958516,1.5406760719440666
254,3,0.00015656173344564427,0.00015656174286768395,nan
254,4,0.00015656173344564425,0.00015656174286768422,nan
255,1,0.00015414835816712592,0.00015414835816712611,nan
255,2,0.00015414836730092644,0.00015414835816712598,nan
255,3,0.00015414835816712611,0.00015414836730092622,0.041529376505258786
255,4,0.0001565617314623855,0.0001565617314623857,nan
256,1,0.0001541483562446349,0.00015414835624463508,nan
256,2,0.0001541483562446352,0.00015414835624463495,nan
256,3,0.00015414835624463508,0.00015414835624463498,nan
256,4,0.00015414835624463506,0.00015414835624463525,0.7773969149757076
257,1,0.0001518082551920099,0.0001518082551920101,0.8148766219735605
257,2,0.00015414835438048834,0.0001541483455242397,nan
257,3,0.00015414834552423984,0.00015414835438048812,nan
257,4,0.0001541483543804882,0.0001541483543804884,nan
258,1,0.00015180825338411932,0.00015180824479472046,nan
258,2,0.00015180825338411962,0.00015180824479472032,1.6086022285564265
258,3,0.00015414834366029396,0.00015414835251631128,nan
258,4,0.00015414834366029394,0.00015414835251631155,nan
259,1,0.00015180824298691262,0.00015180824298691284,nan
259,2,0.000151808251576088,0.0001518082429869127,nan
259,3,0.0001518082429869128,0.00015180825157608778,0.05762498300237688
259,4,0.00015414834179620264,0.0001541483417962028,nan
260,1,0.00015180824117907592,0.00015180824117907613,nan
260,2,0.00015180824117907622,0.000151808241179076,nan
260,3,0.0001518082411790761,0.000151808241179076,nan
260,4,0.0001518082411790761,0.00015180824117907627,0.8556974145280852
261,1,0.00014953812751581234,0.00014953812751581256,0.7442301662867111
261,2,0.00015180823942528404,0.00015180823109320462,nan
261,3,0.00015180823109320473,0.00015180823942528382,nan
261,4,0.00015180823942528393,0.0001518082394252841,nan
262,1,0.00014953812581415947,0.00014953811772941002,nan
262,2,0.00014953812581415974,0.00014953811772940986,1.3332737550156568
262,3,0.000151808229339596,0.00015180823767146432,nan
262,4,0.00015180822933959597,0.0001518082376714646,nan
263,1,0.00014953811602783264,0.00014953811602783285,nan
263,2,0.0001495381241123781,0.0001495381160278327,nan
263,3,0.00014953811602783283,0.0001495381241123779,0.02137196592633898
263,4,0.0001518082275858545,0.0001518082275858547,nan
264,1,0.00014953811432622896,0.00014953811432622918,nan
264,2,0.00014953811432622923,0.00014953811432622902,nan
264,3,0.00014953811432622915,0.00014953811432622904,nan
264,4,0.00014953811432622915,0.00014953811432622931,0.6140391953656018
265,1,0.00014733489453982882,0.00014733489453982903,0.7152326583192785
265,2,0.00014953811267474513,0.00014953810482862243,nan
265,3,0.00014953810482862257,0.00014953811267474494,nan
265,4,0.00014953811267474505,0.00014953811267474522,nan
266,1,0.00014733489293672336,0.0001473348853200994,nan
266,2,0.0001473348929367236,0.00014733488532009924,1.2109468536350354
266,3,0.00014953810317730609,0.00014953811102323586,nan
266,4,0.00014953810317730609,0.00014953811102323613,nan
267,1,0.00014733488371706296,0.00014733488371706317,nan
267,2,0.0001473348913335004,0.000147334883717063,nan
267,3,0.00014733488371706312,0.0001473348913335002,0.01642164829226611
267,4,0.0001495381015258683,0.00014953810152586847,nan
268,1,0.00014733488211400247,0.0001473348821140027,nan
268,2,0.00014733488211400272,0.00014733488211400253,nan
268,3,0.00014733488211400263,0.0001473348821140025,nan
268,4,0.00014733488211400263,0.0001473348821140028,0.5154619198620114
269,1,0.00014519564236071722,0.00014519564236071744,0.6937421690516781
269,2,0.000147334880557474,0.00014733487316239023,nan
269,3,0.00014733487316239034,0.00014733488055747378,nan
269,4,0.0001473348805574739,0.00014733488055747407,nan
270,1,0.00014519564084912733,0.00014519563366723173,nan
270,2,0.00014519564084912754,0.00014519563366723157,1.0686035410113888
270,3,0.000147334871606015,0.00014733487900092218,nan
270,4,0.000147334871606015,0.00014733487900092247,nan
271,1,0.000145195632155705,0.0001451956321557052,nan
271,2,0.00014519563933742985,0.00014519563215570504,nan
271,3,0.00014519563215570515,0.00014519563933742966,0.021392055256158365
271,4,0.00014733487004952868,0.00014733487004952884,nan
272,1,0.00014519563064415624,0.00014519563064415645,nan
272,2,0.0001451956306441565,0.0001451956306441563,nan
272,3,0.0001451956306441564,0.00014519563064415632,nan
272,4,0.0001451956306441564,0.00014519563064415656,0.39922596525432497
273,1,0.0001431176238918408,0.00014311762389184103,0.6847021747852733
273,2,0.00014519562917585558,0.0001451956221998609,nan
273,3,0.000145195622199861,0.00014519562917585539,nan
273,4,0.00014519562917585547,0.00014519562917585563,nan
274,1,0.00014311762246532826,0.00014311761568758266,nan
274,2,0.00014311762246532853,0.00014311761568758255,0.901065064332893
274,3,0.0001451956207317006,0.0001451956277075335,nan
274,4,0.0001451956207317006,0.00014519562770753375,nan
275,1,0.000143117614261128,0.0001431176142611282,nan
275,2,0.00014311762103871715,0.00014311761426112808,nan
275,3,0.00014311761426112816,0.00014311762103871693,0.05501209264508239
275,4,0.00014519561926343852,0.0001451956192634387,nan
276,1,0.00014311761283465315,0.00014311761283465334,nan
276,2,0.00014311761283465345,0.00014311761283465323,nan
276,3,0.0001431176128346533,0.00014311761283465323,nan
276,4,0.00014311761283465334,0.00014311761283465353,0.27354855096343267
277,1,0.00014109824709411897,0.00014109824709411916,0.8002363477321638
277,2,0.00014311761144841667,0.0001431176048622391,nan
277,3,0.00014311760486223919,0.00014311761144841645,nan
277,4,0.00014311761144841656,0.00014311761144841675,nan
278,1,0.00014109824574678144,0.0001410982393451527,nan
278,2,0.00014109824574678177,0.0001410982393451526,0.6683362841036106
278,3,0.00014311760347613135,0.00014311761006216044,nan
278,4,0.00014311760347613138,0.00014311761006216073,nan
279,1,0.0001410982379978683,0.0001410982379978685,nan
279,2,0.00014109824439935355,0.00014109823799786838,nan
279,3,0.0001410982379978685,0.00014109824439935333,0.2241966396320706
279,4,0.00014311760208993022,0.0001431176020899304,nan
280,1,0.00014109823665056542,0.0001410982366505656,nan
280,2,0.00014109823665056574,0.0001410982366505655,nan
280,3,0.0001410982366505656,0.00014109823665056553,nan
280,4,0.00014109823665056564,0.00014109823665056583,0.09350533725918281
281,1,0.0001391350641894158,0.00013913506418941596,0.7765053393086243
281,2,0.00014109823534073907,0.00014109822911752615,nan
281,3,0.00014109822911752626,0.00014109823534073885,nan
281,4,0.00014109823534073896,0.00014109823534073915,nan
282,1,0.00013913506291583568,0.00013913505686459192,nan
282,2,0.000139135062915836,0.0001391350568645918,0.6732556411799127
282,3,0.00014109822780781803,0.0001410982340308945,nan
282,4,0.00014109822780781806,0.0001410982340308948,nan
283,1,0.00013913505559106062,0.0001391350555910608,nan
283,2,0.00013913506164217257,0.0001391350555910607,nan
283,3,0.0001391350555910608,0.00013913506164217235,0.18448370149273635
283,4,0.0001410982264980241,0.00014109822649802428,nan
284,1,0.00013913505431751235,0.00013913505431751254,nan
284,2,0.00013913505431751267,0.00013913505431751243,nan
284,3,0.00013913505431751254,0.00013913505431751246,nan
284,4,0.00013913505431751257,0.00013913505431751273,0.08268860203959436
285,1,0.00013722576176208222,0.0001372257617620824,1.1125073908881384
285,2,0.00013913505307890312,0.0001391350471939919,nan
285,3,0.00013913504719399202,0.0001391350530789029,nan
285,4,0.000139135053078903,0.00013913505307890317,nan
286,1,0.00013722576055728072,0.000137225754832774,nan
286,2,0.00013722576055728101,0.0001372257548327739,0.9414788249690395
286,3,0.0001391350459554914,0.0001391350518402771,nan
286,4,0.0001391350459554914,0.00013913505184027738,nan
287,1,0.0001372257536280174,0.00013722575362801756,nan
287,2,0.00013722575935240283,0.00013722575362801748,nan
287,3,0.0001372257536280176,0.00013722575935240264,0.882564183824886
287,4,0.00013913504471691195,0.00013913504471691211,nan
288,1,0.00013722575242324517,0.00013722575242324533,nan
288,2,0.00013722575242324547,0.00013722575242324525,nan
288,3,0.00013722575242324536,0.00013722575242324528,nan
288,4,0.00013722575242324536,0.00013722575242324552,0.7153719169011044
289,1,0.00013536815166448823,0.0001353681516644884,0.8907785809954254
289,2,0.0001372257512510779,0.0001372257456817893,nan
289,3,0.00013722574568178942,0.00013722575125107772,nan
289,4,0.0001372257512510778,0.00013722575125107796,nan
290,1,0.00013536815052388442,0.0001353681451043565,nan
290,2,0.00013536815052388467,0.00013536814510435637,0.6825351193844049
290,3,0.00013722574450972214,0.0001372257500788952,nan
290,4,0.00013722574450972214,0.00013722575007889544,nan
291,1,0.00013536814396379406,0.0001353681439637942,nan
291,2,0.00013536814938321025,0.00013536814396379406,nan
291,3,0.0001353681439637942,0.00013536814938321003,0.5153641077533178
291,4,0.0001372257433375823,0.00013722574333758245,nan
292,1,0.00013536814282321722,0.00013536814282321736,nan
292,2,0.0001353681428232175,0.00013536814282321722,nan
292,3,0.00013536814282321736,0.00013536814282321728,nan
292,4,0.00013536814282321736,0.0001353681428232175,0.30924767761433536
293,1,0.00013356016265137562,0.00013356016265137575,0.8483517634004354
293,2,0.0001353681417130959,0.00013536813643855102,nan
293,3,0.00013536813643855115,0.00013536814171309568,nan
293,4,0.00013536814171309576,0.0001353681417130959,nan
294,1,0.0001335601615707499,0.00013356015643615834,nan
294,2,0.00013356016157075018,0.00013356015643615823,0.6139139908254037
294,3,0.000135368135328522,0.0001353681406029603,nan
294,4,0.00013536813532852198,0.0001353681406029605,nan
295,1,0.00013356015535557076,0.0001335601553555709,nan
295,2,0.00013356016049005933,0.0001335601553555708,nan
295,3,0.00013356015535557093,0.0001335601604900591,0.33286646269078807
295,4,0.00013536813421842592,0.00013536813421842606,nan
296,1,0.00013356015427496993,0.00013356015427497007,nan
296,2,0.00013356015427497017,0.00013356015427496996,nan
296,3,0.0001335601542749701,0.00013356015427496996,nan
296,4,0.00013356015427497004,0.00013356015427497017,0.09969219830969131
297,1,0.0001317998326757878,0.00013179983267578793,0.6740940177647046
297,2,0.00013356015322284296,0.00013356014822379876,nan
297,3,0.0001335601482237989,0.00013356015322284274,nan
297,4,0.00013356015322284282,0.00013356015322284296,nan
298,1,0.00013179983165124905,0.00013179982678311145,nan
298,2,0.0001317998316512493,0.00013179982678311134,0.5776760214734099
298,3,0.00013356014717175697,0.0001335601521707028,nan
298,4,0.00013356014717175692,0.00013356015217070303,nan
299,1,0.00013179982575860788,0.00013179982575860802,nan
299,2,0.00013179983062665043,0.0001317998257586079,nan
299,3,0.00013179982575860807,0.00013179983062665027,0.1665724404593561
299,4,0.00013356014611965328,0.00013356014611965342,nan
300,1,0.0001317998247340921,0.00013179982473409223,nan
300,2,0.00013179982473409234,0.00013179982473409213,nan
300,3,0.0001317998247340923,0.00013179982473409218,nan
300,4,0.00013179982473409223,0.00013179982473409237,0.07177370795149092
301,1,0.00013008530178633092,0.00013008530178633106,0.60483144579041
301,2,0.0001317998237362213,0.00013179981899492273,nan
301,3,0.0001317998189949229,0.00013179982373622115,nan
301,4,0.0001317998237362212,0.00013179982373622134,nan
302,1,0.0001300853008142871,0.00013008529619554116,nan
302,2,0.00013008530081428732,0.00013008529619554105,0.5145908187552104
302,3,0.00013179981799713066,0.00013179982273833838,nan
302,4,0.00013179981799713058,0.00013179982273833857,nan
303,1,0.00013008529522352984,0.00013008529522352997,nan
303,2,0.00013008529984218794,0.00013008529522352987,nan
303,3,0.00013008529522353,0.00013008529984218778,0.14588452699411916
303,4,0.00013179981699928131,0.00013179981699928148,nan
304,1,0.00013008529425150722,0.00013008529425150735,nan
304,2,0.00013008529425150744,0.00013008529425150725,nan
304,3,0.00013008529425150738,0.00013008529425150727,nan
304,4,0.0001300852942515073,0.00013008529425150746,0.0568845118494409
305,1,0.00012841480557171083,0.00012841480557171096,0.5300043805899659
305,2,0.00013008529330443987,0.00013008528880448746,nan
305,3,0.0001300852888044876,0.0001300852933044397,nan
305,4,0.00013008529330443974,0.0001300852933044399,nan
306,1,0.00012841480464884236,0.00012841480026372034,nan
306,2,0.00012841480464884257,0.0001284148002637202,0.4722058641516418
306,3,0.0001300852878574929,0.00013008529235736127,nan
306,4,0.0001300852878574928,0.00013008529235736146,nan
307,1,0.00012841479934088193,0.0001284147993408821,nan
307,2,0.00012841480372592274,0.00012841479934088196,nan
307,3,0.00012841479934088212,0.0001284148037259226,0.11841169117471961
307,4,0.00013008528691044535,0.00013008528691044554,nan
308,1,0.00012841479841803308,0.00012841479841803325,nan
308,2,0.00012841479841803333,0.0001284147984180331,nan
308,3,0.00012841479841803327,0.0001284147984180332,nan
308,4,0.00012841479841803317,0.00012841479841803336,0.061707283415263034
309,1,0.00012678666910397228,0.00012678666910397244,0.8056001878634586
309,2,0.00012841479751857682,0.00012841479324480747,nan
309,3,0.00012841479324480763,0.00012841479751857669,nan
309,4,0.00012841479751857666,0.00012841479751857685,nan
310,1,0.00012678666822720842,0.00012678666406112384,nan
310,2,0.0001267866682272087,0.00012678666406112373,0.7535452043048912
310,3,0.00012841479234541856,0.00012841479661911012,nan
310,4,0.00012841479234541845,0.00012841479661911028,nan
311,1,0.0001267866631843878,0.00012678666318438796,nan
311,2,0.00012678666735039726,0.00012678666318438785,nan
311,3,0.00012678666318438804,0.00012678666735039715,0.7233501175771628
311,4,0.00012841479144598056,0.00012841479144598078,nan
312,1,0.00012678666230764212,0.00012678666230764228,nan
312,2,0.0001267866623076424,0.00012678666230764218,nan
312,3,0.00012678666230764237,0.00012678666230764228,nan
312,4,0.00012678666230764223,0.00012678666230764245,0.6758688233680228
313,1,0.00012519930133673407,0.00012519930133673423,0.8482516770715942
313,2,0.00012678666145284228,0.00012678665739122188,nan
313,3,0.00012678665739122207,0.00012678666145284217,nan
313,4,0.0001267866614528421,0.00012678666145284233,nan
314,1,0.00012519930050323134,0.00012519929654267707,nan
314,2,0.00012519930050323158,0.00012519929654267693,0.8110421905050005
314,3,0.00012678665653648443,0.00012678666059803273,nan
314,4,0.00012678665653648432,0.0001267866605980329,nan
315,1,0.0001251992957092001,0.00012519929570920023,nan
315,2,0.00012519929966968473,0.0001251992957092001,nan
315,3,0.0001251992957092003,0.00012519929966968465,0.7955264969040101
315,4,0.00012678665568170147,0.00012678665568170166,nan
316,1,0.00012519929487571417,0.0001251992948757143,nan
316,2,0.0001251992948757144,0.00012519929487571417,nan
316,3,0.0001251992948757144,0.0001251992948757143,nan
316,4,0.00012519929487571428,0.00012519929487571447,0.763317757091822
317,1,0.00012365118991903459,0.00012365118991903472,0.8145302388250965
317,2,0.00012519929406283332,0.00012519929020035988,nan
317,3,0.0001251992902003601,0.00012519929406283324,nan
317,4,0.0001251992940628332,0.0001251992940628334,nan
318,1,0.0001236511891261573,0.00012365118535861353,nan
318,2,0.00012365118912615748,0.00012365118535861337,0.8322555508800217
318,3,0.00012519928938753698,0.00012519929324994353,nan
318,4,0.00012519928938753687,0.0001251992932499437,nan
319,1,0.00012365118456576015,0.00012365118456576028,nan
319,2,0.00012365118833323926,0.00012365118456576012,nan
319,3,0.0001236511845657603,0.00012365118833323918,0.8794955010027452
319,4,0.00012519928857467183,0.000125199288574672,nan
320,1,0.0001236511837728985,0.00012365118377289863,nan
320,2,0.00012365118377289863,0.00012365118377289847,nan
320,3,0.00012365118377289866,0.00012365118377289855,nan
320,4,0.00012365118377289855,0.0001236511837728987,0.9029308865376607
321,1,0.00012214089638925356,0.0001221408963892537,0.7908134633203316
321,2,0.00012365118299939823,0.00012365117932401436,nan
321,3,0.00012365117932401455,0.00012365118299939815,nan
321,4,0.00012365118299939815,0.0001236511829993983,nan
322,1,0.00012214089563455645,0.00012214089204840752,nan
322,2,0.0001221408956345566,0.00012214089204840736,0.8089005569795163
322,3,0.00012365117855056793,0.0001236511822258897,nan
322,4,0.00012365117855056782,0.00012365118222588985,nan
323,1,0.0001221408912937326,0.00012214089129373274,nan
323,2,0.00012214089487982152,0.00012214089129373258,nan
323,3,0.00012214089129373277,0.00012214089487982141,0.8552383034764844
323,4,0.00012365117777708227,0.0001236511777770824,nan
324,1,0.00012214089053905002,0.00012214089053905016,nan
324,2,0.00012214089053905016,0.00012214089053905,nan
324,3,0.00012214089053905018,0.00012214089053905005,nan
324,4,0.00012214089053905007,0.0001221408905390502,0.8787244845484855
325,1,0.00012066705171700484,0.00012066705171700498,0.6231340943160586
325,2,0.0001221408898025742,0.000122140886303088,nan
325,3,0.00012214088630308818,0.0001221408898025741,nan
325,4,0.00012214088980257412,0.00012214088980257425,nan
326,1,0.00012066705099821717,0.00012066704758267625,nan
326,2,0.00012066705099821732,0.0001206670475826761,0.6425320768612173
326,3,0.0001221408855666622,0.00012214088906609068,nan
326,4,0.0001221408855666621,0.00012214088906609084,nan
327,1,0.00012066704686390919,0.00012066704686390933,nan
327,2,0.00012066705027939434,0.00012066704686390919,nan
327,3,0.00012066704686390935,0.00012066705027939423,0.679713009470122
327,4,0.00012214088483019993,0.00012214088483020007,nan
328,1,0.00012066704614513498,0.00012066704614513513,nan
328,2,0.00012066704614513513,0.00012066704614513498,nan
328,3,0.00012066704614513515,0.00012066704614513502,nan
328,4,0.00012066704614513504,0.00012066704614513517,0.7034047931149205
329,1,0.00011922835216395744,0.00011922835216395759,0.6079619248275954
329,2,0.00012066704544349462,0.00012066704210950808,nan
329,3,0.00012066704210950824,0.00012066704544349451,nan
329,4,0.00012066704544349452,0.00012066704544349466,nan
330,1,0.00011922835147896859,0.00011922834822400954,nan
330,2,0.00011922835147896875,0.0001192283482240094,0.6272488788769897
330,3,0.00012066704140791421,0.00012066704474184706,nan
330,4,0.00012066704140791409,0.0001206670447418472,nan
331,1,0.00011922834753903984,0.00011922834753903999,nan
331,2,0.00011922835079394705,0.00011922834753903986,nan
331,3,0.00011922834753904002,0.00011922835079394694,0.6635397668337988
331,4,0.0001206670407062864,0.00012066704070628654,nan
332,1,0.00011922834685406353,0.00011922834685406368,nan
332,2,0.00011922834685406369,0.00011922834685406354,nan
332,3,0.0001192283468540637,0.00011922834685406358,nan
332,4,0.00011922834685406358,0.00011922834685406372,0.6868989497446418
333,1,0.00011782355543728006,0.0001178235554372802,0.5754944964708615
333,2,0.00011922834618522308,0.00011922834300706716,nan
333,3,0.00011922834300706732,0.00011922834618522298,nan
333,4,0.00011922834618522298,0.00011922834618522311,nan
334,1,0.00011782355478412657,0.00011782355168042203,nan
334,2,0.00011782355478412669,0.0001178235516804219,0.5948448713060815
334,3,0.00011922834233826999,0.00011922834551637592,nan
334,4,0.00011922834233826986,0.00011922834551637605,nan
335,1,0.0001178235510272864,0.00011782355102728652,nan
335,2,0.00011782355413094262,0.00011782355102728638,nan
335,3,0.00011782355102728653,0.00011782355413094251,0.6291987683176004
335,4,0.00011922834166944121,0.00011922834166944133,nan
336,1,0.00011782355037414456,0.00011782355037414468,nan
336,2,0.00011782355037414468,0.00011782355037414455,nan
336,3,0.0001178235503741447,0.00011782355037414457,nan
336,4,0.00011782355037414459,0.00011782355037414471,0.6523176098501471
337,1,0.00011645147711185485,0.00011645147711185497,0.5641287908616575
337,2,0.00011782354973620954,0.00011782354670488525,nan
337,3,0.0001178235467048854,0.00011782354973620944,nan
337,4,0.00011782354973620945,0.00011782354973620957,nan
338,1,0.00011645147648870853,0.00011645147352757384,nan
338,2,0.00011645147648870866,0.00011645147352757372,0.5833309264446258
338,3,0.00011782354606699056,0.00011782354909826828,nan
338,4,0.00011782354606699044,0.00011782354909826841,nan
339,1,0.00011645147290444415,0.00011645147290444427,nan
339,2,0.00011645147586553385,0.00011645147290444415,nan
339,3,0.0001164514729044443,0.00011645147586553373,0.6170149037697051
339,4,0.00011782354542906643,0.00011782354542906655,nan
340,1,0.0001164514722813087,0.00011645147228130883,nan
340,2,0.00011645147228130884,0.0001164514722813087,nan
340,3,0.00011645147228130886,0.00011645147228130872,nan
340,4,0.00011645147228130872,0.00011645147228130884,0.6398072840179737
341,1,0.00011511098729960295,0.00011511098729960308,0.5269100500954179
341,2,0.00011645147167251451,0.00011645146877963929,nan
341,3,0.00011645146877963944,0.00011645147167251439,nan
341,4,0.00011645147167251439,0.00011645147167251451,nan
342,1,0.00011511098670476018,0.00011511098387810224,nan
342,2,0.00011511098670476031,0.00011511098387810212,0.546228123499661
342,3,0.00011645146817088269,0.00011645147106371444,nan
342,4,0.00011645146817088255,0.00011645147106371457,nan
343,1,0.00011511098328327495,0.00011511098328327509,nan
343,2,0.00011511098610989097,0.00011511098328327497,nan
343,3,0.00011511098328327512,0.00011511098610989083,0.5776195959552756
343,4,0.0001164514675620986,0.00011645146756209871,nan
344,1,0.00011511098268844231,0.00011511098268844245,nan
344,2,0.00011511098268844246,0.00011511098268844233,nan
344,3,0.00011511098268844247,0.00011511098268844233,nan
344,4,0.00011511098268844235,0.00011511098268844245,0.6002278368507096
345,1,0.00011380100754623617,0.0001138010075462363,0.6936426245917472
345,2,0.00011511098210714383,0.00011511097934490294,nan
345,3,0.0001151109793449031,0.0001151109821071437,nan
345,4,0.00011511098210714373,0.00011511098210714382,nan
346,1,0.00011380100697810808,0.00011380100427837888,nan
346,2,0.00011380100697810821,0.00011380100427837875,0.711166052488733
346,3,0.00011511097876363953,0.00011511098152583984,nan
346,4,0.0001151109787636394,0.00011511098152583996,nan
347,1,0.00011380100371026523,0.00011380100371026536,nan
347,2,0.00011380100640995532,0.00011380100371026523,nan
347,3,0.00011380100371026539,0.0001138010064099552,0.7521608191115408
347,4,0.00011511097818235046,0.00011511097818235055,nan
348,1,0.0001138010031421466,0.00011380100314214673,nan
348,2,0.00011380100314214674,0.0001138010031421466,nan
348,3,0.00011380100314214676,0.00011380100314214662,nan
348,4,0.00011380100314214663,0.00011380100314214673,0.7736829909817536
349,1,0.00011252050793752117,0.00011252050793752131,0.75670153043553
349,2,0.0001138010025868089,0.00011380099994791097,nan
349,3,0.00011380099994791114,0.00011380100258680878,nan
349,4,0.0001138010025868088,0.00011380100258680889,nan
350,1,0.00011252050739462474,0.000112520504814779,nan
350,2,0.00011252050739462488,0.00011252050481477886,0.7734910160169927
350,3,0.00011380099939260604,0.00011380100203146606,nan
350,4,0.00011380099939260592,0.00011380100203146617,nan
351,1,0.00011252050427189605,0.00011252050427189617,nan
351,2,0.00011252050685170527,0.00011252050427189604,nan
351,3,0.0001125205042718962,0.00011252050685170515,0.8176365678815067
351,4,0.00011380099883727712,0.00011380099883727721,nan
352,1,0.00011252050372900844,0.00011252050372900857,nan
352,2,0.00011252050372900859,0.00011252050372900843,nan
352,3,0.00011252050372900859,0.00011252050372900847,nan
352,4,0.00011252050372900847,0.00011252050372900855,0.838594456580631
353,1,0.00011126850439873718,0.0001112685043987373,0.4342731033607161
353,2,0.00011252050319819832,0.00011252050067583494,nan
353,3,0.0001125205006758351,0.0001125205031981982,nan
353,4,0.0001125205031981982,0.00011252050319819828,nan
354,1,0.00011126850387968709,0.00011126850141314361,nan
354,2,0.00011126850387968723,0.00011126850141314349,0.4537926642545319
354,3,0.00011252050014505543,0.00011252050266738336,nan
354,4,0.00011252050014505531,0.00011252050266738344,nan
355,1,0.00011126850089410613,0.00011126850089410624,nan
355,2,0.00011126850336061548,0.00011126850089410612,nan
355,3,0.00011126850089410628,0.00011126850336061536,0.4791548302590891
355,4,0.00011252049961425349,0.00011252049961425356,nan
356,1,0.0001112685003750643,0.00011126850037506441,nan
356,2,0.00011126850037506444,0.00011126850037506429,nan
356,3,0.00011126850037506445,0.00011126850037506432,nan
356,4,0.00011126850037506432,0.00011126850037506439,0.501222321587939
357,1,0.0001100440561724451,0.00011004405617244521,0.46881618144807746
357,2,0.00011126849986744242,0.00011126849745525127,nan
357,3,0.00011126849745525144,0.0001112684998674423,nan
357,4,0.0001112684998674423,0.00011126849986744237,nan
358,1,0.00011004405567594631,0.00011004405331655276,nan
358,2,0.00011004405567594643,0.00011004405331655264,0.48770652767432787
358,3,0.00011126849694765804,0.00011126849935981601,nan
358,4,0.00011126849694765789,0.00011126849935981608,nan
359,1,0.00011004405282006575,0.00011004405282006587,nan
359,2,0.00011004405517942737,0.00011004405282006575,nan
359,3,0.00011004405282006591,0.00011004405517942725,0.5155182112475241
359,4,0.00011126849644004377,0.00011126849644004384,nan
360,1,0.00011004405232357468,0.0001100440523235748,nan
360,2,0.0001100440523235748,0.00011004405232357468,nan
360,3,0.00011004405232357484,0.00011004405232357468,nan
360,4,0.00011004405232357468,0.00011004405232357475,0.537033443499749
361,1,0.0001088462634609814,0.00010884626346098153,0.2536687093839492
361,2,0.00011004405183788853,0.00011004404952991957,nan
361,3,0.00011004404952991974,0.00011004405183788841,nan
361,4,0.00011004405183788841,0.00011004405183788848,nan
362,1,0.00010884626298582236,0.00010884626072782297,nan
362,2,0.00010884626298582247,0.00010884626072782283,0.2750120118674725
362,3,0.00011004404904426025,0.00011004405135219815,nan
362,4,0.00011004404904426009,0.00011004405135219822,nan
363,1,0.00010884626025267494,0.00010884626025267506,nan
363,2,0.00010884626251064446,0.00010884626025267493,nan
363,3,0.00010884626025267508,0.00010884626251064432,0.28520395657815056
363,4,0.0001100440485585812,0.00011004404855858129,nan
364,1,0.00010884625977752312,0.00010884625977752324,nan
364,2,0.00010884625977752323,0.00010884625977752311,nan
364,3,0.00010884625977752326,0.0001088462597775231,nan
364,4,0.0001088462597775231,0.00010884625977752318,0.30814550338330804
365,1,0.00010767426522126124,0.00010767426522126136,0.3090631001287258
365,2,0.00010884625931260052,0.00010884625710328519,nan
365,3,0.00010884625710328534,0.00010884625931260039,nan
365,4,0.00010884625931260039,0.00010884625931260047,nan
366,1,0.00010767426476630766,0.0001076742626043137,nan
366,2,0.00010767426476630778,0.00010767426260431358,0.32929385832242
366,3,0.00010884625663838771,0.00010884625884767392,nan
366,4,0.00010884625663838754,0.000108846258847674,nan
367,1,0.00010767426214937045,0.00010767426214937056,nan
367,2,0.00010767426431133642,0.00010767426214937043,nan
367,3,0.00010767426214937058,0.00010767426431133627,0.3451046722328189
367,4,0.00010884625617347175,0.00010884625617347183,nan
368,1,0.00010767426169442364,0.00010767426169442375,nan
368,2,0.00010767426169442374,0.00010767426169442363,nan
368,3,0.00010767426169442378,0.00010767426169442359,nan
368,4,0.0001076742616944236,0.00010767426169442369,0.36712279695473293
369,1,0.00010652723710053257,0.00010652723710053268,0.3603525683270168
369,2,0.00010767426124916676,0.00010767425913328975,nan
369,3,0.0001076742591332899,0.00010767426124916661,nan
369,4,0.00010767426124916663,0.00010767426124916671,nan
370,1,0.00010652723666472177,0.00010652723459368457,nan
370,2,0.00010652723666472186,0.00010652723459368444,0.37966713468307245
370,3,0.00010767425868805644,0.00010767426080390613,nan
370,4,0.00010767425868805626,0.00010767426080390622,nan
371,1,0.00010652723415788345,0.00010652723415788356,nan
371,2,0.00010652723622889439,0.00010652723415788342,nan
371,3,0.00010652723415788359,0.00010652723622889427,0.3999155470303474
371,4,0.00010767425824280577,0.00010767425824280586,nan
372,1,0.000106527233722079,0.0001065272337220791,nan
372,2,0.00010652723372207908,0.00010652723372207897,nan
372,3,0.00010652723372207913,0.00010652723372207895,nan
372,4,0.00010652723372207897,0.00010652723372207904,0.4211744694515825
373,1,0.00010540438950268143,0.00010540438950268154,0.5548305053867475
373,2,0.00010652723329545894,0.00010652723126813232,nan
373,3,0.00010652723126813248,0.00010652723329545882,nan
373,4,0.00010652723329545883,0.0001065272332954589,nan
374,1,0.00010540438908501709,0.00010540438710020327,nan
374,2,0.00010540438908501718,0.00010540438710020314,0.5719686683851389
374,3,0.0001065272308415344,0.00010652723286883539,nan
374,4,0.00010652723084153423,0.00010652723286883547,nan
375,1,0.00010540438668254801,0.0001054043866825481,nan
375,2,0.0001054043886673372,0.00010540438668254797,nan
375,3,0.00010540438668254815,0.00010540438866733708,0.6052180734348679
375,4,0.00010652723041492018,0.00010652723041492025,nan
376,1,0.00010540438626488963,0.00010540438626488973,nan
376,2,0.0001054043862648897,0.00010540438626488959,nan
376,3,0.00010540438626488977,0.00010540438626488958,nan
376,4,0.00010540438626488959,0.00010540438626488966,0.6250225731719342
377,1,0.00010430496577555618,0.00010430496577555627,0.5204096006447818
377,2,0.00010540438585594142,0.00010540438391258092,nan
377,3,0.0001054043839125811,0.0001054043858559413,nan
377,4,0.00010540438585594131,0.00010540438585594138,nan
378,1,0.00010430496537510356,0.00010430496347207225,nan
378,2,0.00010430496537510362,0.00010430496347207213,0.5376287464655876
378,3,0.00010540438350365353,0.00010540438544698993,nan
378,4,0.00010540438350365334,0.00010540438544699001,nan
379,1,0.00010430496307162815,0.00010430496307162825,nan
379,2,0.00010430496497463634,0.00010430496307162813,nan
379,3,0.0001043049630716283,0.0001043049649746362,0.5688747395632412
379,4,0.00010540438309471078,0.00010540438309471084,nan
380,1,0.00010430496267118112,0.00010430496267118121,nan
380,2,0.00010430496267118121,0.00010430496267118109,nan
380,3,0.00010430496267118126,0.00010430496267118108,nan
380,4,0.00010430496267118108,0.00010430496267118114,0.5885398890600873
381,1,0.00010322824051056536,0.00010322824051056545,0.3904309186770181
381,2,0.00010430496227899917,0.00010430496041530236,nan
381,3,0.00010430496041530254,0.00010430496227899903,nan
381,4,0.00010430496227899903,0.0001043049622789991,nan
382,1,0.0001032282401264469,0.00010322823830102894,nan
382,2,0.00010322824012644699,0.00010322823830102882,0.4086659146841597
382,3,0.00010430496002313995,0.00010430496188681409,nan
382,4,0.00010430496002313974,0.00010430496188681416,nan
383,1,0.0001032282379169185,0.0001032282379169186,nan
383,2,0.00010322823974231475,0.00010322823791691847,nan
383,3,0.00010322823791691864,0.00010322823974231462,0.43147938798969165
383,4,0.00010430495963096307,0.00010430495963096314,nan
384,1,0.0001032282375328053,0.00010322823753280539,nan
384,2,0.00010322823753280538,0.00010322823753280527,nan
384,3,0.00010322823753280543,0.00010322823753280524,nan
384,4,0.00010322823753280523,0.0001032282375328053,0.4515916756423822
385,1,0.00010217351794651959,0.00010217351794651968,0.21781901332817843
385,2,0.00010322823715653907,0.00010322823536846544,nan
385,3,0.0001032282353684656,0.00010322823715653894,nan
385,4,0.00010322823715653892,0.00010322823715653899,nan
386,1,0.00010217351757791091,0.00010217351582618957,nan
386,2,0.00010217351757791098,0.00010217351582618943,0.23801844106609
386,3,0.00010322823499221756,0.0001032282367802699,nan
386,4,0.00010322823499221736,0.00010322823678026996,nan
387,1,0.0001021735154575884,0.00010217351545758849,nan
387,2,0.00010217351720928934,0.00010217351545758835,nan
387,3,0.00010217351545758853,0.00010217351720928922,0.24564188128182596
387,4,0.00010322823461595609,0.00010322823461595616,nan
388,1,0.00010217351508898466,0.00010217351508898476,nan
388,2,0.00010217351508898472,0.00010217351508898462,nan
388,3,0.0001021735150889848,0.0001021735150889846,nan
388,4,0.00010217351508898458,0.00010217351508898465,0.26704750792488363
389,1,0.00010114013047033646,0.00010114013047033656,0.17575529384775854
389,2,0.0001021735147278349,0.00010217351301158733,nan
389,3,0.0001021735130115875,0.00010217351472783478,nan
389,4,0.00010217351472783476,0.00010217351472783483,nan
390,1,0.00010114013011646259,0.00010114012843475594,nan
390,2,0.00010114013011646263,0.0001011401284347558,0.17190042982907738
390,3,0.00010217351265045487,0.0001021735143666824,nan
390,4,0.00010217351265045465,0.00010217351436668245,nan
391,1,0.00010114012808088914,0.00010114012808088922,nan
391,2,0.00010114012976257658,0.00010114012808088909,nan
391,3,0.00010114012808088928,0.00010114012976257647,0.17893581579249088
391,4,0.00010217351228930958,0.00010217351228930965,nan
392,1,0.0001011401277270199,0.00010114012772701998,nan
392,2,0.00010114012772701996,0.00010114012772701985,nan
392,3,0.00010114012772702004,0.00010114012772701985,nan
392,4,0.00010114012772701984,0.0001011401277270199,0.1758807305917557
393,1,0.00010012743720781963,0.0001001274372078197,0.16041314932494985
393,2,0.00010114012738023506,0.00010114012573224293,nan
393,3,0.00010114012573224312,0.00010114012738023495,nan
393,4,0.00010114012738023494,0.000101140127380235,nan
394,1,0.00010012743686795159,0.00010012743525279627,nan
394,2,0.00010012743686795163,0.00010012743525279612,0.13788662075999963
394,3,0.0001011401253854744,0.00010114012703344764,nan
394,4,0.00010114012538547419,0.0001011401270334477,nan
395,1,0.0001001274349129349,0.00010012743491293497,nan
395,2,0.00010012743652807212,0.00010012743491293482,nan
395,3,0.00010012743491293502,0.00010012743652807202,0.1613607306963408
395,4,0.00010114012503869375,0.00010114012503869382,nan
396,1,0.00010012743457307124,0.00010012743457307131,nan
396,2,0.00010012743457307128,0.00010012743457307116,nan
396,3,0.00010012743457307136,0.00010012743457307117,nan
396,4,0.00010012743457307116,0.00010012743457307123,0.1395642140935269
397,1,9.913482269826107e-05,9.913482269826114e-05,0.11123907399456284
397,2,0.00010012743423994413,0.00010012743265684777,nan
397,3,0.00010012743265684797,0.00010012743423994402,nan
397,4,0.00010012743423994401,0.00010012743423994408,nan
398,1,9.913482237171275e-05,9.9134820819849e-05,nan
398,2,9.913482237171278e-05,9.913482081984883e-05,0.1626072334441111
398,3,0.00010012743232373604,0.0001001274339068146,nan
398,4,0.00010012743232373584,0.00010012743390681465,nan
399,1,9.913482049330695e-05,9.913482049330703e-05,nan
399,2,9.913482204515367e-05,9.913482049330687e-05,nan
399,3,9.913482049330708e-05,9.913482204515358e-05,0.16384437432640792
399,4,0.00010012743199061289,0.00010012743199061296,nan
400,1,9.913482016676276e-05,9.913482016676284e-05,nan
400,2,9.91348201667628e-05,9.913482016676267e-05,nan
400,3,9.913482016676288e-05,9.91348201667627e-05,nan
400,4,9.913482016676269e-05,9.913482016676276e-05,0.21639292176110408
401,1,9.816169564710684e-05,9.816169564710692e-05,0.33602433153151473
401,2,9.913481984662759e-05,9.913481832526381e-05,nan
401,3,9.913481832526401e-05,9.913481984662749e-05,nan
401,4,9.913481984662748e-05,9.913481984662755e-05,nan
402,1,9.816169533323208e-05,9.816169384158984e-05,nan
402,2,9.816169533323212e-05,9.816169384158968e-05,0.26239957617660137
402,3,9.913481800514314e-05,9.913481952649014e-05,nan
402,4,9.913481800514295e-05,9.91348195264902e-05,nan
403,1,9.816169352772098e-05,9.816169352772106e-05,nan
403,2,9.81616950193472e-05,9.81616935277209e-05,nan
403,3,9.81616935277211e-05,9.816169501934709e-05,1.3479643139520647
403,4,9.91348176850117e-05,9.913481768501177e-05,nan
404,1,9.816169321385009e-05,9.816169321385017e-05,nan
404,2,9.816169321385014e-05,9.816169321385001e-05,nan
404,3,9.816169321385021e-05,9.816169321385004e-05,nan
404,4,9.816169321385004e-05,9.81616932138501e-05,1.2819653129587383
405,1,9.720748775137426e-05,9.720748775137434e-05,1.742161513237681
405,2,9.816169290607965e-05,9.816169144346849e-05,nan
405,3,9.81616914434687e-05,9.816169290607954e-05,nan
405,4,9.816169290607954e-05,9.816169290607961e-05,nan
406,1,9.720748744956414e-05,9.720748601525034e-05,nan
406,2,9.72074874495642e-05,9.720748601525019e-05,0.46013537136694227
406,3,9.816169113571171e-05,9.816169259830703e-05,nan
406,4,9.816169113571154e-05,9.81616925983071e-05,nan
407,1,9.720748571344577e-05,9.720748571344586e-05,nan
407,2,9.720748714774449e-05,9.720748571344571e-05,nan
407,3,9.720748571344588e-05,9.720748714774436e-05,5.211466215799042
407,4,9.816169082794477e-05,9.816169082794484e-05,nan
408,1,9.720748541163932e-05,9.72074854116394e-05,nan
408,2,9.720748541163938e-05,9.720748541163925e-05,nan
408,3,9.720748541163942e-05,9.720748541163926e-05,nan
408,4,9.720748541163926e-05,9.720748541163933e-05,3.951472468721488
409,1,9.627165259291765e-05,9.627165259291773e-05,0.8080925523536409
409,2,9.720748511564237e-05,9.720748370897484e-05,nan
409,3,9.720748370897502e-05,9.720748511564224e-05,nan
409,4,9.720748511564224e-05,9.720748511564231e-05,nan
410,1,9.627165230259803e-05,9.62716509228848e-05,nan
410,2,9.62716523025981e-05,9.627165092288464e-05,0.34051669978313476
410,3,9.720748341299076e-05,9.720748481964333e-05,nan
410,4,9.720748341299059e-05,9.72074848196434e-05,nan
411,1,9.627165063257039e-05,9.627165063257048e-05,nan
411,2,9.627165201226941e-05,9.627165063257034e-05,nan
411,3,9.62716506325705e-05,9.62716520122693e-05,2.742959778365713
411,4,9.72074831169971e-05,9.720748311699717e-05,nan
412,1,9.627165034225422e-05,9.627165034225432e-05,nan
412,2,9.627165034225428e-05,9.627165034225417e-05,nan
412,3,9.627165034225433e-05,9.627165034225417e-05,nan
412,4,9.627165034225417e-05,9.627165034225424e-05,2.287826948057671
413,1,9.535366459501382e-05,9.535366459501392e-05,0.4193034025026652
413,2,9.62716500574731e-05,9.627164870409988e-05,nan
413,3,9.627164870410004e-05,9.627165005747299e-05,nan
413,4,9.627165005747299e-05,9.627165005747306e-05,nan
414,1,9.535366431564302e-05,9.535366298795676e-05,nan
414,2,9.535366431564308e-05,9.535366298795661e-05,0.28693966260990755
414,3,9.62716484193309e-05,9.627164977269001e-05,nan
414,4,9.627164841933073e-05,9.627164977269008e-05,nan
415,1,9.535366270859088e-05,9.535366270859099e-05,nan
415,2,9.535366403626374e-05,9.535366270859084e-05,nan
415,3,9.5353662708591e-05,9.535366403626362e-05,1.6368896407557785
415,4,9.627164813455288e-05,9.627164813455293e-05,nan
416,1,9.535366242922333e-05,9.535366242922343e-05,nan
416,2,9.53536624292234e-05,9.535366242922328e-05,nan
416,3,9.535366242922345e-05,9.535366242922328e-05,nan
416,4,9.535366242922331e-05,9.535366242922337e-05,1.512413301587169
417,1,9.445301803808082e-05,9.445301803808093e-05,0.16115048799465828
417,2,9.535366215513183e-05,9.535366085255265e-05,nan
417,3,9.535366085255281e-05,9.53536621551317e-05,nan
417,4,9.535366215513173e-05,9.535366215513178e-05,nan
418,1,9.445301776914753e-05,9.445301649105888e-05,nan
418,2,9.445301776914759e-05,9.445301649105871e-05,0.25340788514447604
418,3,9.535366057847258e-05,9.535366188103843e-05,nan
418,4,9.535366057847245e-05,9.535366188103851e-05,nan
419,1,9.445301622213023e-05,9.445301622213034e-05,nan
419,2,9.445301750020623e-05,9.445301622213016e-05,nan
419,3,9.445301622213033e-05,9.445301750020612e-05,0.6813977564307621
419,4,9.5353660304384e-05,9.535366030438407e-05,nan
420,1,9.445301595320002e-05,9.445301595320013e-05,nan
420,2,9.445301595320006e-05,9.445301595319995e-05,nan
420,3,9.445301595320012e-05,9.445301595319995e-05,nan
420,4,9.445301595319998e-05,9.445301595320005e-05,0.7774660496343885
421,1,9.356922613065668e-05,9.356922613065679e-05,0.12765678677112635
421,2,9.445301568930119e-05,9.445301443515531e-05,nan
421,3,9.445301443515548e-05,9.445301568930108e-05,nan
421,4,9.445301568930111e-05,9.445301568930118e-05,nan
422,1,9.3569225871678e-05,9.356922464089239e-05,nan
422,2,9.356922587167802e-05,9.356922464089223e-05,0.32950712217298944
422,3,9.445301417126733e-05,9.44530154254006e-05,nan
422,4,9.44530141712672e-05,9.44530154254007e-05,nan
423,1,9.356922438191809e-05,9.356922438191817e-05,nan
423,2,9.35692256126917e-05,9.3569224381918e-05,nan
423,3,9.356922438191817e-05,9.356922561269159e-05,0.36816974362306765
423,4,9.445301390737129e-05,9.445301390737136e-05,nan
424,1,9.35692241229423e-05,9.356922412294238e-05,nan
424,2,9.356922412294232e-05,9.356922412294222e-05,nan
424,3,9.356922412294238e-05,9.356922412294221e-05,nan
424,4,9.356922412294226e-05,9.356922412294233e-05,0.5721021210649087
425,1,9.270182013205208e-05,9.270182013205216e-05,0.15609157196026952
425,2,9.356922386876673e-05,9.356922266082382e-05,nan
425,3,9.356922266082398e-05,9.356922386876662e-05,nan
425,4,9.356922386876668e-05,9.356922386876674e-05,nan
426,1,9.270181988257162e-05,9.270181869692077e-05,nan
426,2,9.270181988257163e-05,9.27018186969206e-05,0.26327298439488744
426,3,9.356922240665854e-05,9.356922361458952e-05,nan
426,4,9.356922240665842e-05,9.356922361458964e-05,nan
427,1,9.270181844744447e-05,9.270181844744453e-05,nan
427,2,9.270181963308396e-05,9.270181844744437e-05,nan
427,3,9.270181844744455e-05,9.270181963308385e-05,0.2944871751629132
427,4,9.356922215248564e-05,9.35692221524857e-05,nan
428,1,9.270181819796675e-05,9.270181819796682e-05,nan
428,2,9.270181819796677e-05,9.270181819796666e-05,nan
428,3,9.270181819796684e-05,9.270181819796666e-05,nan
428,4,9.270181819796673e-05,9.270181819796678e-05,0.4030839283929224
429,1,9.185034852335457e-05,9.185034852335464e-05,0.1224198534193334
429,2,9.270181795307075e-05,9.270181678922258e-05,nan
429,3,9.270181678922276e-05,9.270181795307064e-05,nan
429,4,9.27018179530707e-05,9.270181795307076e-05,nan
430,1,9.185034828294085e-05,9.185034714037464e-05,nan
430,2,9.18503482829409e-05,9.185034714037452e-05,0.22400604095454668
430,3,9.270181654433633e-05,9.270181770817318e-05,nan
430,4,9.270181654433622e-05,9.27018177081733e-05,nan
431,1,9.185034689996487e-05,9.185034689996494e-05,nan
431,2,9.185034804252036e-05,9.185034689996482e-05,nan
431,3,9.185034689996498e-05,9.185034804252024e-05,0.28654216523228865
431,4,9.270181629944284e-05,9.27018162994429e-05,nan
432,1,9.185034665955376e-05,9.185034665955383e-05,nan
432,2,9.18503466595538e-05,9.18503466595537e-05,nan
432,3,9.185034665955387e-05,9.185034665955368e-05,nan
432,4,9.185034665955375e-05,9.18503466595538e-05,0.3896336895263167
433,1,9.1014376223704e-05,9.101437622370407e-05,0.31875773696581994
433,2,9.18503464235177e-05,9.185034530177049e-05,nan
433,3,9.185034530177065e-05,9.185034642351758e-05,nan
433,4,9.185034642351765e-05,9.18503464235177e-05,nan
434,1,9.101437599194887e-05,9.101437489052793e-05,nan
434,2,9.101437599194891e-05,9.101437489052781e-05,0.27979698067192155
434,3,9.185034506574363e-05,9.185034618748013e-05,nan
434,4,9.185034506574351e-05,9.185034618748025e-05,nan
435,1,9.101437465877652e-05,9.10143746587766e-05,nan
435,2,9.101437576018734e-05,9.101437465877648e-05,nan
435,3,9.101437465877664e-05,9.101437576018721e-05,0.3048907705887786
435,4,9.185034482970992e-05,9.185034482970998e-05,nan
436,1,9.101437442702386e-05,9.101437442702394e-05,nan
436,2,9.10143744270239e-05,9.101437442702382e-05,nan
436,3,9.101437442702398e-05,9.101437442702378e-05,nan
436,4,9.101437442702384e-05,9.10143744270239e-05,0.26625239629566544
437,1,9.019348384898045e-05,9.019348384898053e-05,1.7713806651977997
437,2,9.101437419945065e-05,9.101437311791778e-05,nan
437,3,9.101437311791794e-05,9.101437419945053e-05,nan
437,4,9.10143741994506e-05,9.101437419945065e-05,nan
438,1,9.01934836254976e-05,9.019348256338635e-05,nan
438,2,9.019348362549765e-05,9.019348256338625e-05,0.576274568989202
438,3,9.101437289035329e-05,9.101437397187599e-05,nan
438,4,9.101437289035315e-05,9.101437397187611e-05,nan
439,1,9.0193482339907e-05,9.019348233990709e-05,nan
439,2,9.019348340200867e-05,9.019348233990698e-05,nan
439,3,9.019348233990713e-05,9.019348340200855e-05,1.8169258266785953
439,4,9.101437266278227e-05,9.101437266278233e-05,nan
440,1,9.019348211642646e-05,9.019348211642656e-05,nan
440,2,9.019348211642652e-05,9.019348211642645e-05,nan
440,3,9.01934821164266e-05,9.01934821164264e-05,nan
440,4,9.019348211642646e-05,9.019348211642652e-05,0.6201155810789984
441,1,8.938726701025125e-05,8.938726701025134e-05,1.3166969215152637
441,2,9.019348189694021e-05,9.019348085383564e-05,nan
441,3,9.019348085383579e-05,9.019348189694009e-05,nan
441,4,9.019348189694015e-05,9.019348189694021e-05,nan
442,1,8.938726679467484e-05,8.938726577013514e-05,nan
442,2,8.93872667946749e-05,8.938726577013503e-05,0.5264469062895036
442,3,9.019348063435763e-05,9.019348167745256e-05,nan
442,4,9.019348063435748e-05,9.019348167745268e-05,nan
443,1,8.938726555456204e-05,8.938726555456213e-05,nan
443,2,8.938726657909269e-05,8.938726555456203e-05,nan
443,3,8.938726555456218e-05,8.938726657909256e-05,1.2865718254210874
443,4,9.01934804148734e-05,9.019348041487347e-05,nan
444,1,8.938726533898783e-05,8.938726533898793e-05,nan
444,2,8.938726533898789e-05,8.938726533898782e-05,nan
444,3,8.938726533898797e-05,8.938726533898775e-05,nan
444,4,8.938726533898782e-05,8.938726533898789e-05,0.4951132231762045
445,1,8.859533564951106e-05,8.859533564951116e-05,0.9829962496485862
445,2,8.938726512723247e-05,8.938726412086448e-05,nan
445,3,8.938726412086463e-05,8.938726512723233e-05,nan
445,4,8.93872651272324e-05,8.938726512723247e-05,nan
446,1,8.859533544149452e-05,8.85953344528796e-05,nan
446,2,8.859533544149457e-05,8.85953344528795e-05,0.32996583911034416
446,3,8.938726390911692e-05,8.938726491547576e-05,nan
446,4,8.938726390911677e-05,8.93872649154759e-05,nan
447,1,8.859533424486619e-05,8.859533424486628e-05,nan
447,2,8.859533523347253e-05,8.859533424486617e-05,nan
447,3,8.859533424486632e-05,8.859533523347241e-05,0.9765597922465475
447,4,8.938726369736348e-05,8.938726369736355e-05,nan
448,1,8.859533403685174e-05,8.859533403685184e-05,nan
448,2,8.859533403685178e-05,8.859533403685173e-05,nan
448,3,8.859533403685188e-05,8.859533403685166e-05,nan
448,4,8.859533403685173e-05,8.85953340368518e-05,0.3226161528815813
449,1,8.78173134104226e-05,8.78173134104227e-05,0.9287171449775883
449,2,8.859533383248985e-05,8.859533286125534e-05,nan
449,3,8.859533286125549e-05,8.859533383248973e-05,nan
449,4,8.85953338324898e-05,8.859533383248986e-05,nan
450,1,8.781731320963743e-05,8.78173122553864e-05,nan
450,2,8.781731320963747e-05,8.781731225538629e-05,0.30157851505614897
450,3,8.859533265690087e-05,8.85953336281267e-05,nan
450,4,8.859533265690071e-05,8.859533362812684e-05,nan
451,1,8.781731205460418e-05,8.781731205460429e-05,nan
451,2,8.781731300884709e-05,8.781731205460418e-05,nan
451,3,8.781731205460433e-05,8.781731300884697e-05,0.9263224347148061
451,4,8.85953324525408e-05,8.859533245254087e-05,nan
452,1,8.781731185382098e-05,8.781731185382109e-05,nan
452,2,8.781731185382104e-05,8.781731185382098e-05,nan
452,3,8.781731185382113e-05,8.781731185382091e-05,nan
452,4,8.7817311853821e-05,8.781731185382106e-05,0.29831313178299373
453,1,8.705283704192512e-05,8.705283704192523e-05,0.7880076617381474
453,2,8.781731165653271e-05,8.781731071891174e-05,nan
453,3,8.781731071891189e-05,8.781731165653259e-05,nan
453,4,8.781731165653267e-05,8.781731165653274e-05,nan
454,1,8.70528368480598e-05,8.705283592669246e-05,nan
454,2,8.705283684805984e-05,8.705283592669235e-05,0.2277621038054188
454,3,8.78173105216305e-05,8.781731145924322e-05,nan
454,4,8.781731052163038e-05,8.781731145924337e-05,nan
455,1,8.705283573282992e-05,8.705283573283002e-05,nan
455,2,8.705283665418957e-05,8.705283573282991e-05,nan
455,3,8.705283573283007e-05,8.705283665418946e-05,0.7968636574954404
455,4,8.781731032434397e-05,8.781731032434402e-05,nan
456,1,8.705283553896649e-05,8.705283553896658e-05,nan
456,2,8.705283553896651e-05,8.705283553896647e-05,nan
456,3,8.705283553896663e-05,8.70528355389664e-05,nan
456,4,8.70528355389665e-05,8.705283553896655e-05,0.23585753937317505
457,1,8.630155583272507e-05,8.630155583272517e-05,0.8424694442144343
457,2,8.705283534844837e-05,8.705283444299931e-05,nan
457,3,8.705283444299947e-05,8.705283534844826e-05,nan
457,4,8.705283534844835e-05,8.70528353484484e-05,nan
458,1,8.630155564548405e-05,8.6301554755596e-05,nan
458,2,8.630155564548408e-05,8.630155475559591e-05,0.25820634936779135
458,3,8.705283425248791e-05,8.705283515792912e-05,nan
458,4,8.705283425248778e-05,8.705283515792927e-05,nan
459,1,8.630155456835765e-05,8.630155456835772e-05,nan
459,2,8.630155545823835e-05,8.630155456835763e-05,nan
459,3,8.630155456835779e-05,8.630155545823824e-05,0.8463870109752303
459,4,8.705283406197145e-05,8.70528340619715e-05,nan
460,1,8.63015543811184e-05,8.630155438111847e-05,nan
460,2,8.630155438111842e-05,8.630155438111838e-05,nan
460,3,8.630155438111854e-05,8.630155438111831e-05,nan
460,4,8.630155438111839e-05,8.630155438111844e-05,0.2613110278520744
461,1,8.556313107481908e-05,8.556313107481915e-05,0.966415124295618
461,2,8.630155419708253e-05,8.630155332243725e-05,nan
461,3,8.630155332243742e-05,8.630155419708242e-05,nan
461,4,8.63015541970825e-05,8.630155419708255e-05,nan
462,1,8.55631308939218e-05,8.556313003418009e-05,nan
462,2,8.556313089392183e-05,8.556313003417999e-05,0.32875090850861804
462,3,8.630155313840777e-05,8.630155401304559e-05,nan
462,4,8.630155313840762e-05,8.630155401304573e-05,nan
463,1,8.556312985328533e-05,8.556312985328541e-05,nan
463,2,8.55631307130201e-05,8.556312985328532e-05,nan
463,3,8.55631298532855e-05,8.556313071302e-05,0.9601166557153629
463,4,8.630155295437345e-05,8.63015529543735e-05,nan
464,1,8.556312967238975e-05,8.556312967238983e-05,nan
464,2,8.556312967238979e-05,8.556312967238974e-05,nan
464,3,8.556312967238991e-05,8.55631296723897e-05,nan
464,4,8.556312967238976e-05,8.556312967238982e-05,0.3215243022016028
465,1,8.483723555432533e-05,8.483723555432541e-05,1.1113667525906286
465,2,8.556312949456279e-05,8.55631286494224e-05,nan
465,3,8.556312864942257e-05,8.556312949456269e-05,nan
465,4,8.556312949456276e-05,8.556312949456281e-05,nan
466,1,8.483723537950541e-05,8.48372345486442e-05,nan
466,2,8.483723537950545e-05,8.483723454864411e-05,0.4158528495086003
466,3,8.55631284716015e-05,8.556312931673479e-05,nan
466,4,8.556312847160135e-05,8.556312931673491e-05,nan
467,1,8.483723437382668e-05,8.483723437382676e-05,nan
467,2,8.48372352046813e-05,8.483723437382668e-05,nan
467,3,8.483723437382685e-05,8.483723520468121e-05,1.094004361832575
467,4,8.556312829377599e-05,8.556312829377604e-05,nan
468,1,8.483723419900836e-05,8.483723419900844e-05,nan
468,2,8.48372341990084e-05,8.483723419900836e-05,nan
468,3,8.483723419900854e-05,8.483723419900832e-05,nan
468,4,8.483723419900839e-05,8.483723419900844e-05,0.39743188198477086
469,1,8.412355306801518e-05,8.412355306801526e-05,0.8277275033909763
469,2,8.483723402713063e-05,8.483723321026145e-05,nan
469,3,8.483723321026162e-05,8.483723402713055e-05,nan
469,4,8.483723402713062e-05,8.483723402713067e-05,nan
470,1,8.412355289901952e-05,8.412355209583625e-05,nan
470,2,8.412355289901957e-05,8.412355209583616e-05,0.26886574201993174
470,3,8.48372330383895e-05,8.483723385525194e-05,nan
470,4,8.483723303838935e-05,8.483723385525206e-05,nan
471,1,8.412355192684286e-05,8.412355192684295e-05,nan
471,2,8.41235527300199e-05,8.412355192684287e-05,nan
471,3,8.412355192684305e-05,8.412355273001982e-05,0.8276478007844152
471,4,8.483723286651314e-05,8.48372328665132e-05,nan
472,1,8.412355175784874e-05,8.412355175784884e-05,nan
472,2,8.41235517578488e-05,8.412355175784875e-05,nan
472,3,8.412355175784893e-05,8.412355175784871e-05,nan
472,4,8.412355175784877e-05,8.412355175784882e-05,0.2680284883971753
473,1,8.342177796404403e-05,8.342177796404412e-05,0.756084839345881
473,2,8.412355159167354e-05,8.412355080190323e-05,nan
473,3,8.41235508019034e-05,8.412355159167345e-05,nan
473,4,8.412355159167351e-05,8.412355159167356e-05,nan
474,1,8.34217778006321e-05,8.342177702398377e-05,nan
474,2,8.342177780063214e-05,8.342177702398369e-05,0.22801573196741817
474,3,8.412355063573351e-05,8.41235514254974e-05,nan
474,4,8.412355063573335e-05,8.41235514254975e-05,nan
475,1,8.3421776860574e-05,8.342177686057408e-05,nan
475,2,8.342177763721639e-05,8.3421776860574e-05,nan
475,3,8.342177686057416e-05,8.342177763721631e-05,0.7605590956009366
475,4,8.412355046955958e-05,8.412355046955962e-05,nan
476,1,8.342177669716352e-05,8.34217766971636e-05,nan
476,2,8.342177669716356e-05,8.342177669716352e-05,nan
476,3,8.342177669716368e-05,8.342177669716348e-05,nan
476,4,8.342177669716355e-05,8.342177669716359e-05,0.23175012027008446
477,1,8.273161470548022e-05,8.273161470548029e-05,1.0286776133282285
477,2,8.342177653645627e-05,8.342177577267036e-05,nan
477,3,8.342177577267052e-05,8.342177653645619e-05,nan
477,4,8.342177653645626e-05,8.34217765364563e-05,nan
478,1,8.27316145474233e-05,8.273161379622305e-05,nan
478,2,8.273161454742333e-05,8.273161379622299e-05,0.30339908506742697
478,3,8.342177561196834e-05,8.342177637574814e-05,nan
478,4,8.34217756119682e-05,8.342177637574825e-05,nan
479,1,8.273161363816821e-05,8.273161363816826e-05,nan
479,2,8.273161438936277e-05,8.27316136381682e-05,nan
479,3,8.273161363816837e-05,8.27316143893627e-05,1.029298298851313
479,4,8.342177545126233e-05,8.342177545126237e-05,nan
480,1,8.273161348011268e-05,8.273161348011273e-05,nan
480,2,8.27316134801127e-05,8.273161348011266e-05,nan
480,3,8.273161348011284e-05,8.273161348011263e-05,nan
480,4,8.273161348011269e-05,8.273161348011272e-05,0.3026448830210872
481,1,8.205277745532236e-05,8.205277745532242e-05,1.0066797825724048
481,2,8.273161332465032e-05,8.27316125857889e-05,nan
481,3,8.273161258578908e-05,8.273161332465025e-05,nan
481,4,8.273161332465031e-05,8.273161332465034e-05,nan
482,1,8.205277730240287e-05,8.205277657561693e-05,nan
482,2,8.20527773024029e-05,8.205277657561686e-05,0.3733549115289231
482,3,8.273161243033155e-05,8.273161316918714e-05,nan
482,4,8.27316124303314e-05,8.273161316918722e-05,nan
483,1,8.205277642269941e-05,8.205277642269947e-05,nan
483,2,8.205277714947995e-05,8.20527764226994e-05,nan
483,3,8.205277642269958e-05,8.20527771494799e-05,1.005771786432725
483,4,8.273161227487036e-05,8.273161227487038e-05,nan
484,1,8.205277626978124e-05,8.205277626978129e-05,nan
484,2,8.205277626978126e-05,8.205277626978122e-05,nan
484,3,8.20527762697814e-05,8.205277626978121e-05,nan
484,4,8.205277626978126e-05,8.205277626978128e-05,0.37162249231182387
485,1,8.138498968178095e-05,8.1384989681781e-05,0.9315543405081694
485,2,8.205277611935155e-05,8.205277540440616e-05,nan
485,3,8.205277540440634e-05,8.205277611935149e-05,nan
485,4,8.205277611935155e-05,8.205277611935156e-05,nan
486,1,8.138498953379185e-05,8.138498883043637e-05,nan
486,2,8.138498953379188e-05,8.138498883043632e-05,0.33761727130223584
486,3,8.205277525398124e-05,8.205277596892108e-05,nan
486,4,8.205277525398111e-05,8.205277596892115e-05,nan
487,1,8.138498868244915e-05,8.13849886824492e-05,nan
487,2,8.138498938579948e-05,8.138498868244915e-05,nan
487,3,8.138498868244932e-05,8.138498938579944e-05,0.9306143414561617
487,4,8.205277510355266e-05,8.205277510355268e-05,nan
488,1,8.138498853446131e-05,8.138498853446137e-05,nan
488,2,8.138498853446132e-05,8.138498853446131e-05,nan
488,3,8.138498853446149e-05,8.138498853446128e-05,nan
488,4,8.138498853446132e-05,8.138498853446134e-05,0.3359002071017561
489,1,8.072798378267917e-05,8.072798378267922e-05,0.6737178550042023
489,2,8.138498838886227e-05,8.138498769687305e-05,nan
489,3,8.138498769687323e-05,8.138498838886223e-05,nan
489,4,8.138498838886227e-05,8.138498838886228e-05,nan
490,1,8.072798363942335e-05,8.072798295856167e-05,nan
490,2,8.072798363942337e-05,8.072798295856163e-05,0.24178112866476395
490,3,8.138498755127858e-05,8.138498824326251e-05,nan
490,4,8.138498755127842e-05,8.138498824326256e-05,nan
491,1,8.072798281530765e-05,8.07279828153077e-05,nan
491,2,8.072798349616442e-05,8.072798281530765e-05,nan
491,3,8.072798281530784e-05,8.072798349616438e-05,0.6788778837875252
491,4,8.138498740568057e-05,8.138498740568058e-05,nan
492,1,8.072798267205302e-05,8.072798267205306e-05,nan
492,2,8.072798267205305e-05,8.072798267205302e-05,nan
492,3,8.072798267205321e-05,8.072798267205301e-05,nan
492,4,8.072798267205304e-05,8.072798267205305e-05,0.24659000251639113
493,1,8.008150072790087e-05,8.008150072790091e-05,0.753810397848482
493,2,8.07279825310923e-05,8.072798186114519e-05,nan
493,3,8.072798186114538e-05,8.072798253109225e-05,nan
493,4,8.072798253109228e-05,8.07279825310923e-05,nan
494,1,8.008150058919058e-05,8.008149992993067e-05,nan
494,2,8.008150058919062e-05,8.008149992993062e-05,0.26017760810745927
494,3,8.072798172018881e-05,8.072798239013087e-05,nan
494,4,8.072798172018864e-05,8.072798239013091e-05,nan
495,1,8.008149979122209e-05,8.008149979122216e-05,nan
495,2,8.008150045047736e-05,8.00814997912221e-05,nan
495,3,8.008149979122228e-05,8.00815004504773e-05,0.757038385157514
495,4,8.072798157922903e-05,8.072798157922906e-05,nan
496,1,8.008149965251295e-05,8.008149965251302e-05,nan
496,2,8.0081499652513e-05,8.008149965251296e-05,nan
496,3,8.008149965251314e-05,8.008149965251295e-05,nan
496,4,8.008149965251296e-05,8.008149965251299e-05,0.26281575244998284
497,1,7.944528971888237e-05,7.944528971888244e-05,0.41734510553689314
497,2,8.00814995160073e-05,8.008149886723162e-05,nan
497,3,8.008149886723179e-05,8.008149951600725e-05,nan
497,4,8.008149951600726e-05,8.008149951600729e-05,nan
498,1,7.944528958453877e-05,7.944528894603067e-05,nan
498,2,7.944528958453881e-05,7.944528894603062e-05,0.12777926007256055
498,3,8.008149873073009e-05,8.008149937950095e-05,nan
498,4,8.008149873072991e-05,8.008149937950099e-05,nan
499,1,7.944528881168869e-05,7.944528881168874e-05,nan
499,2,7.944528945019235e-05,7.944528881168869e-05,nan
499,3,7.944528881168883e-05,7.94452894501923e-05,0.40283708885997793
499,4,8.008149859422532e-05,8.008149859422534e-05,nan
500,1,7.944528867734617e-05,7.944528867734622e-05,nan
500,2,7.94452886773462e-05,7.944528867734617e-05,nan
500,3,7.944528867734632e-05,7.944528867734614e-05,nan
500,4,7.944528867734616e-05,7.944528867734617e-05,0.11290774919553097
501,1,7.881910786420762e-05,7.881910786420767e-05,0.468834703760347
501,2,7.944528854512094e-05,7.944528791668695e-05,nan
501,3,7.94452879166871e-05,7.944528854512088e-05,nan
501,4,7.94452885451209e-05,7.944528854512091e-05,nan
502,1,7.881910773406019e-05,7.881910711549377e-05,nan
502,2,7.88191077340602e-05,7.88191071154937e-05,0.16827874536844367
502,3,7.944528778446565e-05,7.944528841289506e-05,nan
502,4,7.944528778446548e-05,7.944528841289508e-05,nan
503,1,7.881910698534789e-05,7.881910698534794e-05,nan
503,2,7.881910760391007e-05,7.881910698534787e-05,nan
503,3,7.881910698534802e-05,7.881910760391003e-05,0.4763457175429279
503,4,7.944528765224128e-05,7.944528765224128e-05,nan
504,1,7.88191068552015e-05,7.881910685520156e-05,nan
504,2,7.88191068552015e-05,7.881910685520149e-05,nan
504,3,7.881910685520164e-05,7.881910685520146e-05,nan
504,4,7.881910685520149e-05,7.881910685520149e-05,0.17571603155219354
505,1,7.82027198704249e-05,7.820271987042496e-05,0.5503211154848798
505,2,7.881910672709021e-05,7.881910611820688e-05,nan
505,3,7.881910611820703e-05,7.881910672709017e-05,nan
505,4,7.88191067270902e-05,7.88191067270902e-05,nan
506,1,7.820271974431111e-05,7.820271914491387e-05,nan
506,2,7.820271974431111e-05,7.82027191449138e-05,0.20937784712414628
506,3,7.881910599009937e-05,7.881910659897833e-05,nan
506,4,7.881910599009922e-05,7.881910659897836e-05,nan
507,1,7.820271901880155e-05,7.82027190188016e-05,nan
507,2,7.820271961819473e-05,7.820271901880154e-05,nan
507,3,7.820271901880167e-05,7.820271961819467e-05,0.5681139199402373
507,4,7.881910586198893e-05,7.881910586198893e-05,nan
508,1,7.820271889268874e-05,7.82027188926888e-05,nan
508,2,7.820271889268874e-05,7.820271889268873e-05,nan
508,3,7.820271889268886e-05,7.820271889268869e-05,nan
508,4,7.820271889268871e-05,7.820271889268871e-05,0.22714031106628127
509,1,7.759589774725888e-05,7.759589774725893e-05,0.5256329591105402
509,2,7.820271876853266e-05,7.820271817844557e-05,nan
509,3,7.82027181784457e-05,7.82027187685326e-05,nan
509,4,7.820271876853263e-05,7.820271876853263e-05,nan
510,1,7.759589762502363e-05,7.759589704405876e-05,nan
510,2,7.759589762502365e-05,7.75958970440587e-05,0.22375625107535896
510,3,7.820271805429309e-05,7.8202718644376e-05,nan
510,4,7.820271805429294e-05,7.820271864437603e-05,nan
511,1,7.759589692182492e-05,7.759589692182498e-05,nan
511,2,7.759589750278595e-05,7.759589692182492e-05,nan
511,3,7.759589692182505e-05,7.75958975027859e-05,0.5560855412366451
511,4,7.820271793013782e-05,7.820271793013782e-05,nan
512,1,7.759589679959062e-05,7.759589679959069e-05,nan
512,2,7.759589679959065e-05,7.759589679959062e-05,nan
512,3,7.759589679959076e-05,7.75958967995906e-05,nan
512,4,7.759589679959062e-05,7.759589679959062e-05,0.2544850999832906
513,1,7.699842052644136e-05,7.699842052644142e-05,0.30383663721890425
513,2,7.75958966792383e-05,7.759589610722772e-05,nan
513,3,7.759589610722785e-05,7.759589667923824e-05,nan
513,4,7.759589667923827e-05,7.759589667923827e-05,nan
514,1,7.699842040793673e-05,7.69984198447011e-05,nan
514,2,7.699842040793675e-05,7.699841984470103e-05,0.15997857443334787
514,3,7.759589598687883e-05,7.75958965588854e-05,nan
514,4,7.759589598687868e-05,7.759589655888543e-05,nan
515,1,7.699841972619779e-05,7.699841972619785e-05,nan
515,2,7.699842028942975e-05,7.699841972619778e-05,nan
515,3,7.699841972619793e-05,7.699842028942971e-05,0.3368599452313686
515,4,7.759589586652725e-05,7.759589586652723e-05,nan
516,1,7.699841960769406e-05,7.699841960769411e-05,nan
516,2,7.699841960769407e-05,7.699841960769405e-05,nan
516,3,7.69984196076942e-05,7.699841960769403e-05,nan
516,4,7.699841960769405e-05,7.699841960769403e-05,0.19370987730021363
517,1,7.641007399343297e-05,7.641007399343303e-05,0.8064963952322499
517,2,7.69984194910009e-05,7.699841893637991e-05,nan
517,3,7.699841893638006e-05,7.699841949100087e-05,nan
517,4,7.699841949100088e-05,7.699841949100087e-05,nan
518,1,7.641007387851769e-05,7.641007333234013e-05,nan
518,2,7.64100738785177e-05,7.641007333234006e-05,0.46863109770950284
518,3,7.699841881969005e-05,7.699841937430722e-05,nan
518,4,7.69984188196899e-05,7.699841937430722e-05,nan
519,1,7.641007321742611e-05,7.641007321742616e-05,nan
519,2,7.641007376360018e-05,7.64100732174261e-05,nan
519,3,7.641007321742624e-05,7.641007376360014e-05,0.8507587269691315
519,4,7.699841870299762e-05,7.699841870299759e-05,nan
520,1,7.641007310251168e-05,7.641007310251174e-05,nan
520,2,7.64100731025117e-05,7.641007310251167e-05,nan
520,3,7.641007310251182e-05,7.641007310251166e-05,nan
520,4,7.641007310251168e-05,7.641007310251166e-05,0.5137297645322989
521,1,7.583065043135092e-05,7.583065043135097e-05,0.7827932787452924
521,2,7.641007298933969e-05,7.641007245145247e-05,nan
521,3,7.641007245145262e-05,7.641007298933965e-05,nan
521,4,7.641007298933968e-05,7.641007298933965e-05,nan
522,1,7.583065031989011e-05,7.58306497901297e-05,nan
522,2,7.583065031989013e-05,7.583064979012965e-05,0.42023710757094307
522,3,7.641007233828363e-05,7.64100728761672e-05,nan
522,4,7.641007233828348e-05,7.64100728761672e-05,nan
523,1,7.58306496786701e-05,7.583064967867018e-05,nan
523,2,7.583065020842718e-05,7.583064967867013e-05,nan
523,3,7.583064967867026e-05,7.583065020842714e-05,0.8272226768447597
523,4,7.641007222511232e-05,7.641007222511229e-05,nan
524,1,7.583064956721013e-05,7.583064956721021e-05,nan
524,2,7.583064956721014e-05,7.583064956721016e-05,nan
524,3,7.583064956721029e-05,7.58306495672101e-05,nan
524,4,7.583064956721014e-05,7.583064956721012e-05,0.465274596391246
525,1,7.525994837646036e-05,7.525994837646044e-05,0.5393599521513782
525,2,7.583064945742749e-05,7.583064893564769e-05,nan
525,3,7.583064893564782e-05,7.583064945742745e-05,nan
525,4,7.583064945742749e-05,7.583064945742746e-05,nan
526,1,7.525994826832521e-05,7.525994775436974e-05,nan
526,2,7.525994826832522e-05,7.525994775436969e-05,0.43756673687435066
526,3,7.583064882586806e-05,7.583064934764436e-05,nan
526,4,7.583064882586791e-05,7.583064934764438e-05,nan
527,1,7.525994764623571e-05,7.52599476462358e-05,nan
527,2,7.525994816018801e-05,7.525994764623574e-05,nan
527,3,7.525994764623589e-05,7.525994816018798e-05,0.5747334287346711
527,4,7.583064871608605e-05,7.583064871608601e-05,nan
528,1,7.525994753810133e-05,7.525994753810141e-05,nan
528,2,7.525994753810136e-05,7.525994753810136e-05,nan
528,3,7.525994753810151e-05,7.525994753810133e-05,nan
528,4,7.525994753810137e-05,7.525994753810133e-05,0.4745624498857083
529,1,7.469777238462423e-05,7.469777238462431e-05,0.5501825004966757
529,2,7.525994743158211e-05,7.525994692531124e-05,nan
529,3,7.525994692531139e-05,7.525994743158209e-05,nan
529,4,7.525994743158213e-05,7.525994743158209e-05,nan
530,1,7.46977722796916e-05,7.469777178095603e-05,nan
530,2,7.469777227969163e-05,7.469777178095596e-05,0.5897951988434865
530,3,7.52599468187949e-05,7.525994732506244e-05,nan
530,4,7.525994681879476e-05,7.525994732506244e-05,nan
531,1,7.469777167602446e-05,7.469777167602456e-05,nan
531,2,7.469777217475704e-05,7.469777167602449e-05,nan
531,3,7.469777167602464e-05,7.469777217475702e-05,0.5467938589070924
531,4,7.525994671227627e-05,7.525994671227625e-05,nan
532,1,7.469777157109259e-05,7.469777157109268e-05,nan
532,2,7.469777157109263e-05,7.469777157109261e-05,nan
532,3,7.469777157109276e-05,7.46977715710926e-05,nan
532,4,7.469777157109264e-05,7.469777157109261e-05,0.5885358742340181
533,1,7.414393280814302e-05,7.414393280814312e-05,1.3115064651572874
533,2,7.469777146771643e-05,7.469777097638251e-05,nan
533,3,7.469777097638266e-05,7.46977714677164e-05,nan
533,4,7.469777146771644e-05,7.469777146771642e-05,nan
534,1,7.414393270629524e-05,7.414393222222031e-05,nan
534,2,7.414393270629531e-05,7.414393222222026e-05,0.6192493974679433
534,3,7.46977708730091e-05,7.469777136433981e-05,nan
534,4,7.469777087300899e-05,7.469777136433983e-05,nan
535,1,7.414393212037355e-05,7.414393212037364e-05,nan
535,2,7.414393260444565e-05,7.414393212037359e-05,nan
535,3,7.414393212037372e-05,7.414393260444561e-05,1.2894377754707291
535,4,7.469777076963351e-05,7.469777076963348e-05,nan
536,1,7.41439320185265e-05,7.414393201852659e-05,nan
536,2,7.414393201852656e-05,7.414393201852654e-05,nan
536,3,7.414393201852667e-05,7.414393201852652e-05,nan
536,4,7.414393201852655e-05,7.414393201852652e-05,0.5960344733363918
537,1,7.359824558244926e-05,7.359824558244935e-05,0.4741470895617903
537,2,7.414393191817833e-05,7.414393144123455e-05,nan
537,3,7.414393144123469e-05,7.414393191817829e-05,nan
537,4,7.414393191817831e-05,7.414393191817829e-05,nan
538,1,7.359824548357379e-05,7.359824501362475e-05,nan
538,2,7.359824548357387e-05,7.35982450136247e-05,0.35825064000595264
538,3,7.414393134088897e-05,7.414393181782968e-05,nan
538,4,7.414393134088885e-05,7.414393181782968e-05,nan
539,1,7.359824491475023e-05,7.359824491475034e-05,nan
539,2,7.359824538469661e-05,7.359824491475029e-05,nan
539,3,7.359824491475041e-05,7.359824538469655e-05,0.5246596866812685
539,4,7.414393124054132e-05,7.414393124054129e-05,nan
540,1,7.359824481587545e-05,7.359824481587556e-05,nan
540,2,7.359824481587553e-05,7.359824481587551e-05,nan
540,3,7.359824481587563e-05,7.359824481587548e-05,nan
540,4,7.359824481587552e-05,7.35982448158755e-05,0.41013571405189064
541,1,7.306053202215244e-05,7.306053202215255e-05,0.9228979554176002
541,2,7.359824471844521e-05,7.35982442553686e-05,nan
541,3,7.359824425536872e-05,7.359824471844516e-05,nan
541,4,7.35982447184452e-05,7.359824471844517e-05,nan
542,1,7.306053192614164e-05,7.306053146980697e-05,nan
542,2,7.306053192614172e-05,7.306053146980692e-05,0.3419138019615844
542,3,7.359824415794081e-05,7.359824462101448e-05,nan
542,4,7.35982441579407e-05,7.35982446210145e-05,nan
543,1,7.306053137379708e-05,7.306053137379719e-05,nan
543,2,7.306053183012919e-05,7.306053137379713e-05,nan
543,3,7.306053137379725e-05,7.306053183012917e-05,0.9404967209505688
543,4,7.359824406051104e-05,7.359824406051103e-05,nan
544,1,7.306053127778694e-05,7.306053127778704e-05,nan
544,2,7.3060531277787e-05,7.306053127778699e-05,nan
544,3,7.306053127778711e-05,7.306053127778698e-05,nan
544,4,7.3060531277787e-05,7.306053127778699e-05,0.358638759046759
545,1,7.253061862596005e-05,7.253061862596016e-05,1.1283223084821667
545,2,7.30605311831693e-05,7.306053073345952e-05,nan
545,3,7.306053073345964e-05,7.306053118316928e-05,nan
545,4,7.30605311831693e-05,7.306053118316929e-05,nan
546,1,7.253061853271093e-05,7.253061808950114e-05,nan
546,2,7.2530618532711e-05,7.25306180895011e-05,0.34905784540244617
546,3,7.306053063884425e-05,7.306053108855122e-05,nan
546,4,7.306053063884414e-05,7.306053108855124e-05,nan
547,1,7.253061799625288e-05,7.253061799625299e-05,nan
547,2,7.253061843946023e-05,7.253061799625295e-05,nan
547,3,7.253061799625306e-05,7.25306184394602e-05,1.0819139042009316
547,4,7.306053054422708e-05,7.306053054422705e-05,nan
548,1,7.253061790300438e-05,7.253061790300449e-05,nan
548,2,7.253061790300446e-05,7.253061790300445e-05,nan
548,3,7.253061790300456e-05,7.253061790300444e-05,nan
548,4,7.253061790300445e-05,7.253061790300442e-05,0.3003404885160825
549,1,7.200833689002685e-05,7.200833689002696e-05,1.9404443325035439
549,2,7.253061781109861e-05,7.253061737427681e-05,nan
549,3,7.253061737427692e-05,7.253061781109858e-05,nan
549,4,7.25306178110986e-05,7.253061781109857e-05,nan
550,1,7.200833679944081e-05,7.200833636888745e-05,nan
550,2,7.20083367994409e-05,7.200833636888741e-05,0.6557756023512108
550,3,7.253061728237327e-05,7.25306177191924e-05,nan
550,4,7.253061728237316e-05,7.253061771919239e-05,nan
551,1,7.200833627830222e-05,7.200833627830234e-05,nan
551,2,7.200833670885328e-05,7.20083362783023e-05,nan
551,3,7.200833627830238e-05,7.200833670885326e-05,1.6066000401621348
551,4,7.253061719046792e-05,7.253061719046791e-05,nan
552,1,7.200833618771678e-05,7.20083361877169e-05,nan
552,2,7.200833618771687e-05,7.200833618771686e-05,nan
552,3,7.200833618771694e-05,7.200833618771684e-05,nan
552,4,7.200833618771683e-05,7.200833618771682e-05,0.3156303174090024
553,1,7.1493523129311e-05,7.149352312931112e-05,3.022123296066816
553,2,7.200833609842641e-05,7.20083356740342e-05,nan
553,3,7.200833567403428e-05,7.200833609842639e-05,nan
553,4,7.200833609842637e-05,7.200833609842636e-05,nan
554,1,7.149352304129365e-05,7.149352262294813e-05,nan
554,2,7.149352304129375e-05,7.149352262294811e-05,1.0411447613673475
554,3,7.200833558474594e-05,7.200833600913561e-05,nan
554,4,7.200833558474583e-05,7.200833600913559e-05,nan
555,1,7.149352253493154e-05,7.149352253493167e-05,nan
555,2,7.149352295327488e-05,7.149352253493164e-05,nan
555,3,7.149352253493172e-05,7.149352295327486e-05,2.2467208771906444
555,4,7.200833549545595e-05,7.200833549545594e-05,nan
556,1,7.149352244691477e-05,7.149352244691489e-05,nan
556,2,7.149352244691486e-05,7.149352244691486e-05,nan
556,3,7.149352244691494e-05,7.149352244691483e-05,nan
556,4,7.149352244691483e-05,7.149352244691482e-05,0.25339965800990133
557,1,7.098601830653885e-05,7.098601830653897e-05,3.805736065077987
557,2,7.149352236014742e-05,7.149352194774582e-05,nan
557,3,7.14935219477459e-05,7.14935223601474e-05,nan
557,4,7.14935223601474e-05,7.149352236014738e-05,nan
558,1,7.098601822099978e-05,7.098601781443248e-05,nan
558,2,7.098601822099988e-05,7.098601781443245e-05,1.464575906952112
558,3,7.149352186098048e-05,7.149352227337964e-05,nan
558,4,7.149352186098039e-05,7.149352227337963e-05,nan
559,1,7.098601772889413e-05,7.098601772889425e-05,nan
559,2,7.098601813545936e-05,7.098601772889423e-05,nan
559,3,7.098601772889431e-05,7.098601813545934e-05,2.6425415640440417
559,4,7.14935217742135e-05,7.149352177421348e-05,nan
560,1,7.098601764335562e-05,7.098601764335574e-05,nan
560,2,7.098601764335572e-05,7.098601764335572e-05,nan
560,3,7.09860176433558e-05,7.098601764335569e-05,nan
560,4,7.09860176433557e-05,7.098601764335568e-05,0.28538719848923916
561,1,7.048566786840321e-05,7.048566786840334e-05,4.356418522327627
561,2,7.09860175590228e-05,7.098601715819132e-05,nan
561,3,7.09860171581914e-05,7.098601755902277e-05,nan
561,4,7.098601755902279e-05,7.098601755902276e-05,nan
562,1,7.048566778525582e-05,7.048566739005513e-05,nan
562,2,7.04856677852559e-05,7.048566739005509e-05,1.7264874374586556
562,3,7.098601707386042e-05,7.098601747468957e-05,nan
562,4,7.098601707386034e-05,7.098601747468956e-05,nan
563,1,7.048566730690842e-05,7.048566730690854e-05,nan
563,2,7.048566770210712e-05,7.04856673069085e-05,nan
563,3,7.048566730690858e-05,7.04856677021071e-05,2.926327570871635
563,4,7.098601698952796e-05,7.098601698952792e-05,nan
564,1,7.048566722376155e-05,7.048566722376167e-05,nan
564,2,7.048566722376163e-05,7.048566722376163e-05,nan
564,3,7.048566722376171e-05,7.048566722376162e-05,nan
564,4,7.048566722376163e-05,7.048566722376159e-05,0.2779062971424134
565,1,6.999232158864057e-05,6.999232158864069e-05,4.157773269845398
565,2,7.048566714177845e-05,7.048566675211416e-05,nan
565,3,7.048566675211424e-05,7.048566714177844e-05,nan
565,4,7.048566714177845e-05,7.048566714177841e-05,nan
566,1,6.999232150780183e-05,6.999232112357328e-05,nan
566,2,6.999232150780191e-05,6.999232112357322e-05,1.4275527583990875
566,3,7.048566667013292e-05,7.048566705979497e-05,nan
566,4,7.048566667013285e-05,7.048566705979495e-05,nan
567,1,6.99923210427352e-05,6.999232104273531e-05,nan
567,2,6.999232142696185e-05,6.999232104273526e-05,nan
567,3,6.999232104273535e-05,6.999232142696182e-05,2.995207746004943
567,4,7.048566658815018e-05,7.048566658815013e-05,nan
568,1,6.999232096189697e-05,6.999232096189708e-05,nan
568,2,6.999232096189705e-05,6.999232096189702e-05,nan
568,3,6.999232096189712e-05,6.999232096189702e-05,nan
568,4,6.999232096189705e-05,6.9992320961897e-05,0.24807583608082517
569,1,6.950583341765252e-05,6.950583341765263e-05,7.400797573166227
569,2,6.999232088218233e-05,6.999232050329901e-05,nan
569,3,6.99923205032991e-05,6.99923208821823e-05,nan
569,4,6.999232088218233e-05,6.999232088218228e-05,nan
570,1,6.950583333904287e-05,6.95058329654083e-05,nan
570,2,6.950583333904296e-05,6.950583296540824e-05,3.2628117258046
570,3,6.999232042358617e-05,6.999232080246733e-05,nan
570,4,6.99923204235861e-05,6.99923208024673e-05,nan
571,1,6.950583288679928e-05,6.95058328867994e-05,nan
571,2,6.950583326043204e-05,6.950583288679934e-05,nan
571,3,6.950583288679944e-05,6.9505833260432e-05,4.392687003272277
571,4,6.999232034387189e-05,6.999232034387183e-05,nan
572,1,6.950583280819012e-05,6.950583280819024e-05,nan
572,2,6.95058328081902e-05,6.950583280819019e-05,nan
572,3,6.950583280819028e-05,6.950583280819016e-05,nan
572,4,6.950583280819021e-05,6.950583280819016e-05,0.22154804817566026
573,1,6.902606133835548e-05,6.902606133835559e-05,7.898696795389007
573,2,6.950583273066603e-05,6.950583236219342e-05,nan
573,3,6.950583236219351e-05,6.950583273066599e-05,nan
573,4,6.950583273066605e-05,6.950583273066599e-05,nan
574,1,6.90260612618986e-05,6.90260608984954e-05,nan
574,2,6.902606126189868e-05,6.902606089849535e-05,3.680768699773825
574,3,6.950583228467105e-05,6.950583265314156e-05,nan
574,4,6.950583228467098e-05,6.950583265314156e-05,nan
575,1,6.902606082203914e-05,6.902606082203926e-05,nan
575,2,6.90260611854406e-05,6.90260608220392e-05,nan
575,3,6.90260608220393e-05,6.902606118544054e-05,4.4937250183374315
575,4,6.950583220714729e-05,6.950583220714722e-05,nan
576,1,6.902606074558273e-05,6.902606074558285e-05,nan
576,2,6.902606074558281e-05,6.90260607455828e-05,nan
576,3,6.90260607455829e-05,6.902606074558276e-05,nan
576,4,6.902606074558283e-05,6.902606074558276e-05,0.2412684174662101
577,1,6.85528672279593e-05,6.855286722795942e-05,7.697824586511956
577,2,6.902606067017446e-05,6.90260603117574e-05,nan
577,3,6.90260603117575e-05,6.902606067017441e-05,nan
577,4,6.902606067017448e-05,6.902606067017441e-05,nan
578,1,6.855286715358203e-05,6.855286680006237e-05,nan
578,2,6.855286715358211e-05,6.855286680006231e-05,3.6472062544463792
578,3,6.902606023635079e-05,6.902606059476582e-05,nan
578,4,6.902606023635072e-05,6.902606059476582e-05,nan
579,1,6.855286672568565e-05,6.855286672568577e-05,nan
579,2,6.855286707920366e-05,6.855286672568572e-05,nan
579,3,6.855286672568583e-05,6.85528670792036e-05,4.337903369468333
579,4,6.902606016094282e-05,6.902606016094277e-05,nan
580,1,6.855286665130881e-05,6.855286665130893e-05,nan
580,2,6.855286665130891e-05,6.855286665130888e-05,nan
580,3,6.855286665130899e-05,6.855286665130885e-05,nan
580,4,6.855286665130892e-05,6.855286665130887e-05,0.2550703537150763
581,1,6.808611672539285e-05,6.808611672539297e-05,11.931196649943482
581,2,6.855286657794467e-05,6.855286622924249e-05,nan
581,3,6.85528662292426e-05,6.855286657794462e-05,nan
581,4,6.855286657794469e-05,6.855286657794463e-05,nan
582,1,6.808611665302493e-05,6.808611630905508e-05,nan
582,2,6.808611665302502e-05,6.808611630905504e-05,6.5595267162782065
582,3,6.855286615587995e-05,6.855286650458016e-05,nan
582,4,6.855286615587987e-05,6.855286650458017e-05,nan
583,1,6.80861162366877e-05,6.808611623668782e-05,nan
583,2,6.808611658065598e-05,6.808611623668778e-05,nan
583,3,6.808611623668788e-05,6.808611658065592e-05,5.792012582632314
583,4,6.855286608251607e-05,6.855286608251602e-05,nan
584,1,6.808611616432021e-05,6.808611616432034e-05,nan
584,2,6.80861161643203e-05,6.80861161643203e-05,nan
584,3,6.808611616432039e-05,6.808611616432024e-05,nan
584,4,6.808611616432031e-05,6.808611616432027e-05,0.3691400428353535
585,1,6.762567910410858e-05,6.76256791041087e-05,11.390474352858527
585,2,6.80861160929314e-05,6.808611575361717e-05,nan
585,3,6.808611575361726e-05,6.808611609293134e-05,nan
585,4,6.808611609293141e-05,6.808611609293137e-05,nan
586,1,6.762567903368263e-05,6.762567869894228e-05,nan
586,2,6.762567903368271e-05,6.762567869894224e-05,6.2596979169773075
586,3,6.808611568222987e-05,6.808611602154221e-05,nan
586,4,6.80861156822298e-05,6.808611602154224e-05,nan
587,1,6.762567862851683e-05,6.762567862851695e-05,nan
587,2,6.762567896325567e-05,6.762567862851691e-05,nan
587,3,6.762567862851699e-05,6.76256789632556e-05,5.536905385316581
587,4,6.80861156108413e-05,6.808611561084127e-05,nan
588,1,6.762567855809128e-05,6.76256785580914e-05,nan
588,2,6.762567855809137e-05,6.762567855809137e-05,nan
588,3,6.762567855809145e-05,6.76256785580913e-05,nan
588,4,6.762567855809138e-05,6.762567855809134e-05,0.35954564040832676
589,1,6.717142715001367e-05,6.717142715001379e-05,13.676828544057036
589,2,6.762567848861175e-05,6.762567815837165e-05,nan
589,3,6.762567815837173e-05,6.762567848861168e-05,nan
589,4,6.762567848861176e-05,6.762567848861172e-05,nan
590,1,6.717142708146496e-05,6.717142675564663e-05,nan
590,2,6.717142708146505e-05,6.71714267556466e-05,7.963230422967308
590,3,6.762567808889357e-05,6.762567841913184e-05,nan
590,4,6.76256780888935e-05,6.762567841913188e-05,nan
591,1,6.717142668709841e-05,6.717142668709855e-05,nan
591,2,6.717142701291531e-05,6.717142668709852e-05,nan
591,3,6.717142668709857e-05,6.717142701291525e-05,6.2297674810793024
591,4,6.762567801941429e-05,6.762567801941424e-05,nan
592,1,6.717142661855011e-05,6.717142661855024e-05,nan
592,2,6.71714266185502e-05,6.717142661855022e-05,nan
592,3,6.717142661855027e-05,6.717142661855014e-05,nan
592,4,6.717142661855022e-05,6.717142661855018e-05,0.46153970812005907
593,1,6.672323704428808e-05,6.672323704428822e-05,19.2296917266931
593,2,6.717142655091648e-05,6.717142622944921e-05,nan
593,3,6.717142622944926e-05,6.717142655091641e-05,nan
593,4,6.71714265509165e-05,6.717142655091645e-05,nan
594,1,6.67232369775545e-05,6.67232366603629e-05,nan
594,2,6.672323697755461e-05,6.672323666036289e-05,11.02499539238138
594,3,6.717142616181692e-05,6.717142648328247e-05,nan
594,4,6.717142616181688e-05,6.717142648328251e-05,nan
595,1,6.672323659362978e-05,6.67232365936299e-05,nan
595,2,6.672323691082003e-05,6.672323659362989e-05,nan
595,3,6.672323659362995e-05,6.672323691081996e-05,8.80169889681574
595,4,6.717142609418353e-05,6.717142609418348e-05,nan
596,1,6.672323652689658e-05,6.67232365268967e-05,nan
596,2,6.672323652689668e-05,6.672323652689669e-05,nan
596,3,6.672323652689675e-05,6.672323652689661e-05,nan
596,4,6.672323652689672e-05,6.672323652689667e-05,0.5218092534125041
597,1,6.628098825086277e-05,6.62809882508629e-05,26.31787957167812
597,2,6.672323646104794e-05,6.67232361480641e-05,nan
597,3,6.672323614806415e-05,6.672323646104788e-05,nan
597,4,6.672323646104799e-05,6.672323646104793e-05,nan
598,1,6.628098818588464e-05,6.628098787703612e-05,nan
598,2,6.628098818588473e-05,6.628098787703611e-05,15.34592100630707
598,3,6.672323608221674e-05,6.672323639519894e-05,nan
598,4,6.672323608221673e-05,6.6723236395199e-05,nan
599,1,6.628098781205844e-05,6.628098781205855e-05,nan
599,2,6.628098812090564e-05,6.628098781205853e-05,nan
599,3,6.628098781205859e-05,6.628098812090558e-05,11.724025779081732
599,4,6.672323601636836e-05,6.67232360163683e-05,nan
600,1,6.628098774708066e-05,6.628098774708076e-05,nan
600,2,6.628098774708075e-05,6.628098774708075e-05,nan
600,3,6.62809877470808e-05,6.62809877470807e-05,nan
600,4,6.62809877470808e-05,6.628098774708075e-05,0.6515153901092415
601,1,6.584456340834331e-05,6.584456340834342e-05,27.316367205820175
601,2,6.62809876829585e-05,6.628098737818005e-05,nan
601,3,6.628098737818011e-05,6.628098768295845e-05,nan
601,4,6.628098768295855e-05,6.62809876829585e-05,nan
602,1,6.584456334506327e-05,6.584456304428531e-05,nan
602,2,6.584456334506336e-05,6.58445630442853e-05,15.224007903191158
602,3,6.628098731405914e-05,6.6280987618836e-05,nan
602,4,6.628098731405914e-05,6.628098761883606e-05,nan
603,1,6.58445629810057e-05,6.584456298100581e-05,nan
603,2,6.58445632817824e-05,6.58445629810058e-05,nan
603,3,6.584456298100585e-05,6.584456328178234e-05,12.811815882961227
603,4,6.628098724993725e-05,6.628098724993719e-05,nan
604,1,6.584456291772601e-05,6.584456291772612e-05,nan
604,2,6.58445629177261e-05,6.58445629177261e-05,nan
604,3,6.584456291772616e-05,6.584456291772605e-05,nan
604,4,6.584456291772616e-05,6.58445629177261e-05,0.620004236418004
605,1,6.541384822617534e-05,6.541384822617545e-05,28.964372831524994
605,2,6.584456285527412e-05,6.584456255843395e-05,nan
605,3,6.5844562558434e-05,6.584456285527407e-05,nan
605,4,6.584456285527418e-05,6.584456285527412e-05,nan
606,1,6.541384816453828e-05,6.541384787156901e-05,nan
606,2,6.541384816453836e-05,6.541384787156898e-05,16.60398571647878
606,3,6.584456249598327e-05,6.584456279282191e-05,nan
606,4,6.584456249598327e-05,6.584456279282196e-05,nan
607,1,6.541384780993236e-05,6.541384780993247e-05,nan
607,2,6.541384810290043e-05,6.541384780993244e-05,nan
607,3,6.54138478099325e-05,6.541384810290037e-05,13.13100019798497
607,4,6.584456243353163e-05,6.584456243353158e-05,nan
608,1,6.541384774829564e-05,6.541384774829575e-05,nan
608,2,6.541384774829572e-05,6.541384774829572e-05,nan
608,3,6.541384774829579e-05,6.541384774829567e-05,nan
608,4,6.541384774829578e-05,6.541384774829572e-05,0.6689222564058461
609,1,6.4988731384859e-05,6.49887313848591e-05,25.886438409708994
609,2,6.541384768745999e-05,6.54138473983013e-05,nan
609,3,6.541384739830137e-05,6.541384768745993e-05,nan
609,4,6.541384768746004e-05,6.541384768745999e-05,nan
610,1,6.498873132481196e-05,6.498873103939957e-05,nan
610,2,6.498873132481202e-05,6.498873103939954e-05,14.59662987471194
610,3,6.541384733746683e-05,6.541384762662402e-05,nan
610,4,6.541384733746681e-05,6.541384762662407e-05,nan
611,1,6.498873097935292e-05,6.498873097935302e-05,nan
611,2,6.498873126476412e-05,6.4988730979353e-05,nan
611,3,6.498873097935307e-05,6.498873126476407e-05,12.028802012387068
611,4,6.54138472766314e-05,6.541384727663135e-05,nan
612,1,6.49887309193062e-05,6.49887309193063e-05,nan
612,2,6.498873091930626e-05,6.498873091930628e-05,nan
612,3,6.498873091930634e-05,6.498873091930621e-05,nan
612,4,6.498873091930632e-05,6.498873091930626e-05,0.6528893257884829
613,1,6.45691044400291e-05,6.456910444002921e-05,28.353702565112012
613,2,6.498873086003481e-05,6.498873057831077e-05,nan
613,3,6.498873057831084e-05,6.498873086003476e-05,nan
613,4,6.498873086003487e-05,6.498873086003481e-05,nan
614,1,6.456910438152112e-05,6.456910410342355e-05,nan
614,2,6.456910438152117e-05,6.456910410342351e-05,16.662275228426413
614,3,6.498873051904055e-05,6.498873080076315e-05,nan
614,4,6.49887305190405e-05,6.49887308007632e-05,nan
615,1,6.456910404491594e-05,6.456910404491605e-05,nan
615,2,6.456910432301236e-05,6.4569104044916e-05,nan
615,3,6.456910404491607e-05,6.45691043230123e-05,12.44809845071871
615,4,6.498873045976938e-05,6.498873045976933e-05,nan
616,1,6.456910398640827e-05,6.456910398640838e-05,nan
616,2,6.456910398640831e-05,6.456910398640834e-05,nan
616,3,6.45691039864084e-05,6.456910398640825e-05,nan
616,4,6.456910398640836e-05,6.456910398640831e-05,0.6649819380461754
617,1,6.41548617302276e-05,6.415486173022771e-05,28.319047284470415
617,2,6.45691039286512e-05,6.456910365412437e-05,nan
617,3,6.456910365412444e-05,6.456910392865115e-05,nan
617,4,6.456910392865126e-05,6.45691039286512e-05,nan
618,1,6.415486167320968e-05,6.415486140219409e-05,nan
618,2,6.415486167320974e-05,6.415486140219405e-05,15.938500544852705
618,3,6.456910359636843e-05,6.456910387089389e-05,nan
618,4,6.456910359636839e-05,6.456910387089394e-05,nan
619,1,6.415486134517652e-05,6.415486134517663e-05,nan
619,2,6.415486161619103e-05,6.415486134517659e-05,nan
619,3,6.415486134517666e-05,6.415486161619099e-05,13.254073898774408
619,4,6.456910353861159e-05,6.456910353861155e-05,nan
620,1,6.415486128815891e-05,6.415486128815902e-05,nan
620,2,6.415486128815895e-05,6.415486128815898e-05,nan
620,3,6.415486128815905e-05,6.415486128815891e-05,nan
620,4,6.415486128815901e-05,6.415486128815897e-05,0.7857191481629339
621,1,6.374590028820368e-05,6.374590028820378e-05,28.672828947621724
621,2,6.415486123186813e-05,6.415486096431014e-05,nan
621,3,6.41548609643102e-05,6.415486123186808e-05,nan
621,4,6.415486123186818e-05,6.415486123186814e-05,nan
622,1,6.37459002326287e-05,6.374589996847104e-05,nan
622,2,6.374590023262874e-05,6.374589996847102e-05,15.996019480591286
622,3,6.415486090802043e-05,6.41548611755771e-05,nan
622,4,6.415486090802039e-05,6.415486117557715e-05,nan
623,1,6.37458999128964e-05,6.37458999128965e-05,nan
623,2,6.3745900177053e-05,6.374589991289649e-05,nan
623,3,6.374589991289654e-05,6.374590017705294e-05,13.600164135443316
623,4,6.415486085172986e-05,6.415486085172981e-05,nan
624,1,6.374589985732171e-05,6.37458998573218e-05,nan
624,2,6.374589985732176e-05,6.374589985732179e-05,nan
624,3,6.374589985732184e-05,6.374589985732171e-05,nan
624,4,6.37458998573218e-05,6.374589985732175e-05,0.8376184040774973
625,1,6.33421197555847e-05,6.33421197555848e-05,28.484301346616682
625,2,6.374589980245098e-05,6.374589954164208e-05,nan
625,3,6.374589954164214e-05,6.374589980245093e-05,nan
625,4,6.374589980245102e-05,6.374589980245097e-05,nan
626,1,6.334211970140729e-05,6.334211944389204e-05,nan
626,2,6.334211970140735e-05,6.334211944389202e-05,15.902336929199205
626,3,6.374589948677237e-05,6.374589974758e-05,nan
626,4,6.374589948677234e-05,6.374589974758004e-05,nan
627,1,6.334211938971496e-05,6.334211938971505e-05,nan
627,2,6.334211964722921e-05,6.334211938971504e-05,nan
627,3,6.334211938971509e-05,6.334211964722915e-05,13.498728955507142
627,4,6.374589943190185e-05,6.37458994319018e-05,nan
628,1,6.334211933553782e-05,6.334211933553792e-05,nan
628,2,6.334211933553789e-05,6.33421193355379e-05,nan
628,3,6.334211933553796e-05,6.334211933553783e-05,nan
628,4,6.334211933553794e-05,6.334211933553789e-05,0.8346125418036611
629,1,6.294342230076995e-05,6.294342230077005e-05,27.623344211283005
629,2,6.334211928204265e-05,6.334211902777138e-05,nan
629,3,6.334211902777144e-05,6.33421192820426e-05,nan
629,4,6.33421192820427e-05,6.334211928204265e-05,nan
630,1,6.294342224794647e-05,6.294342199686613e-05,nan
630,2,6.294342224794654e-05,6.294342199686613e-05,15.677503226386625
630,3,6.334211897427718e-05,6.33421192285472e-05,nan
630,4,6.334211897427716e-05,6.334211922854726e-05,nan
631,1,6.294342194404298e-05,6.294342194404306e-05,nan
631,2,6.294342219512235e-05,6.294342194404306e-05,nan
631,3,6.294342194404311e-05,6.294342219512227e-05,12.775002567937822
631,4,6.334211892078219e-05,6.334211892078213e-05,nan
632,1,6.294342189121976e-05,6.294342189121985e-05,nan
632,2,6.294342189121982e-05,6.294342189121985e-05,nan
632,3,6.29434218912199e-05,6.294342189121974e-05,nan
632,4,6.294342189121986e-05,6.29434218912198e-05,0.7524934908488401
633,1,6.254971253990577e-05,6.254971253990585e-05,26.813745653666306
633,2,6.29434218390573e-05,6.29434215911201e-05,nan
633,3,6.294342159112015e-05,6.294342183905721e-05,nan
633,4,6.294342183905733e-05,6.294342183905728e-05,nan
634,1,6.254971248839417e-05,6.2549712243549e-05,nan
634,2,6.254971248839422e-05,6.254971224354901e-05,15.471771852208915
634,3,6.294342153895858e-05,6.294342178689454e-05,nan
634,4,6.294342153895852e-05,6.29434217868946e-05,nan
635,1,6.254971219203773e-05,6.25497121920378e-05,nan
635,2,6.254971243688195e-05,6.254971219203781e-05,nan
635,3,6.254971219203786e-05,6.254971243688186e-05,12.101950630559022
635,4,6.294342148679625e-05,6.29434214867962e-05,nan
636,1,6.254971214052637e-05,6.254971214052644e-05,nan
636,2,6.254971214052644e-05,6.254971214052645e-05,nan
636,3,6.254971214052651e-05,6.254971214052635e-05,nan
636,4,6.254971214052647e-05,6.254971214052641e-05,0.6885042049799709
637,1,6.216089746080783e-05,6.21608974608079e-05,27.46786192663926
637,2,6.254971208965538e-05,6.254971184785621e-05,nan
637,3,6.254971184785627e-05,6.254971208965528e-05,nan
637,4,6.25497120896554e-05,6.254971208965535e-05,nan
638,1,6.216089741056765e-05,6.216089717176529e-05,nan
638,2,6.21608974105677e-05,6.216089717176529e-05,15.519058985318342
638,3,6.254971179698611e-05,6.254971203878408e-05,nan
638,4,6.254971179698607e-05,6.254971203878415e-05,nan
639,1,6.216089712152541e-05,6.216089712152548e-05,nan
639,2,6.216089736032686e-05,6.216089712152548e-05,nan
639,3,6.216089712152553e-05,6.216089736032677e-05,12.787458971733093
639,4,6.254971174611527e-05,6.254971174611521e-05,nan
640,1,6.216089707128547e-05,6.216089707128554e-05,nan
640,2,6.216089707128553e-05,6.216089707128554e-05,nan
640,3,6.21608970712856e-05,6.216089707128543e-05,nan
640,4,6.216089707128556e-05,6.21608970712855e-05,0.7681477080116211
641,1,6.177688634970378e-05,6.177688634970385e-05,27.49081089286
641,2,6.216089702166622e-05,6.216089678581633e-05,nan
641,3,6.216089678581638e-05,6.216089702166612e-05,nan
641,4,6.216089702166624e-05,6.216089702166619e-05,nan
642,1,6.177688630069603e-05,6.177688606775121e-05,nan
642,2,6.177688630069607e-05,6.17768860677512e-05,15.456382169239188
642,3,6.216089673619794e-05,6.216089697204667e-05,nan
642,4,6.21608967361979e-05,6.216089697204674e-05,nan
643,1,6.177688601874375e-05,6.177688601874382e-05,nan
643,2,6.177688625168768e-05,6.17768860187438e-05,nan
643,3,6.177688601874386e-05,6.17768862516876e-05,12.88971408730776
643,4,6.216089668657882e-05,6.216089668657878e-05,nan
644,1,6.177688596973624e-05,6.177688596973631e-05,nan
644,2,6.177688596973627e-05,6.17768859697363e-05,nan
644,3,6.177688596973635e-05,6.177688596973619e-05,nan
644,4,6.17768859697363e-05,6.177688596973625e-05,0.787488420884729
645,1,6.139759072067422e-05,6.139759072067428e-05,26.448085937307695
645,2,6.177688592133044e-05,6.177688569124798e-05,nan
645,3,6.177688569124803e-05,6.177688592133035e-05,nan
645,4,6.177688592133046e-05,6.177688592133042e-05,nan
646,1,6.139759067286134e-05,6.139759044559554e-05,nan
646,2,6.139759067286135e-05,6.139759044559551e-05,15.197229291430872
646,3,6.177688564284304e-05,6.177688587292439e-05,nan
646,4,6.1776885642843e-05,6.177688587292445e-05,nan
647,1,6.139759039778296e-05,6.1397590397783e-05,nan
647,2,6.139759062504785e-05,6.139759039778297e-05,nan
647,3,6.139759039778305e-05,6.139759062504778e-05,12.004780863741082
647,4,6.17768855944374e-05,6.177688559443734e-05,nan
648,1,6.139759034997029e-05,6.139759034997033e-05,nan
648,2,6.13975903499703e-05,6.13975903499703e-05,nan
648,3,6.139759034997039e-05,6.139759034997024e-05,nan
648,4,6.139759034997035e-05,6.139759034997029e-05,0.6915243263158639
649,1,6.1022924247677266e-05,6.1022924247677306e-05,27.398015575758834
649,2,6.139759030274108e-05,6.13975900782508e-05,nan
649,3,6.139759007825088e-05,6.139759030274101e-05,nan
649,4,6.139759030274112e-05,6.139759030274106e-05,nan
650,1,6.102292420102305e-05,6.102292397926427e-05,nan
650,2,6.1022924201023064e-05,6.102292397926424e-05,15.300133787438124
650,3,6.139759003102246e-05,6.139759025551166e-05,nan
650,4,6.139759003102242e-05,6.139759025551171e-05,nan
651,1,6.102292393261036e-05,6.102292393261039e-05,nan
651,2,6.1022924154368265e-05,6.1022923932610364e-05,nan
651,3,6.1022923932610445e-05,6.1022924154368204e-05,12.970673821694087
651,4,6.139758998379341e-05,6.139758998379337e-05,nan
652,1,6.1022923885956365e-05,6.10229238859564e-05,nan
652,2,6.102292388595637e-05,6.102292388595637e-05,nan
652,3,6.1022923885956453e-05,6.102292388595631e-05,nan
652,4,6.1022923885956406e-05,6.1022923885956365e-05,0.8105314017129467
653,1,6.065280269904696e-05,6.0652802699046996e-05,26.10780685606107
653,2,6.102292383986822e-05,6.102292362080127e-05,nan
653,3,6.1022923620801355e-05,6.102292383986816e-05,nan
653,4,6.102292383986825e-05,6.102292383986821e-05,nan
654,1,6.065280265351653e-05,6.065280243709897e-05,nan
654,2,6.0652802653516536e-05,6.065280243709894e-05,14.988096372658665
654,3,6.102292357471398e-05,6.102292379377988e-05,nan
654,4,6.102292357471394e-05,6.1022923793779936e-05,nan
655,1,6.065280239156883e-05,6.0652802391568866e-05,nan
655,2,6.065280260798555e-05,6.065280239156884e-05,nan
655,3,6.065280239156892e-05,6.0652802607985486e-05,11.858391229342693
655,4,6.1022923528626e-05,6.1022923528625955e-05,nan
656,1,6.0652802346038616e-05,6.065280234603865e-05,nan
656,2,6.065280234603862e-05,6.065280234603862e-05,nan
656,3,6.0652802346038704e-05,6.065280234603856e-05,nan
656,4,6.065280234603866e-05,6.0652802346038616e-05,0.6822581374150067
657,1,6.028714387436086e-05,6.028714387436089e-05,26.00828075443186
657,2,6.065280230105729e-05,6.065280208725089e-05,nan
657,3,6.065280208725097e-05,6.065280230105723e-05,nan
657,4,6.065280230105733e-05,6.0652802301057284e-05,nan
658,1,6.028714382992058e-05,6.0287143618684396e-05,nan
658,2,6.028714382992059e-05,6.028714361868437e-05,14.892446210331675
658,3,6.065280204227039e-05,6.065280225607578e-05,nan
658,4,6.065280204227035e-05,6.0652802256075836e-05,nan
659,1,6.0287143574244406e-05,6.028714357424444e-05,nan
659,2,6.028714378547977e-05,6.028714357424441e-05,nan
659,3,6.0287143574244494e-05,6.028714378547971e-05,11.85304805338472
659,4,6.065280199728922e-05,6.065280199728918e-05,nan
660,1,6.0287143529804335e-05,6.028714352980437e-05,nan
660,2,6.028714352980435e-05,6.028714352980434e-05,nan
660,3,6.028714352980442e-05,6.028714352980429e-05,nan
660,4,6.028714352980438e-05,6.028714352980434e-05,0.6834827635705322
661,1,5.992586754357775e-05,5.992586754357778e-05,27.631977159992715
661,2,6.02871434858968e-05,6.028714327719398e-05,nan
661,3,6.028714327719406e-05,6.028714348589674e-05,nan
661,4,6.028714348589684e-05,6.0287143485896796e-05,nan
662,1,5.992586750019519e-05,5.992586729398625e-05,nan
662,2,5.992586750019519e-05,5.9925867293986215e-05,15.136326757974802
662,3,6.0287143233287245e-05,6.028714344198909e-05,nan
662,4,6.0287143233287204e-05,6.028714344198914e-05,nan
663,1,5.992586725060397e-05,5.9925867250604e-05,nan
663,2,5.992586745681212e-05,5.9925867250603965e-05,nan
663,3,5.992586725060405e-05,5.992586745681205e-05,13.451386661045188
663,4,6.028714318937986e-05,6.028714318937982e-05,nan
664,1,5.9925867207221614e-05,5.992586720722164e-05,nan
664,2,5.992586720722161e-05,5.992586720722161e-05,nan
664,3,5.992586720722169e-05,5.992586720722154e-05,nan
664,4,5.992586720722164e-05,5.992586720722161e-05,0.9002505855903159
665,1,5.956889538835057e-05,5.95688953883506e-05,27.42612751556782
665,2,5.992586716435601e-05,5.992586696060539e-05,nan
665,3,5.992586696060547e-05,5.992586716435594e-05,nan
665,4,5.992586716435604e-05,5.992586716435601e-05,nan
666,1,5.956889534599445e-05,5.956889514466408e-05,nan
666,2,5.9568895345994444e-05,5.9568895144664037e-05,15.021113584127377
666,3,5.9925866917740576e-05,5.992586712149023e-05,nan
666,4,5.992586691774053e-05,5.99258671214903e-05,nan
667,1,5.956889510230822e-05,5.9568895102308256e-05,nan
667,2,5.956889530363782e-05,5.9568895102308215e-05,nan
667,3,5.9568895102308296e-05,5.956889530363776e-05,13.349620314805565
667,4,5.9925866874875126e-05,5.9925866874875085e-05,nan
668,1,5.956889505995229e-05,5.9568895059952326e-05,nan
668,2,5.9568895059952285e-05,5.9568895059952285e-05,nan
668,3,5.9568895059952366e-05,5.9568895059952224e-05,nan
668,4,5.9568895059952326e-05,5.9568895059952285e-05,0.8903889583497469
669,1,5.9216150945424546e-05,5.921615094542458e-05,27.223028180122135
669,2,5.95688950180979e-05,5.9568894819153476e-05,nan
669,3,5.956889481915356e-05,5.956889501809784e-05,nan
669,4,5.956889501809794e-05,5.95688950180979e-05,nan
670,1,5.9216150904064686e-05,5.9216150707469464e-05,nan
670,2,5.921615090406468e-05,5.921615070746943e-05,14.907466516445368
670,3,5.956889477729985e-05,5.956889497624335e-05,nan
670,4,5.956889477729981e-05,5.9568894976243414e-05,nan
671,1,5.9216150666109854e-05,5.921615066610989e-05,nan
671,2,5.921615086270434e-05,5.9216150666109854e-05,nan
671,3,5.921615066610993e-05,5.9216150862704263e-05,13.249229214950516
671,4,5.9568894735445615e-05,5.956889473544557e-05,nan
672,1,5.9216150624750184e-05,5.921615062475022e-05,nan
672,2,5.921615062475017e-05,5.9216150624750184e-05,nan
672,3,5.921615062475026e-05,5.9216150624750096e-05,nan
672,4,5.921615062475021e-05,5.9216150624750164e-05,0.8806888744132071
673,1,5.886755955203454e-05,5.8867559552034573e-05,27.022626398484302
673,2,5.921615058387736e-05,5.921615038959825e-05,nan
673,3,5.921615038959833e-05,5.921615058387729e-05,nan
673,4,5.92161505838774e-05,5.9216150583877355e-05,nan
674,1,5.8867559511641815e-05,5.8867559319643346e-05,nan
674,2,5.886755951164181e-05,5.886755931964331e-05,14.795355020242608
674,3,5.9216150348726175e-05,5.9216150543004376e-05,nan
674,4,5.921615034872613e-05,5.9216150543004444e-05,nan
675,1,5.8867559279250865e-05,5.88675592792509e-05,nan
675,2,5.8867559471248616e-05,5.8867559279250865e-05,nan
675,3,5.886755927925095e-05,5.886755947124854e-05,13.15018677566504
675,4,5.92161503078535e-05,5.921615030785345e-05,nan
676,1,5.8867559238858324e-05,5.886755923885836e-05,nan
676,2,5.886755923885831e-05,5.8867559238858324e-05,nan
676,3,5.8867559238858405e-05,5.8867559238858236e-05,nan
676,4,5.8867559238858365e-05,5.886755923885831e-05,0.8711467859961791
677,1,5.8523048293219665e-05,5.85230482932197e-05,26.824870730509737
677,2,5.886755919893847e-05,5.886755900918871e-05,nan
677,3,5.886755900918879e-05,5.886755919893839e-05,nan
677,4,5.886755919893852e-05,5.886755919893847e-05,nan
678,1,5.852304825376598e-05,5.852304806623069e-05,nan
678,2,5.852304825376596e-05,5.852304806623066e-05,14.684749334160824
678,3,5.886755896926958e-05,5.8867559159018455e-05,nan
678,4,5.8867558969269536e-05,5.886755915901853e-05,nan
679,1,5.852304802677724e-05,5.852304802677727e-05,nan
679,2,5.8523048214311824e-05,5.852304802677724e-05,nan
679,3,5.8523048026777313e-05,5.852304821431175e-05,13.052467077426268
679,4,5.886755892934987e-05,5.8867558929349815e-05,nan
680,1,5.8523047987323725e-05,5.852304798732376e-05,nan
680,2,5.8523047987323705e-05,5.8523047987323725e-05,nan
680,3,5.85230479873238e-05,5.852304798732363e-05,nan
680,4,5.8523047987323766e-05,5.852304798732371e-05,0.8617592430862483
681,1,5.818254595097722e-05,5.8182545950977257e-05,26.62971101083734
681,2,5.8523047948329215e-05,5.852304776297758e-05,nan
681,3,5.852304776297766e-05,5.852304794832914e-05,nan
681,4,5.8523047948329276e-05,5.852304794832922e-05,nan
682,1,5.818254591243544e-05,5.81825457292344e-05,nan
682,2,5.818254591243542e-05,5.818254572923436e-05,14.575620446133078
682,3,5.852304772398378e-05,5.852304790933456e-05,nan
682,4,5.852304772398374e-05,5.8523047909334644e-05,nan
683,1,5.8182545690692834e-05,5.8182545690692875e-05,nan
683,2,5.8182545873893206e-05,5.8182545690692834e-05,nan
683,3,5.818254569069291e-05,5.818254587389313e-05,12.956044846536267
683,4,5.852304768498942e-05,5.8523047684989375e-05,nan
684,1,5.818254565215122e-05,5.818254565215126e-05,nan
684,2,5.818254565215121e-05,5.818254565215122e-05,nan
684,3,5.81825456521513e-05,5.8182545652151134e-05,nan
684,4,5.818254565215126e-05,5.8182545652151216e-05,0.8525228902038786
685,1,5.7845982955181306e-05,5.784598295518135e-05,26.437098310104385
685,2,5.8182545614055414e-05,5.8182545432975206e-05,nan
685,3,5.818254543297528e-05,5.818254561405534e-05,nan
685,4,5.818254561405547e-05,5.818254561405542e-05,nan
686,1,5.784598291752524e-05,5.784598273853395e-05,nan
686,2,5.784598291752521e-05,5.7845982738533894e-05,14.467940070230522
686,3,5.8182545394880076e-05,5.818254557595946e-05,nan
686,4,5.818254539488004e-05,5.818254557595954e-05,nan
687,1,5.784598270087808e-05,5.784598270087812e-05,nan
687,2,5.7845982879868714e-05,5.784598270087807e-05,nan
687,3,5.784598270087815e-05,5.7845982879868646e-05,12.860895435398273
687,4,5.818254535678441e-05,5.818254535678436e-05,nan
688,1,5.784598266322217e-05,5.784598266322221e-05,nan
688,2,5.784598266322215e-05,5.7845982663222155e-05,nan
688,3,5.7845982663222236e-05,5.784598266322208e-05,nan
688,4,5.784598266322221e-05,5.784598266322216e-05,0.8434344632885159
689,1,5.751329133619517e-05,5.751329133619521e-05,26.24698489755663
689,2,5.784598262599931e-05,5.7845982449068184e-05,nan
689,3,5.7845982449068265e-05,5.7845982625999245e-05,nan
689,4,5.784598262599937e-05,5.7845982625999326e-05,nan
690,1,5.7513291299399515e-05,5.751329112449775e-05,nan
690,2,5.751329129939949e-05,5.751329112449769e-05,14.361680624355943
690,3,5.7845982411846e-05,5.784598258877632e-05,nan
690,4,5.784598241184597e-05,5.78459825887764e-05,nan
691,1,5.751329108770229e-05,5.751329108770233e-05,nan
691,2,5.751329126260343e-05,5.751329108770227e-05,nan
691,3,5.7513291087702346e-05,5.7513291262603354e-05,12.766994803505032
691,4,5.784598237462329e-05,5.7845982374623244e-05,nan
692,1,5.751329105090679e-05,5.751329105090683e-05,nan
692,2,5.7513291050906774e-05,5.751329105090677e-05,nan
692,3,5.751329105090684e-05,5.75132910509067e-05,nan
692,4,5.751329105090683e-05,5.751329105090678e-05,0.834490786704206
693,1,5.71844046791095e-05,5.718440467910954e-05,26.059324204998013
693,2,5.751329101453203e-05,5.751329084163182e-05,nan
693,3,5.7513290841631896e-05,5.7513291014531954e-05,nan
693,4,5.751329101453208e-05,5.7513291014532035e-05,nan
694,1,5.718440464314982e-05,5.718440447222145e-05,nan
694,2,5.7184404643149805e-05,5.718440447222138e-05,14.25681520874771
694,3,5.75132908052577e-05,5.751329097815713e-05,nan
694,4,5.7513290805257685e-05,5.751329097815721e-05,nan
695,1,5.718440443626196e-05,5.7184404436262e-05,nan
695,2,5.718440460718973e-05,5.718440443626193e-05,nan
695,3,5.7184404436262e-05,5.718440460718965e-05,12.674319499109039
695,4,5.751329076888309e-05,5.751329076888305e-05,nan
696,1,5.7184404400302436e-05,5.718440440030248e-05,nan
696,2,5.7184404400302416e-05,5.718440440030241e-05,nan
696,3,5.718440440030248e-05,5.7184404400302335e-05,nan
696,4,5.7184404400302464e-05,5.718440440030242e-05,0.8256887703598296
697,1,5.6859258079541853e-05,5.6859258079541894e-05,25.874070792022597
697,2,5.7184404364751745e-05,5.7184404195768334e-05,nan
697,3,5.71844041957684e-05,5.7184404364751664e-05,nan
697,4,5.718440436475179e-05,5.718440436475175e-05,nan
698,1,5.6859258044394547e-05,5.685925787732737e-05,nan
698,2,5.6859258044394526e-05,5.6859257877327306e-05,14.153317585260423
698,3,5.7184404160218266e-05,5.718440432920091e-05,nan
698,4,5.7184404160218246e-05,5.7184404329201e-05,nan
699,1,5.685925784218024e-05,5.6859257842180284e-05,nan
699,2,5.685925800924684e-05,5.685925784218022e-05,nan
699,3,5.68592578421803e-05,5.685925800924676e-05,12.582846641547333
699,4,5.7184404124667724e-05,5.7184404124667676e-05,nan
700,1,5.685925780703308e-05,5.685925780703312e-05,nan
700,2,5.6859257807033065e-05,5.685925780703306e-05,nan
700,3,5.685925780703313e-05,5.6859257807032984e-05,nan
700,4,5.685925780703311e-05,5.685925780703307e-05,0.8170254069387002
701,1,5.653778810093554e-05,5.653778810093558e-05,25.69118031247751
701,2,5.685925777228327e-05,5.6859257607106354e-05,nan
701,3,5.685925760710643e-05,5.6859257772283186e-05,nan
701,4,5.6859257772283315e-05,5.6859257772283274e-05,nan
702,1,5.653778806657779e-05,5.65377879032634e-05,nan
702,2,5.6537788066577786e-05,5.6537787903263335e-05,14.051162157389873
702,3,5.685925757235714e-05,5.685925773753331e-05,nan
702,4,5.6859257572357125e-05,5.6859257737533395e-05,nan
703,1,5.653778786890582e-05,5.653778786890587e-05,nan
703,2,5.653778803221967e-05,5.65377878689058e-05,nan
703,3,5.6537787868905876e-05,5.653778803221959e-05,12.492553904193151
703,4,5.685925753760747e-05,5.685925753760742e-05,nan
704,1,5.6537787834548214e-05,5.653778783454826e-05,nan
704,2,5.6537787834548214e-05,5.6537787834548194e-05,nan
704,3,5.653778783454827e-05,5.653778783454813e-05,nan
704,4,5.6537787834548255e-05,5.653778783454821e-05,0.8084977692329479
705,1,5.621993273329891e-05,5.6219932733298955e-05,25.510609482105593
705,2,5.653778780057686e-05,5.653778763909986e-05,nan
705,3,5.6537787639099935e-05,5.653778780057678e-05,nan
705,4,5.65377878005769e-05,5.653778780057685e-05,nan
706,1,5.621993269970868e-05,5.621993254004228e-05,nan
706,2,5.6219932699708684e-05,5.621993254004223e-05,13.950323951011491
706,3,5.6537787605129076e-05,5.653778776660535e-05,nan
706,4,5.653778760512906e-05,5.6537787766605424e-05,nan
707,1,5.621993250645221e-05,5.6219932506452256e-05,nan
707,2,5.6219932666118095e-05,5.62199325064522e-05,nan
707,3,5.621993250645226e-05,5.621993266611801e-05,12.40341949800954
707,4,5.6537787571157844e-05,5.6537787571157796e-05,nan
708,1,5.621993247286211e-05,5.6219932472862154e-05,nan
708,2,5.621993247286212e-05,5.62199324728621e-05,nan
708,3,5.621993247286216e-05,5.621993247286203e-05,nan
708,4,5.6219932472862154e-05,5.621993247286211e-05,0.8001030075779365
709,1,5.590563135332862e-05,5.590563135332867e-05,25.332316047321243
709,2,5.621993243964753e-05,5.621993228176744e-05,nan
709,3,5.62199322817675e-05,5.6219932439647445e-05,nan
709,4,5.621993243964757e-05,5.621993243964752e-05,nan
710,1,5.590563132048458e-05,5.59056311643649e-05,nan
710,2,5.59056313204846e-05,5.590563116436485e-05,13.85077859580305
710,3,5.6219932248553397e-05,5.621993240643279e-05,nan
710,4,5.621993224855338e-05,5.6219932406432864e-05,nan
711,1,5.5905631131521015e-05,5.590563113152107e-05,nan
711,2,5.590563128764022e-05,5.590563113152102e-05,nan
711,3,5.5905631131521076e-05,5.590563128764013e-05,12.315422155679885
711,4,5.621993221533893e-05,5.621993221533889e-05,nan
712,1,5.590563109867711e-05,5.5905631098677164e-05,nan
712,2,5.590563109867713e-05,5.5905631098677116e-05,nan
712,3,5.590563109867717e-05,5.590563109867704e-05,nan
712,4,5.5905631098677164e-05,5.590563109867712e-05,0.791838347382702
713,1,5.559482468586312e-05,5.5594824685863175e-05,25.156258755072187
713,2,5.5905631066198356e-05,5.5905630911815576e-05,nan
713,3,5.590563091181563e-05,5.590563106619827e-05,nan
713,4,5.590563106619839e-05,5.590563106619835e-05,nan
714,1,5.5594824653744675e-05,5.5594824501073776e-05,nan
714,2,5.559482465374471e-05,5.5594824501073735e-05,13.752502307323358
714,3,5.590563087933732e-05,5.5905631033719427e-05,nan
714,4,5.590563087933732e-05,5.590563103371951e-05,nan
715,1,5.5594824468955465e-05,5.5594824468955526e-05,nan
715,2,5.559482462162594e-05,5.5594824468955486e-05,nan
715,3,5.559482446895553e-05,5.559482462162584e-05,12.228541116292178
715,4,5.590563084685867e-05,5.590563084685863e-05,nan
716,1,5.559482443683715e-05,5.559482443683721e-05,nan
716,2,5.559482443683719e-05,5.559482443683717e-05,nan
716,3,5.5594824436837216e-05,5.5594824436837094e-05,nan
716,4,5.559482443683722e-05,5.559482443683718e-05,0.783701086752166
717,1,5.528745476661484e-05,5.52874547666149e-05,24.982397323744674
717,2,5.559482440507396e-05,5.559482425409218e-05,nan
717,3,5.559482425409223e-05,5.559482440507387e-05,nan
717,4,5.5594824405073995e-05,5.5594824405073955e-05,nan
718,1,5.528745473520207e-05,5.5287454585885225e-05,nan
718,2,5.52874547352021e-05,5.528745458588518e-05,13.655471869720264
718,3,5.5594824222329456e-05,5.559482437331057e-05,nan
718,4,5.5594824222329456e-05,5.559482437331066e-05,nan
719,1,5.528745455447259e-05,5.5287454554472636e-05,nan
719,2,5.5287454703789e-05,5.528745455447259e-05,nan
719,3,5.528745455447264e-05,5.5287454703788905e-05,12.142756110555059
719,4,5.559482419056636e-05,5.559482419056631e-05,nan
720,1,5.528745452305994e-05,5.5287454523059985e-05,nan
720,2,5.528745452305996e-05,5.528745452305994e-05,nan
720,3,5.528745452305999e-05,5.528745452305986e-05,nan
720,4,5.528745452305999e-05,5.5287454523059944e-05,0.7756885941971796
721,1,5.49834649061318e-05,5.498346490613185e-05,24.810692415069788
721,2,5.528745449199269e-05,5.528745434431877e-05,nan
721,3,5.528745434431882e-05,5.528745449199259e-05,nan
721,4,5.528745449199272e-05,5.528745449199267e-05,nan
722,1,5.4983464875405415e-05,5.498346472935102e-05,nan
722,2,5.498346487540544e-05,5.498346472935098e-05,13.559664619042776
722,3,5.5287454313251984e-05,5.528745446092525e-05,nan
722,4,5.5287454313251984e-05,5.5287454460925334e-05,nan
723,1,5.498346469862477e-05,5.498346469862482e-05,nan
723,2,5.4983464844678746e-05,5.498346469862478e-05,nan
723,3,5.4983464698624834e-05,5.498346484467865e-05,12.058047346523825
723,4,5.528745428218483e-05,5.528745428218478e-05,nan
724,1,5.498346466789851e-05,5.498346466789856e-05,nan
724,2,5.498346466789854e-05,5.498346466789852e-05,nan
724,3,5.498346466789857e-05,5.498346466789844e-05,nan
724,4,5.4983464667898565e-05,5.498346466789852e-05,0.7677983064287744
725,1,5.468279965494164e-05,5.4682799654941685e-05,24.64110560699181
725,2,5.4983464637508256e-05,5.4983464493052106e-05,nan
725,3,5.498346449305216e-05,5.498346463750816e-05,nan
725,4,5.498346463750828e-05,5.4983464637508236e-05,nan
726,1,5.468279962488301e-05,5.4682799482002454e-05,nan
726,2,5.468279962488302e-05,5.46827994820024e-05,13.46505842713254
726,3,5.49834644626623e-05,5.498346460711782e-05,nan
726,4,5.498346446266229e-05,5.498346460711789e-05,nan
727,1,5.468279945194395e-05,5.468279945194399e-05,nan
727,2,5.4682799594824084e-05,5.468279945194394e-05,nan
727,3,5.4682799451944e-05,5.468279959482399e-05,11.974395495816603
727,4,5.4983464432272126e-05,5.4983464432272085e-05,nan
728,1,5.468279942188543e-05,5.468279942188547e-05,nan
728,2,5.468279942188545e-05,5.4682799421885415e-05,nan
728,3,5.4682799421885476e-05,5.4682799421885354e-05,nan
728,4,5.468279942188546e-05,5.468279942188542e-05,0.7600277262331327
729,1,5.438540476983314e-05,5.438540476983318e-05,24.473599367459894
729,2,5.468279939215383e-05,5.4682799250828257e-05,nan
729,3,5.468279925082832e-05,5.468279939215373e-05,nan
729,4,5.468279939215384e-05,5.46827993921538e-05,nan
730,1,5.43854047404242e-05,5.438540460063175e-05,nan
730,2,5.438540474042423e-05,5.438540460063168e-05,13.371631686071815
730,3,5.46827992210971e-05,5.468279936242205e-05,nan
730,4,5.468279922109709e-05,5.4682799362422116e-05,nan
731,1,5.438540457122294e-05,5.438540457122299e-05,nan
731,2,5.438540471101501e-05,5.438540457122292e-05,nan
731,3,5.438540457122299e-05,5.438540471101491e-05,11.891781680301042
731,4,5.4682799191365575e-05,5.468279919136554e-05,nan
732,1,5.438540454181412e-05,5.4385404541814166e-05,nan
732,2,5.4385404541814146e-05,5.43854045418141e-05,nan
732,3,5.4385404541814166e-05,5.438540454181405e-05,nan
732,4,5.438540454181415e-05,5.438540454181412e-05,0.7523744204237603
733,1,5.409122718123193e-05,5.409122718123198e-05,24.30813702910725
733,2,5.438540451272343e-05,5.43854043744441e-05,nan
733,3,5.438540437444417e-05,5.4385404512723334e-05,nan
733,4,5.4385404512723436e-05,5.43854045127234e-05,nan
734,1,5.4091227152455246e-05,5.40912270156679e-05,nan
734,2,5.4091227152455273e-05,5.409122701566784e-05,13.279363293165604
734,3,5.4385404345353846e-05,5.438540448363256e-05,nan
734,4,5.438540434535383e-05,5.4385404483632625e-05,nan
735,1,5.409122698689134e-05,5.409122698689138e-05,nan
735,2,5.4091227123678305e-05,5.409122698689132e-05,nan
735,3,5.409122698689138e-05,5.409122712367821e-05,11.810187459233134
735,4,5.4385404316263224e-05,5.438540431626319e-05,nan
736,1,5.409122695811476e-05,5.40912269581148e-05,nan
736,2,5.409122695811479e-05,5.409122695811474e-05,nan
736,3,5.40912269581148e-05,5.40912269581147e-05,nan
736,4,5.40912269581148e-05,5.4091226958114765e-05,0.7448360178677512
737,1,5.380021496162946e-05,5.3800214961629504e-05,24.14468276478325
737,2,5.4091226929647804e-05,5.4091226794333084e-05,nan
737,3,5.4091226794333145e-05,5.409122692964771e-05,nan
737,4,5.409122692964781e-05,5.4091226929647776e-05,nan
738,1,5.380021493346812e-05,5.380021479960557e-05,nan
738,2,5.380021493346817e-05,5.380021479960552e-05,13.188232636436846
738,3,5.4091226765866536e-05,5.409122690118066e-05,nan
738,4,5.4091226765866536e-05,5.409122690118073e-05,nan
739,1,5.380021477144435e-05,5.380021477144439e-05,nan
739,2,5.3800214905306556e-05,5.3800214771444336e-05,nan
739,3,5.38002147714444e-05,5.380021490530645e-05,11.729594816830213
739,4,5.409122673739965e-05,5.4091226737399615e-05,nan
740,1,5.380021474328311e-05,5.380021474328315e-05,nan
740,2,5.380021474328316e-05,5.38002147432831e-05,nan
740,3,5.380021474328317e-05,5.380021474328305e-05,nan
740,4,5.380021474328316e-05,5.3800214743283126e-05,0.7374102075830813
