update_step,landmark_label,cov_x,cov_y,NIS
1,1,0.002824074061617375,0.0028240740616188543,0.0
2,1,0.002817281910002244,0.0028056107761173944,nan
2,2,0.002817281910003707,0.0028056107761159337,0.0
3,1,0.002799782150322087,0.0027997821503235277,nan
3,2,0.0028138243001861944,0.002803418472501061,nan
3,3,0.0028034184725025213,0.0028138243001847294,1.3958258441537042e-30
4,1,0.0027975496652783956,0.002797549665279836,nan
4,2,0.00279754966527984,0.002797549665278393,nan
4,3,0.0027975496652798363,0.0027975496652783926,nan
4,4,0.0027975496652783926,0.0027975496652798376,1.4158362094060562e-30
5,1,0.001600726700383555,0.0016007267003844583,0.0
5,2,0.002796747354894949,0.0027950027630304977,nan
5,3,0.0027950027630319384,0.002796747354893504,nan
5,4,0.0027972407627827184,0.0027972407627841634,nan
6,1,0.001600442437858987,0.0015998802062773983,nan
6,2,0.0016004424378598904,0.001599880206276495,0.0
6,3,0.00279472010122442,0.002796441335787078,nan
6,4,0.002794720101222979,0.0027964413357885205,nan
7,1,0.0015996020845482845,0.0015996020845491861,nan
7,2,0.0016003420867604777,0.0015997873324826997,nan
7,3,0.001599787332483603,0.0016003420867595733,1.151857081981558e-29
7,4,0.0027939389807902287,0.0027939389807916685,nan
8,1,0.0015995102098472934,0.0015995102098481948,nan
8,2,0.0015995102098481956,0.0015995102098472923,nan
8,3,0.0015995102098481945,0.001599510209847292,nan
8,4,0.0015995102098472918,0.0015995102098481943,1.376424459337175e-29
9,1,0.0011209555601492385,0.0011209555601498923,0.0
9,2,0.0015993990040922064,0.0015991700611066452,nan
9,3,0.001599170061107547,0.0015993990040913033,nan
9,4,0.0015994732693642869,0.0015994732693651894,nan
10,1,0.001120899225684436,0.0011207875481835797,nan
10,2,0.00112089922568509,0.0011207875481829255,0.0
10,3,0.0015991344949679307,0.0015993622560862683,nan
10,4,0.0015991344949670284,0.0015993622560871701,nan
11,1,0.0011207316974604603,0.0011207316974611138,nan
11,2,0.0011208811543392024,0.0011207700518616136,nan
11,3,0.0011207700518622674,0.0011208811543385478,1.3931132518019985e-29
11,4,0.0015990244578939123,0.001599024457894814,nan
12,1,0.0011207142970531994,0.001120714297053853,nan
12,2,0.0011207142970538532,0.0011207142970531987,nan
12,3,0.0011207142970538525,0.0011207142970531985,nan
12,4,0.0011207142970531987,0.0011207142970538525,3.482984308743066e-30
13,1,0.0008627510570839804,0.0008627510570844924,0.0
13,2,0.0011206842050643703,0.001120623530602469,nan
13,3,0.0011206235306031227,0.0011206842050637158,nan
13,4,0.0011207048978105056,0.0011207048978111593,nan
14,1,0.0008627329266458922,0.0008626971053762662,nan
14,2,0.0008627329266464043,0.0008626971053757539,0.0
14,3,0.0011206143271007525,0.0011206748356867695,nan
14,4,0.0011206143271000988,0.0011206748356874234,nan
15,1,0.0008626790582391224,0.0008626790582396343,nan
15,2,0.0008627273695533436,0.0008626916460787098,nan
15,3,0.0008626916460792221,0.000862727369552831,1.524613829050946e-29
15,4,0.0011205844048932994,0.0011205844048939532,nan
16,1,0.00086267361675312,0.000862673616753632,nan
16,2,0.0008626736167536321,0.0008626736167531196,nan
16,3,0.0008626736167536318,0.0008626736167531195,nan
16,4,0.0008626736167531196,0.0008626736167536318,3.811599515156969e-30
17,1,0.0007012948712288019,0.0007012948712292226,0.0
17,2,0.0008626623306493854,0.000862639821153981,nan
17,3,0.000862639821154493,0.0008626623306488729,nan
17,4,0.0008626702088605335,0.0008626702088610456,nan
18,1,0.0007012873356712491,0.0007012724958732478,nan
18,2,0.0007012873356716698,0.0007012724958728268,0.0
18,3,0.0008626364585844169,0.0008626589299856639,nan
18,4,0.0008626364585839049,0.000862658929986176,nan
19,1,0.0007012649818525834,0.0007012649818530041,nan
19,2,0.000701285087066977,0.0007012702723604767,nan
19,3,0.0007012702723608972,0.000701285087066556,1.6074184611334464e-29
19,4,0.0008626252122074396,0.0008626252122079515,nan
20,1,0.0007012627631343198,0.0007012627631347404,nan
20,2,0.0007012627631347403,0.0007012627631343194,nan
20,3,0.00070126276313474,0.0007012627631343193,nan
20,4,0.0007012627631343193,0.0007012627631347401,4.018573162742982e-30
21,1,0.0005907649976011647,0.0005907649976015217,0.0
21,2,0.0007012576195020792,0.0007012474291451155,nan
21,3,0.0007012474291455361,0.0007012576195016582,nan
21,4,0.0007012612429116992,0.00070126124291212,nan
22,1,0.0005907613215476411,0.0005907541015987591,nan
22,2,0.0005907613215479981,0.000590754101598402,0.0
22,3,0.0007012459229473559,0.0007012561015780147,nan
22,4,0.0007012459229469352,0.0007012561015784355,nan
23,1,0.0005907504327083402,0.0005907504327086972,nan
23,2,0.0005907602438655943,0.0005907530322187997,nan
23,3,0.0005907530322191568,0.0005907602438652372,1.6643585297405648e-29
23,4,0.0007012407916879624,0.0007012407916883831,nan
24,1,0.0005907493649638103,0.0005907493649641673,nan
24,2,0.0005907493649641672,0.0005907493649638102,nan
24,3,0.0005907493649641672,0.00059074936496381,nan
24,4,0.0005907493649638099,0.0005907493649641671,4.160909500512593e-30
25,1,0.0005103416219122478,0.0005103416219125579,0.0
25,2,0.00059074669565911,0.0005907414311344896,nan
25,3,0.0005907414311348467,0.0005907466956587529,nan
25,4,0.0005907485876167765,0.0005907485876171337,nan
26,1,0.0005103396196429966,0.0005103356954999333,nan
26,2,0.0005103396196433067,0.0005103356954996232,0.0
26,3,0.0005907406590530659,0.0005907459191909751,nan
26,4,0.0005907406590527086,0.0005907459191913321,nan
27,1,0.0005103336960604302,0.0005103336960607403,nan
27,2,0.0005103390399897573,0.000510335119114005,nan
27,3,0.0005103351191143151,0.0005103390399894471,1.705917959422415e-29
27,4,0.0005907379944138484,0.0005907379944142054,nan
28,1,0.0005103331203319643,0.0005103331203322744,nan
28,2,0.0005103331203322744,0.0005103331203319643,nan
28,3,0.0005103331203322743,0.0005103331203319642,nan
28,4,0.0005103331203319641,0.0005103331203322742,4.264802073847586e-30
29,1,0.00044919566577426937,0.0004491956657745434,0.0
29,2,0.0005103316002888295,0.0005103286121041894,nan
29,3,0.0005103286121044994,0.0005103316002885193,nan
29,4,0.0005103326824321183,0.0005103326824324283,nan
30,1,0.0004491944835618246,0.000449192170611759,nan
30,2,0.00044919448356209866,0.00044919217061148496,0.0
30,3,0.0005103281764746308,0.0005103311627728588,nan
30,4,0.0005103281764743206,0.0005103311627731689,nan
31,1,0.00044919098966630255,0.0004491909896665766,nan
31,2,0.00044919414451673314,0.00044919183302532156,nan
31,3,0.00044919183302559554,0.000449194144516459,1.737588050995569e-29
31,4,0.0005103266584490808,0.0005103266584493909,nan
32,1,0.0004491906523781025,0.00044919065237837655,nan
32,2,0.0004491906523783765,0.00044919065237810247,nan
32,3,0.00044919065237837645,0.00044919065237810236,nan
32,4,0.00044919065237810236,0.0004491906523783764,4.3439743629206404e-30
33,1,0.00040113655523530095,0.0004011365552355464,0.0
33,2,0.00044918972425785737,0.00044918790416586537,nan
33,3,0.00044918790416613935,0.0004491897242575832,nan
33,4,0.0004491903872008005,0.0004491903872010745,nan
34,1,0.0004011358128274607,0.0004011343623965753,nan
34,2,0.00040113581282770613,0.0004011343623963298,0.0
34,3,0.0004491876400746744,0.0004491894592659318,nan
34,4,0.0004491876400744003,0.0004491894592662058,nan
35,1,0.0004011336206127155,0.0004011336206129609,nan
35,2,0.00040113560146150603,0.00040113415174731067,nan
35,3,0.0004011341517475562,0.0004011356014612605,1.7625237252325395e-29
35,4,0.00044918671292164703,0.0004491867129219211,nan
36,1,0.0004011334101118679,0.0004011334101121133,nan
36,2,0.0004011334101121133,0.0004011334101118678,nan
36,3,0.0004011334101121133,0.0004011334101118678,nan
36,4,0.0004011334101118677,0.00040113341011211324,4.406311972139642e-30
37,1,0.0003623684626426731,0.00036236846264289536,0.0
37,2,0.00040113281177347993,0.0004011316406390774,nan
37,3,0.00040113164063932294,0.0004011328117732344,nan
37,4,0.00040113324026766684,0.00040113324026791236,nan
38,1,0.0003623679731686358,0.0003623670180189796,nan
38,2,0.000362367973168858,0.00036236701801875727,0.0
38,3,0.0004011314713583535,0.0004011326420261019,nan
38,4,0.0004011314713581079,0.00040113264202634735,nan
39,1,0.0003623665288761584,0.00036236652887638066,nan
39,2,0.00036236783462378425,0.00036236687985379955,nan
39,3,0.00036236687985402187,0.0003623678346235619,1.7826667745794644e-29
39,4,0.0004011308735224257,0.0004011308735226712,nan
40,1,0.0003623663907904636,0.00036236639079068587,nan
40,2,0.0003623663907906858,0.0003623663907904636,nan
40,3,0.00036236639079068587,0.00036236639079046345,nan
40,4,0.00036236639079046345,0.0003623663907906858,4.4566686891361e-30
41,1,0.00033043429107678995,0.000330434291076993,0.0
41,2,0.0003623659878957882,0.0003623652005122253,nan
41,3,0.00036236520051244754,0.0003623659878955658,nan
41,4,0.00036236627702563386,0.0003623662770258562,nan
42,1,0.00033043395538712096,0.00033043330098110195,nan
42,2,0.000330433955387324,0.0003304333009808989,0.0
42,3,0.0003623650870593667,0.00036236587418480936,nan
42,4,0.00036236508705914425,0.0003623658741850317,nan
43,1,0.00033043296547820576,0.00033043296547840883,nan
43,2,0.00033043386082232476,0.00033043320663002265,nan
43,3,0.0003304332066302257,0.0003304338608221216,1.799277867254433e-29
43,4,0.0003623646844430608,0.00036236468444328314,nan
44,1,0.0003304328711723149,0.000330432871172518,nan
44,2,0.000330432871172518,0.000330432871172315,nan
44,3,0.00033043287117251805,0.0003304328711723148,nan
44,4,0.0003304328711723148,0.00033043287117251794,4.498195869878193e-30
45,1,0.00030367324412425024,0.0003036732441244372,0.0
45,2,0.000330432590033019,0.000330432041287215,nan
45,3,0.00033043204128741806,0.0003304325900328158,nan
45,4,0.00033043279213176916,0.0003304327921319723,nan
46,1,0.0003036730062768711,0.0003036725430023154,nan
46,2,0.0003036730062770581,0.0003036725430021286,0.0
46,3,0.00033043196242885526,0.00033043251102400227,nan
46,4,0.00033043196242865203,0.0003304325110242054,nan
47,1,0.00030367230526563574,0.0003036723052658227,nan
47,2,0.0003036729395398395,0.0003036724763917408,nan
47,3,0.0003036724763919277,0.00030367293953965246,1.8132111387036257e-29
47,4,0.0003304316814521175,0.00033043168145232063,nan
48,1,0.00030367223868205947,0.00030367223868224644,nan
48,2,0.0003036722386822465,0.00030367223868205963,nan
48,3,0.00030367223868224655,0.00030367223868205947,nan
48,4,0.0003036722386820594,0.00030367223868224644,4.533028698052976e-30
49,1,0.0002809223908285583,0.0002809223908287315,0.0
49,2,0.00030367203657976466,0.0003036716425164882,nan
49,3,0.0003036716425166751,0.00030367203657957764,nan
49,4,0.0003036721820692629,0.0003036721820694499,nan
50,1,0.0002809222176260164,0.0002809218805128989,nan
50,2,0.0002809222176261896,0.0002809218805127258,0.0
50,3,0.00030367158601493464,0.0003036719799862316,nan
50,4,0.0003036715860147475,0.00030367197998641855,nan
51,1,0.0002809217073787621,0.0002809217073789354,nan
51,2,0.0002809221691903041,0.00028092183215519794,nan
51,3,0.00028092183215537114,0.0002809221691901309,1.8250658460712135e-29
51,4,0.0003036713840118217,0.0003036713840120087,nan
52,1,0.0002809216590378853,0.00028092165903805856,nan
52,2,0.0002809216590380585,0.0002809216590378854,nan
52,3,0.0002809216590380586,0.0002809216590378853,nan
52,4,0.0002809216590378852,0.0002809216590380585,4.56266523497883e-30
53,1,0.0002613430987131947,0.0002613430987133561,0.0
53,2,0.00028092151004532065,0.000280921219794169,nan
53,3,0.0002809212197943422,0.00028092151004514745,nan
53,4,0.0002809216174316437,0.000280921617431817,nan
54,1,0.0002613429696061257,0.0002613427184789587,nan
54,2,0.000261342969606287,0.0002613427184787974,0.0
54,3,0.00028092117825847195,0.0002809214684512772,nan
54,4,0.00028092117825829853,0.0002809214684514504,nan
55,1,0.0002613425894156823,0.0002613425894158437,nan
55,2,0.0002613429336052518,0.0002613426825279392,nan
55,3,0.0002613426825281005,0.00026134293360509045,1.835274843985083e-29
55,4,0.00028092102932870196,0.00028092102932887527,nan
56,1,0.0002613425534755341,0.00026134255347569547,nan
56,2,0.0002613425534756954,0.00026134255347553414,nan
56,3,0.00026134255347569547,0.0002613425534755341,nan
56,4,0.000261342553475534,0.00026134255347569536,4.5881875718889624e-30
57,1,0.00024431535019690115,0.0002443153501970522,0.0
57,2,0.00026134244123564234,0.00026134222274843446,nan
57,3,0.0002613422227485958,0.000261342441235481,nan
57,4,0.0002613425222163003,0.00026134252221646166,nan
58,1,0.0002443152520011603,0.00024431506110717465,nan
58,2,0.00024431525200131125,0.0002443150611070237,0.0
58,3,0.00026134219153541667,0.0002613424099843699,nan
58,4,0.0002613421915352552,0.00026134240998453115,nan
59,1,0.000244314962940334,0.0002443149629404851,nan
59,2,0.0002443152246878688,0.00024431503382671985,nan
59,3,0.0002443150338268708,0.00024431522468771775,1.8441585962084608e-29
59,4,0.0002613420793365572,0.00026134207933671853,nan
60,1,0.0002443149356671305,0.0002443149356672816,nan
60,2,0.0002443149356672816,0.0002443149356671306,nan
60,3,0.0002443149356672816,0.00024431493566713056,nan
60,4,0.0002443149356671305,0.00024431493566728153,4.610396841796122e-30
61,1,0.0002293708612801944,0.00022937086128033634,0.0
61,2,0.00024431484951335027,0.000244314681916274,nan
61,3,0.000244314681916425,0.00024431484951319924,nan
61,4,0.00024431491172884317,0.0002443149117289942,nan
62,1,0.0002293707852723908,0.0002293706375856102,nan
62,2,0.00022937078527253274,0.00022937063758546837,0.0
62,3,0.0002443146580091345,0.0002443148255803941,nan
62,4,0.00024431465800898343,0.00024431482558054515,nan
63,1,0.00022937056159738698,0.00022937056159752888,nan
63,2,0.00022937076417672053,0.000229370616512138,nan
63,3,0.00022937061651227987,0.00022937076417657855,1.8519594313227202e-29
63,4,0.00024431457188290483,0.0002443145718830559,nan
64,1,0.00022937054052888972,0.00022937054052903162,nan
64,2,0.00022937054052903164,0.0002293705405288898,nan
64,3,0.00022937054052903167,0.00022937054052888967,nan
64,4,0.00022937054052888967,0.00022937054052903164,4.629898850170365e-30
65,1,0.00021614933915664703,0.00021614933915678087,0.0
65,2,0.00022937047330348154,0.00022937034260377945,nan
65,3,0.00022937034260392131,0.00022937047330333956,nan
65,4,0.00022937052188816176,0.00022937052188830374,nan
66,1,0.00021614927940821624,0.00021614916336567868,nan
66,2,0.0002161492794083501,0.00021614916336554492,0.0
66,3,0.00022937032398457404,0.00022937045466640244,nan
66,4,0.000229370323984432,0.0002293704546665444,nan
67,1,0.00021614910363082168,0.00021614910363095552,nan
67,2,0.0002161492628571177,0.00021614914682992876,nan
67,3,0.0002161491468300626,0.0002161492628569838,1.8588639888806865e-29
67,4,0.0002293702567781052,0.00022937025677824716,nan
68,1,0.0002161490870985725,0.00021614908709870635,nan
68,2,0.00021614908709870635,0.00021614908709857256,nan
68,3,0.0002161490870987064,0.00021614908709857245,nan
68,4,0.00021614908709857245,0.00021614908709870635,4.647160185881377e-30
69,1,0.00020436904787840226,0.00020436904787852892,0.0
69,2,0.00021614903387671703,0.0002161489304554933,nan
69,3,0.00021614893045562714,0.00021614903387658313,nan
69,4,0.0002161490723675799,0.0002161490723677138,nan
70,1,0.00020436900026438723,0.00020436890782594307,nan
70,2,0.00020436900026451387,0.00020436890782581647,0.0
70,3,0.00021614891573970533,0.00021614901914826845,nan
70,4,0.00021614891573957138,0.00021614901914840235,nan
71,1,0.00020436886022152906,0.0002043688602216557,nan
71,2,0.00020436898709719778,0.00020436889466957656,nan
71,3,0.00020436889466970322,0.00020436898709707112,1.8650183479355121e-29
71,4,0.00021614886253113925,0.00021614886253127318,nan
72,1,0.0002043688470676835,0.00020436884706781015,nan
72,2,0.00020436884706781012,0.0002043688470676835,nan
72,3,0.00020436884706781017,0.00020436884706768346,nan
72,4,0.00020436884706768343,0.00020436884706781015,4.6625460401017776e-30
73,1,0.00019380650396414495,0.00019380650396426513,4.108280479617662e-05
73,2,0.00020436880438536877,0.00020436872148227908,nan
73,3,0.00020436872148240574,0.0002043688043852421,nan
73,4,0.00020436883527295667,0.00020436883527308338,nan
74,1,0.00019380646555415396,0.00019380639101127642,nan
74,2,0.0001938064612127053,0.000193806377029345,4.122801115744973e-05
74,3,0.00020436870969849273,0.00020436879259243764,nan
74,4,0.0002043687096982727,0.00020436879259255088,nan
75,1,0.00019380635260856602,0.0001938063526084066,nan
75,2,0.0001938064506069484,0.0001938063664315751,nan
75,3,0.00019380638972229023,0.00019380648260238325,4.168407560951575e-05
75,4,0.00020436866702569178,0.00020436866702616249,nan
76,1,0.00019380634201256094,0.00019380634201237443,nan
76,2,0.0001938063376712039,0.00019380632803046478,nan
76,3,0.0001938063513212592,0.0001938063696667926,nan
76,4,0.0001938063556193158,0.00019380638372565757,4.183015875259645e-05
77,1,0.0001842965762751837,0.00018432625504202963,0.0003779121963183345
77,2,0.0001938063032066817,0.0001938062266976504,nan
77,3,0.00019380624978108693,0.00019380633509631754,nan
77,4,0.00019380634610998565,0.00019380637418769036,nan
78,1,0.00018429654507890465,0.00018432616336634713,nan
78,2,0.00018429653063963136,0.00018432611474007086,0.0003791625245770404
78,3,0.000193806240279559,0.00019380632555972876,nan
78,4,0.00019380624457740773,0.00019380633961855665,nan
79,1,0.00018429645267052948,0.0001843261319700581,nan
79,2,0.00018429652195868572,0.00018432610608800205,nan
79,3,0.0001842674169680786,0.0001842380208042903,0.00038311420779872787
79,4,0.00019380620979374665,0.00019380623724737223,nan
80,1,0.00018429644399684756,0.00018432612331929508,nan
80,2,0.00018429642955778474,0.00018432607469307463,nan
80,3,0.00018426738551801346,0.0001842379282863947,nan
80,4,0.0001842674003857018,0.0001842379774124352,0.00038435741638192145
81,1,0.0001757669319279407,0.0001760263731605062,0.0004792044981627847
81,2,0.00018429640226662417,0.00018432599472319788,nan
81,3,0.00018426730415701498,0.00018423790028856613,nan
81,4,0.00018426739287481447,0.00018423796970377557,nan
82,1,0.00017576690701437647,0.00017602630020028347,nan
82,2,0.00017576690451167142,0.00017602629127468444,0.00048092080711526907
82,3,0.000184267296651563,0.00018423789258083663,nan
82,4,0.00018426731151944092,0.00018423794170688106,nan
83,1,0.00017576682893167428,0.00017602627384740265,nan
83,2,0.00017576689710544087,0.00017602628402587156,nan
83,3,0.00017551619337791206,0.00017526747411134727,0.0004859175658172461
83,4,0.00018426728202161554,0.00018423785460183861,nan
84,1,0.00017576682153123507,0.00017602626659967376,nan
84,2,0.00017576681902829134,0.00017602625767404107,nan
84,3,0.00017551616668820116,0.00017526739530220015,nan
84,4,0.00017551616476131206,0.00017526740199260668,0.00048750622788448024
85,1,0.0001681294915681329,0.0001689855621095979,0.00023397401125189326
85,2,0.0001757667979211059,0.00017602619615566273,nan
85,3,0.0001755161021718714,0.00017526737269462763,nan
85,4,0.00017551615899782428,0.00017526739577523686,nan
86,1,0.00016812947209481248,0.00016898550536606355,nan
86,2,0.000168129473471367,0.0001689855171110179,0.00023478774454890037
86,3,0.00017551609641189587,0.0001752673664777922,nan
86,4,0.0001755160944850854,0.00017526737316820565,nan
87,1,0.00016812940350339518,0.00016898548245204367,nan
87,2,0.0001681294668706527,0.00016898551082675727,nan
87,3,0.00016731597409184895,0.00016655007188874133,0.00023717356696286433
87,4,0.00017551606852087272,0.00017526729585949597,nan
88,1,0.00016812939690779845,0.00016898547616883943,nan
88,2,0.00016812939828420828,0.00016898548791376472,nan
88,3,0.00016731595070017255,0.00016655000214533934,nan
88,4,0.00016731593733733993,0.00016654998473366234,0.0002378168807836676
89,1,0.00016123715930963813,0.00016308747070688432,0.01275956956966487
89,2,0.00016812938199434337,0.00016898544059792343,nan
89,3,0.00016731589931105663,0.0001665499838597278,nan
89,4,0.00016731593296328136,0.0001665499796918474,nan
90,1,0.00016123714413323248,0.00016308742658256248,nan
90,2,0.00016123713698247235,0.00016308731769962563,0.012805054880605007
90,3,0.00016731589493913237,0.00016654997881818706,nan
90,4,0.00016731588157602262,0.00016654996140649832,nan
91,1,0.00016123708231583194,0.00016308740603131295,nan
91,2,0.00016123713099565508,0.00016308731208734,nan
91,3,0.00015949356957672977,0.00015798634838290173,0.012992319572921879
91,4,0.00016731585856673777,0.0001665498919930899,nan
92,1,0.00016123707633383026,0.00016308740042018672,nan
92,2,0.0001612370691841754,0.0001630872915374986,nan
92,3,0.00015949354900155732,0.00015798628604369734,nan
92,4,0.00015949364078812989,0.00015798642669185415,0.01302023710834007
93,1,0.00015495306613267534,0.00015820907406655189,2.483857080233218e-07
93,2,0.00016123705664960653,0.0001630872550789184,nan
93,3,0.00015949350778718526,0.00015798627122897893,nan
93,4,0.00015949363750937407,0.00015798642257327592,nan
94,1,0.00015495305435667462,0.00015820903970852954,nan
94,2,0.00015495305002919923,0.00015820893918166588,2.604585012440251e-07
94,3,0.0001594935045098395,0.00015798626711054895,nan
94,4,0.00015949359629638285,0.00015798640775865747,nan
95,1,0.00015495299733884023,0.00015820902067590676,nan
95,2,0.0001549530445498161,0.00015820893401054717,nan
95,3,0.0001518789971405083,0.0001495493115899957,5.072016855049074e-07
95,4,0.00015949357599679122,0.0001579863452797181,nan
96,1,0.00015495299186384185,0.0001582090155059073,nan
96,2,0.00015495298753621763,0.0001582089149790452,nan
96,3,0.00015187897918285463,0.00014954925577931625,nan
96,4,0.00015187905244586208,0.00014954937638625543,4.99029712071061e-07
97,1,0.0001491593718790765,0.00015414091401342583,0.017524590444821027
97,2,0.00015495297772602485,0.00015820888620432424,nan
97,3,0.00015187894570631581,0.00014954924376703294,nan
97,4,0.00015187904997031074,0.00014954937299161713,nan
98,1,0.00014915936260540035,0.00015414088666161345,nan
98,2,0.00014915934975960873,0.0001541408833382204,0.017593817000813732
98,3,0.00015187894323173248,0.0001495492403724602,nan
98,4,0.00015187901649477037,0.00014954936097934924,nan
99,1,0.0001491593100589583,0.00015414086879833713,nan
99,2,0.00014915934482011747,0.00015414087851363045,nan
99,3,0.00014442774036227036,0.00014139770761309147,0.018565573484389013
99,4,0.00015187899912738747,0.00014954930612366118,nan
100,1,0.00014915930512334998,0.00015414086397476522,nan
100,2,0.00014915929227613876,0.0001541408606510459,nan
100,3,0.00014442772515769228,0.00014139765878173942,nan
100,4,0.00014442761198626318,0.00014139762937434415,0.01858674044613815
101,1,0.00014377203175030412,0.00015073404433075808,0.1220604665413888
101,2,0.000149159284513869,0.00015414083751954426,nan
101,3,0.00014442769773155244,0.00014139764904241067,nan
101,4,0.00014442761011236867,0.00014139762655325869,nan
102,1,0.0001437720243781078,0.00015073402218303159,nan
102,2,0.00014377197546677284,0.0001507342114810016,0.12253611245896381
102,3,0.0001444276958583588,0.0001413976462213322,nan
102,4,0.0001444275826869811,0.0001413976168139086,nan
103,1,0.00014377197625437362,0.00015073400531491493,nan
103,2,0.00014377197108623996,0.00015073420695417596,nan
103,3,0.00013713534746352725,0.00013367655763730309,0.13329523294137235
103,4,0.00014442756827798576,0.00014139756980368167,nan
104,1,0.00014377197187715097,0.00015073400078890822,nan
104,2,0.00014377192296282623,0.00015073419008606204,nan
104,3,0.00013713533496253466,0.00013367651583901026,nan
104,4,0.00013713477006279683,0.0001336762374678046,0.1333929893794347
105,1,0.0001387303063532714,0.00014785977260119016,0.3635122752623611
105,2,0.00014377191674192548,0.00015073417111542413,nan
105,3,0.00013713531233580715,0.0001336765079395374,nan
105,4,0.00013713476863675,0.00013367623510415744,nan
106,1,0.00013873030042408716,0.00014785975432854816,nan
106,2,0.0001387301833763602,0.00014786020068488888,0.3649278080770605
106,3,0.0001371353109102796,0.0001336765055758577,nan
106,4,0.00013713474601063664,0.00013367622720467372,nan
107,1,0.00013873025711265516,0.00014785973851548005,nan
107,2,0.0001387301795685794,0.00014786019646887392,nan
107,3,0.00013007915875438563,0.0001265222762262125,0.4099702568199778
107,4,0.0001371347344272004,0.000133676187992006,nan
108,1,0.00013873025330760847,0.00014785973430008422,nan
108,2,0.00013873013625623616,0.00014786018065527265,nan
108,3,0.00013007914875827603,0.00012652224130239664,nan
108,4,0.00013007794438363434,0.00012652174654576161,0.410183755000026
109,1,0.00013401357813358524,0.0001453007901885595,0.015657397839341145
109,2,0.0001387301309732555,0.00014786016419835626,nan
109,3,0.00013007912994292292,0.0001265222349092992,nan
109,4,0.00013007794324011197,0.00012652174455851314,nan
110,1,0.0001340135730860325,0.00014530077428182717,nan
110,2,0.0001340134421131746,0.00014530124444848305,0.01569799523603149
110,3,0.0001300791287996872,0.0001265222329220341,nan
110,4,0.00013007792442539946,0.00012652173816554243,nan
111,1,0.00013401353566015555,0.00014530075999137225,nan
111,2,0.00013401343888043486,0.00014530124066311102,nan
111,3,0.00012350865610480456,0.00012004218856097716,0.01639521984909517
111,4,0.00013007791537253315,0.00012652170649150496,nan
112,1,0.0001340135324296641,0.00014530075620685973,nan
112,2,0.00013401340145738558,0.00014530122637356675,nan
112,3,0.00012350864827126635,0.00012004216021506582,nan
112,4,0.00012350753249782778,0.00012004171536540865,0.016408406883720045
113,1,0.00012956897451480082,0.00014309563018610231,0.07220164204915755
113,2,0.00013401339710126994,0.00014530121237900994,nan
113,3,0.00012350863253680317,0.00012004215498066494,nan
113,4,0.00012350753160844823,0.0001200417136736549,nan
114,1,0.0001295689703433151,0.0001430956166038733,nan
114,2,0.0001295688125949439,0.00014309614775993168,0.07244447727938517
114,3,0.00012350863164764292,0.00012004215328888893,nan
114,4,0.000123507515874454,0.00012004170843933507,nan
115,1,0.00012956893793384354,0.00014309560363076499,nan
115,2,0.0001295688098464681,0.00014309614434293265,nan
115,3,0.00011737974327842269,0.00011417366775099489,0.0812440898341485
115,4,0.00012350750878025558,0.00012004168275856193,nan
116,1,0.0001295689351871,0.00014309560021442358,nan
116,2,0.00012956877743893852,0.00014309613137041062,nan
116,3,0.00011737973711965014,0.00011417364465308038,nan
116,4,0.00011737863315040357,0.0001141732405461083,0.08128658903529414
117,1,0.0001253751809972752,0.00014116168237232813,0.0562772696321619
117,2,0.00012956877377254998,0.000143096119202845,nan
117,3,0.00011737972386501364,0.00011417364034044582,nan
117,4,0.0001173786324452913,0.0001141732390966317,nan
118,1,0.00012537517747975748,0.00014116167052568462,nan
118,2,0.00012537500990011832,0.00014116224118642233,0.05133768568095749
118,3,0.0001173797231600568,0.00011417363889095488,nan
118,4,0.0001173786191910784,0.0001141732347840784,nan
119,1,0.00012537514997175797,0.00014116165899513719,nan
119,2,0.0001253750075714761,0.00014116223816334523,nan
119,3,0.0001117943072977292,0.00010887298443515789,0.07040857688292017
119,4,0.00011737861362562695,0.00011417321406210461,nan
120,1,0.00012537514764443845,0.00014116165597267004,nan
120,2,0.00012537498006579182,0.00014116222663363229,nan
120,3,0.00011179430243241703,0.00010887296569421802,nan
120,4,0.00011179340372286654,0.00010887261594363964,0.04732607400868533
121,1,0.00012140418960307573,0.0001394408583718762,0.004542414751175557
121,2,0.0001253749769258929,0.00014116221584344085,nan
121,3,0.00011179429113502744,0.00010887296210396983,nan
121,4,0.00011179340315375191,0.00010887261469145136,nan
122,1,0.00012140418658992905,0.00013944084789417548,nan
122,2,0.00012142428841244374,0.00013944147381281317,0.0068125668219208325
122,3,0.0001117942905656192,0.00010887296085787993,nan
122,4,0.00011179339193498085,0.00010887261111910656,nan
123,1,0.00012140416333286301,0.00013944083770619107,nan
123,2,0.00012142428643027358,0.00013944147115042154,nan
123,3,0.00010674220642958488,0.00010406607239785144,0.0008918326418221278
123,4,0.00011179338751918923,0.0001088725942805859,nan
124,1,0.00012140416135444447,0.00013944083508060035,nan
124,2,0.00012142426342688235,0.00013944146110172434,nan
124,3,0.00010674220254043482,0.00010406605713085304,nan
124,4,0.00010681353511381923,0.00010406724871820532,0.009450773073485364
125,1,0.0001176177162856808,0.0001378870819042596,0.09488751850978763
125,2,0.00012142426068785563,0.0001394414513150697,nan
125,3,0.0001067421927464747,0.00010406605410108702,nan
125,4,0.00010681353464568502,0.00010406724762467628,nan
126,1,0.00011761771367014241,0.0001378870725710719,nan
126,2,0.0001177253692281289,0.00013788841169435866,0.10924267436574994
126,3,0.00010674219227715499,0.00010406605303130213,nan
126,4,0.00010681352514998437,0.00010406724466148295,nan
127,1,0.00011761769380144286,0.00013788706347212608,nan
127,2,0.00011772536752829507,0.00013788840932094676,nan
127,3,0.00010212548658256135,9.968437944215683e-05,0.1769500417302018
127,4,0.00010681352159661396,0.00010406723081967704,nan
128,1,0.00011761769210905092,0.0001378870612305993,nan
128,2,0.00011772534848885929,0.00013788840072437373,nan
128,3,0.00010212548343522953,9.968436689237823e-05,nan
128,4,0.00010246745000330054,9.968597213741751e-05,0.0714158172594665
129,1,0.00011398634430525514,0.00013646199822311972,0.804845948018302
129,2,0.00011772534605139913,0.0001378883916560264,nan
129,3,0.0001021254748227196,9.968436430627963e-05,nan
129,4,0.00010246744961007219,9.96859711739824e-05,nan
130,1,0.00011398634200790731,0.000136461989864254,nan
130,2,0.00011428202725587444,0.0001364669096767143,0.7708752820370913
130,3,0.00010212547442812798,9.968436338892918e-05,nan
130,4,0.00010246744156207578,9.96859687138442e-05,nan
131,1,0.00011398632485624324,0.0001364619816423063,nan
131,2,0.00011428202578808917,0.00013646690753282934,nan
131,3,9.785557093904085e-05,9.567184281324422e-05,1.5682862708013696
131,4,0.00010246743866257238,9.968595722447196e-05,nan
132,1,0.00011398632339913861,0.00013646197973637123,nan
132,2,0.00011428200998849804,0.00013646690021211895,nan
132,3,9.785556836759785e-05,9.567183237296306e-05,nan
132,4,9.870254437783745e-05,9.567363728425834e-05,0.19358341043566152
133,1,0.00011046224553196729,0.0001351524864459983,0.8870771342005304
133,2,0.00011428200779966888,0.00013646689166342866,nan
133,3,9.785556064160476e-05,9.567183012844451e-05,nan
133,4,9.870254404608926e-05,9.567363642346653e-05,nan
134,1,0.00011046224352686327,0.0001351524790438525,nan
134,2,0.0001111019096714461,0.00013516835081063287,1.0356899269679392
134,3,9.785556030837942e-05,9.5671829344231e-05,nan
134,4,9.870253725529868e-05,9.567363438594414e-05,nan
135,1,0.00011046222859801885,0.00013515247153201405,nan
135,2,0.0001111019083951954,0.00013516834884885786,nan
135,3,9.385746593330205e-05,9.197743736127532e-05,1.626237213077959
135,4,9.87025348562476e-05,9.567362477595291e-05,nan
136,1,0.00011046222733798972,0.00013515246992493516,nan
136,2,0.00011110189526492084,0.00013516834266740535,nan
136,3,9.385746381981566e-05,9.197742858004601e-05,nan
136,4,9.548134663264001e-05,9.199258777301492e-05,0.5603673255256713
137,1,0.00010701725522820747,0.00013393443735906283,1.4407011555188514
137,2,0.0001111018932606215,0.0001351683344404206,nan
137,3,9.385745679036854e-05,9.197742660824357e-05,nan
137,4,9.548134634888574e-05,9.199258699681625e-05,nan
138,1,0.00010701725347867479,0.00013393443083738361,nan
138,2,0.00010818400398635701,0.00013397604147798948,1.3753566754034654
138,3,9.385745650597722e-05,9.197742593924009e-05,nan
138,4,9.548134063050362e-05,9.199258531368943e-05,nan
139,1,0.00010701724048999122,0.00013393442396974106,nan
139,2,0.000108184002866916,0.0001339760396772212,nan
139,3,9.01048024312513e-05,8.854664252272752e-05,2.788534556341177
139,4,9.548133861300584e-05,9.199257721896929e-05,nan
140,1,0.00010701723939813917,0.0001339344226069555,nan
140,2,0.00010818399181989587,0.00013397603442068834,nan
140,3,9.010480068669752e-05,8.854663506820592e-05,nan
140,4,9.271578307907073e-05,8.861664859755452e-05,0.3984916795606517
141,1,0.00010363402251916374,0.0001327746499525918,2.269810637545764
141,2,0.00010818398992893261,0.00013397602630878166,nan
141,3,9.010479421730293e-05,8.854663331914119e-05,nan
141,4,9.271578283065814e-05,8.861664789321479e-05,nan
142,1,0.00010363402097927674,0.00013277464419934046,nan
142,2,0.00010552812869012247,0.00013286431259900385,1.9074635072959083
142,3,9.010479396952938e-05,8.854663275080487e-05,nan
142,4,9.271577803595394e-05,8.861664650978636e-05,nan
143,1,0.000103634009711938,0.00013277463793598808,nan
143,2,0.00010552812769532378,0.0001328643109456931,nan
143,3,8.65828250951183e-05,8.531479329125257e-05,4.115123356468936
143,4,9.271577630322515e-05,8.86166396235927e-05,nan
144,1,0.00010363400876504649,0.00013277463677069837,nan
144,2,0.0001055281182855658,0.0001328643064244701,nan
144,3,8.658282364477683e-05,8.531478692694954e-05,nan
144,4,9.032128651251088e-05,8.551800483725147e-05,0.5010483631241138
145,1,0.00010031769268297117,0.0001316393878764671,2.351614491133973
145,2,0.00010552811644608134,0.0001328642982918856,nan
145,3,8.658281767463904e-05,8.531478536951819e-05,nan
145,4,9.032128628845975e-05,8.55180041980769e-05,nan
146,1,0.0001003176913027574,0.00013163938273298709,nan
146,2,0.00010312123902518341,0.00013180330236502204,2.0040887546089947
146,3,8.658281745311349e-05,8.531478488779879e-05,nan
146,4,9.032128226435825e-05,8.551800306291311e-05,nan
147,1,0.00010031768157271763,0.00013163937705844338,nan
147,2,0.00010312123812559872,0.00013180330085303365,nan
147,3,8.329169603696851e-05,8.221331220099007e-05,4.249210807900889
147,4,9.032128073907637e-05,8.55179971189965e-05,nan
148,1,0.0001003176807502455,0.00013163937605221472,nan
148,2,0.00010312123002281542,0.00013180329690975427,nan
148,3,8.329169481621379e-05,8.221330674972905e-05,nan
148,4,8.822271694804989e-05,8.266182071960232e-05,0.5280174758619096
149,1,9.707417138469563e-05,0.0001305049695728618,2.213989421370676
149,2,0.00010312122819293803,0.00013180328867795776,nan
149,3,8.329168929664481e-05,8.221330535838703e-05,nan
149,4,8.82227167411792e-05,8.266182013995402e-05,nan
150,1,9.707417012979744e-05,0.0001305049649156726,nan
150,2,0.0001009461595315271,0.00013077218995047058,1.9536321990670962
150,3,8.32916890947456e-05,8.221330495113334e-05,nan
150,4,8.822271335755701e-05,8.266181920823959e-05,nan
151,1,9.707416176946553e-05,0.00013050495982767698,nan
151,2,0.00010094615870033984,0.00013077218857787651,nan
151,3,8.024183042234447e-05,7.917310956577531e-05,3.9235995737698497
151,4,8.822271197869673e-05,8.266181397552372e-05,nan
152,1,9.707416105362748e-05,0.0001305049589548601,nan
152,2,0.00010094615167264282,0.000130772185109016,nan
152,3,8.024182938108498e-05,7.917310488792812e-05,nan
152,4,8.637064812592346e-05,8.001611072255909e-05,0.5473787753667877
153,1,9.385882994430467e-05,0.00012932954542690923,1.3216227423812295
153,2,0.0001009461497739687,0.0001307721764610395,nan
153,3,8.024182414326937e-05,7.917310362475782e-05,nan
153,4,8.637064792933002e-05,8.001611019103943e-05,nan
154,1,9.385882879083918e-05,0.0001293295412295475,nan
154,2,9.902854910779904e-05,0.00012974880382411776,0.6411945603558669
154,3,8.024182395430663e-05,7.917310328840311e-05,nan
154,4,8.637064516974867e-05,8.001610944035554e-05,nan
155,1,9.385882167537731e-05,0.0001293295367655659,nan
155,2,9.902854829703263e-05,0.00012974880259833312,nan
155,3,7.746659368074665e-05,7.602110340747985e-05,1.553958620621518
155,4,8.63706438440416e-05,8.001610460510148e-05,nan
156,1,9.38588210518404e-05,0.00012932953602560774,nan
156,2,9.902854225237599e-05,0.0001297487996002433,nan
156,3,7.746659278123265e-05,7.602109940573512e-05,nan
156,4,8.477140774513848e-05,7.755378224144341e-05,0.05432763293097074
157,1,9.071622168959966e-05,0.00012810173181667016,2.3098834300257396
157,2,9.902854027371883e-05,0.0001297487906411114,nan
157,3,7.746658787921863e-05,7.602109827271288e-05,nan
157,4,8.477140755391429e-05,7.755378175976397e-05,nan
158,1,9.07162206055345e-05,0.00012810172789770103,nan
158,2,9.732520778840491e-05,0.00012871160787616775,1.261601993037016
158,3,7.746658769913155e-05,7.602109799519098e-05,nan
158,4,8.477140525867452e-05,7.755378114879586e-05,nan
159,1,9.071621447102375e-05,0.0001281017240071755,nan
159,2,9.732520698142787e-05,0.0001287116067804482,nan
159,3,7.495337465579398e-05,7.273409647339019e-05,2.503910715318839
159,4,8.477140397717196e-05,7.755377655897883e-05,nan
160,1,9.071621392701029e-05,0.00012810172337307914,nan
160,2,9.732520172916122e-05,0.00012871160414760049,nan
160,3,7.49533738698395e-05,7.273409306705044e-05,nan
160,4,8.336830760556848e-05,7.524712654658874e-05,0.18609177833895169
161,1,8.766041206650933e-05,0.00012680635631314878,4.514561432784574
161,2,9.732519964946639e-05,0.00012871159487916128,nan
161,3,7.495336928801488e-05,7.273409205961983e-05,nan
161,4,8.336830741573481e-05,7.524712611208076e-05,nan
162,1,8.766041102793232e-05,0.00012680635255576443,nan
162,2,9.581764157186166e-05,0.0001276395869357598,3.0622716941659043
162,3,7.495336911278283e-05,7.273409183326991e-05,nan
162,4,8.336830549785183e-05,7.52471256144805e-05,nan
163,1,8.766040560592355e-05,0.00012680634915650122,nan
163,2,9.581764074396794e-05,0.00012763958594428677,nan
163,3,7.266623913886881e-05,6.924560112800702e-05,4.273348012521782
163,4,8.336830423757706e-05,7.524712110305469e-05,nan
164,1,8.766040513060637e-05,0.00012680634861590077,nan
164,2,9.581763618209429e-05,0.00012763958363405995,nan
164,3,7.266623844845812e-05,6.92455982547673e-05,nan
164,4,8.213897129252191e-05,7.307393254656988e-05,1.2291062213614492
165,1,8.47118366170525e-05,0.00012544722641015963,3.808162672811398
165,2,9.581763401061757e-05,0.00012763957416993632,nan
165,3,7.266623419758964e-05,6.924559737429328e-05,nan
165,4,8.213897110289457e-05,7.307393215699658e-05,nan
166,1,8.471183561504761e-05,0.00012544722273439218,nan
166,2,9.447638289928046e-05,0.00012652501486557272,2.5999391958513254
166,3,7.266623402571073e-05,6.924559719075421e-05,nan
166,4,8.213896947250452e-05,7.307393174823492e-05,nan
167,1,8.471183065128708e-05,0.00012544721971220353,nan
167,2,9.447638204633387e-05,0.00012652501394266408,nan
167,3,7.054241161551738e-05,6.558379407036968e-05,3.58132255438474
167,4,8.213896824796513e-05,7.307392726910882e-05,nan
168,1,8.471183023543176e-05,0.0001254472192497176,nan
168,2,9.447637806350428e-05,0.0001265250119023402,nan
168,3,7.054241101102681e-05,6.558379167087129e-05,nan
168,4,8.105441012197775e-05,7.101964652508857e-05,0.6881022315498969
169,1,8.184965084946407e-05,0.0001239738656606189,4.038511386278389
169,2,9.447637572218751e-05,0.0001265250019819938,nan
169,3,7.054240700872295e-05,6.558379091014413e-05,nan
169,4,8.105440992507801e-05,7.10196461750732e-05,nan
170,1,8.184964985257459e-05,0.00012397386195112456,nan
170,2,9.331850668653746e-05,0.00012532657787712553,2.0803352001269877
170,3,7.054240683372932e-05,6.558379076661815e-05,nan
170,4,8.105440857019178e-05,7.101964584657685e-05,nan
171,1,8.184964485113197e-05,0.00012397385911540687,nan
171,2,9.331850574727463e-05,0.00012532657694770772,nan
171,3,6.845125529038296e-05,6.158342263220577e-05,2.5342956498802662
171,4,8.105440734323407e-05,7.101964106271209e-05,nan
172,1,8.184964448728562e-05,0.00012397385873326092,nan
172,2,9.331850234290572e-05,0.000125326575199062,nan
172,3,6.845125476995094e-05,6.158342067350942e-05,nan
172,4,8.012704113892618e-05,6.906731950985173e-05,0.4005458565798671
173,1,7.908397523355312e-05,0.00012237057738000422,4.500818923598746
173,2,9.331849981162804e-05,0.00012532656482769317,nan
173,3,6.845125103053489e-05,6.158342004366154e-05,nan
173,4,8.012704093120611e-05,6.906731919701991e-05,nan
174,1,7.90839742298887e-05,0.00012237057353818283,nan
174,2,9.232775473148954e-05,0.0001240217210748852,1.5791169982317514
174,3,6.845125084977975e-05,6.158341993362213e-05,nan
174,4,8.012703978994765e-05,6.906731893400454e-05,nan
175,1,7.908396868802954e-05,0.00012237057054946578,nan
175,2,9.232775371679011e-05,0.0001240217200179249,nan
175,3,6.611783747022075e-05,5.742560761614679e-05,3.5858764287971185
175,4,8.012703863152749e-05,6.906731388538385e-05,nan
176,1,7.908396836988096e-05,0.00012237057023762468,nan
176,2,9.232775082842962e-05,0.00012402171853321465,nan
176,3,6.611783703938539e-05,5.742560605261265e-05,nan
176,4,7.934046688599747e-05,6.720799859683437e-05,0.3944196890038148
177,1,7.644387514834267e-05,0.0001206840216365521,4.142361788005377
177,2,9.232774818220701e-05,0.00012402170805747171,nan
177,3,6.611783365977957e-05,5.7425605565150155e-05,nan
177,4,7.934046667193304e-05,6.720799831926785e-05,nan
178,1,7.644387416230713e-05,0.00012068401769408956,nan
178,2,9.145685250434128e-05,0.0001226351005348262,1.4181173602386519
178,3,6.611783347808216e-05,5.742560547876011e-05,nan
178,4,7.934046566138914e-05,6.720799810297867e-05,nan
179,1,7.644386830809086e-05,0.00012068401448800204,nan
179,2,9.145685151933786e-05,0.00012263509934250702,nan
179,3,6.345080988566309e-05,5.356220832313846e-05,4.177684006404805
179,4,7.934046467845306e-05,6.720799332425473e-05,nan
180,1,7.64438680293817e-05,0.0001206840142264638,nan
180,2,9.145684901885316e-05,0.00012263509804841483,nan
180,3,6.345080954282873e-05,5.3562207078949176e-05,nan
180,4,7.86532220604811e-05,6.543952340667309e-05,0.23580263012497976
181,1,7.393026447868446e-05,0.00011890808408135903,4.6586038827966
181,2,9.145684625249856e-05,0.00012263508748948715,nan
181,3,6.345080654170674e-05,5.356220671978836e-05,nan
181,4,7.865322183798426e-05,6.543952316088879e-05,nan
182,1,7.393026350583733e-05,0.00011890807999120059,nan
182,2,9.069349162647515e-05,0.00012115353608879733,1.8042886166918524
182,3,6.345080636016891e-05,5.3562206651117286e-05,nan
182,4,7.865322092233588e-05,6.543952298316294e-05,nan
183,1,7.393025733118223e-05,0.00011890807642953958,nan
183,2,9.069349071998653e-05,0.00012115353472254105,nan
183,3,6.0286205793340294e-05,5.022999620498894e-05,4.557199702792529
183,4,7.865322015301816e-05,6.543951868534845e-05,nan
184,1,7.393025708679912e-05,0.00011890807621097837,nan
184,2,9.06934885691997e-05,0.0001211535336016677,nan
184,3,6.0286205531117724e-05,5.022999521354932e-05,nan
184,4,7.80545035116322e-05,6.375609088830666e-05,0.39143662050424116
185,1,7.155132752517488e-05,0.0001170757984362511,4.259863067674859
185,2,9.069348573605654e-05,0.00012115352317199237,nan
185,3,6.0286202951842417e-05,5.0229994961543706e-05,nan
185,4,7.805450328377922e-05,6.375609067096751e-05,nan
186,1,7.155132658183413e-05,0.00011707579424458529,nan
186,2,9.001008170437008e-05,0.00011959590537252681,2.0454167675041504
186,3,6.0286202776718666e-05,5.022999490442842e-05,nan
186,4,7.805450242264145e-05,6.375609052202433e-05,nan
187,1,7.155132053011414e-05,0.00011707579050991142,nan
187,2,9.001008092816634e-05,0.00011959590391521459,nan
187,3,5.6744256873401806e-05,4.7557010551549765e-05,3.418396627551915
187,4,7.805450185720923e-05,6.375608693463509e-05,nan
188,1,7.155132031516458e-05,0.00011707579032272686,nan
188,2,9.001007905326354e-05,0.0001195959029265827,nan
188,3,5.674425667844881e-05,4.7557009748183806e-05,nan
188,4,7.752094194962066e-05,6.215453914925989e-05,0.39645867948981767
189,1,6.929995488152728e-05,0.00011515654593599505,5.3519184802477
189,2,9.001007611495683e-05,0.00011959589252421485,nan
189,3,5.674425449540383e-05,4.755700957544206e-05,nan
189,4,7.752094171095214e-05,6.215453895708393e-05,nan
190,1,6.929995395002848e-05,0.00011515654154005068,nan
190,2,8.940392581105436e-05,0.00011792692234228397,2.400965811520716
190,3,5.674425432762031e-05,4.755700952717256e-05,nan
190,4,7.752094087745919e-05,6.215453883369435e-05,nan
191,1,6.929994802532925e-05,0.00011515653749546068,nan
191,2,8.940392520597219e-05,0.00011792692077346477,nan
191,3,5.265965169069193e-05,4.567923560504141e-05,6.645452935325501
191,4,7.752094051320841e-05,6.215453608383259e-05,nan
192,1,6.929994783642059e-05,0.00011515653733603485,nan
192,2,8.940392360722171e-05,0.00011792691991703635,nan
192,3,5.265965154803101e-05,4.567923494180333e-05,nan
192,4,7.705035890471685e-05,6.06311978150976e-05,0.3757173725744348
193,1,6.717910187443345e-05,0.00011319764652984662,4.538849941052835
193,2,8.940392063748069e-05,0.00011792690978753483,nan
193,3,5.265964976937532e-05,4.5679234821888484e-05,nan
193,4,7.705035866065615e-05,6.063119764479529e-05,nan
194,1,6.717910098029478e-05,0.00011319764204828399,nan
194,2,8.884811599764327e-05,0.00011618573153788826,2.349670445688226
194,3,5.265964961769774e-05,4.5679234778826054e-05,nan
194,4,7.70503578317863e-05,6.063119753943188e-05,nan
195,1,6.7179095887453e-05,0.00011319763823658491,nan
195,2,8.884811556467278e-05,0.00011618573007288996,nan
195,3,4.856886385579656e-05,4.440374068622775e-05,5.082719396099358
195,4,7.705035758348931e-05,6.063119561810843e-05,nan
196,1,6.717909572052294e-05,0.0001131976380947737,nan
196,2,8.8848114163835e-05,0.00011618572930615694,nan
196,3,4.8568863749779816e-05,4.440374011929137e-05,nan
196,4,7.661929591144493e-05,5.918380643186581e-05,0.3319889176311958
197,1,6.51817427468103e-05,0.00011118487844435825,4.329796383279822
197,2,8.88481111489342e-05,0.00011618571941120976,nan
197,3,4.856886231167286e-05,4.440374003044866e-05,nan
197,4,7.66192956590641e-05,5.9183806280609666e-05,nan
198,1,6.518174188367843e-05,0.00011118487384083544,nan
198,2,8.83347876778682e-05,0.00011435787001903947,2.287004547875449
198,3,4.8568862176855503e-05,4.440373999189311e-05,nan
198,4,7.661929481406654e-05,5.918380619050133e-05,nan
199,1,6.518173788725286e-05,0.0001111848704862823,nan
199,2,8.833478740526909e-05,0.00011435786876638682,nan
199,3,4.4759567342917915e-05,4.3546763729541725e-05,5.863550599883619
199,4,7.661929461494003e-05,5.918380501427475e-05,nan
200,1,6.518173773961434e-05,0.00011118487035773052,nan
200,2,8.8334786185828e-05,0.00011435786807896451,nan
200,3,4.475956725926914e-05,4.354676323470197e-05,nan
200,4,7.62204620120157e-05,5.7810766139374866e-05,0.1876759480482968
201,1,6.330462909532366e-05,0.00010917251691502245,2.8925664356032383
201,2,8.833478320631158e-05,0.00011435785864102937,nan
201,3,4.4759566102902216e-05,4.3546763160685775e-05,nan
201,4,7.622046175849656e-05,5.781076600428553e-05,nan
202,1,6.330462828802789e-05,0.00010917251235133625,nan
202,2,8.78452136196064e-05,0.00011249690558263576,2.1176428653326544
202,3,4.4759565987412404e-05,4.354676312563021e-05,nan
202,4,7.622046089896415e-05,5.781076592442996e-05,nan
203,1,6.330462532148656e-05,0.00010917250964761772,nan
203,2,8.784521342808637e-05,0.00011249690459050552,nan
203,3,4.15109578258421e-05,4.280026090607692e-05,0.9554595874333055
203,4,7.622046069464984e-05,5.781076514085594e-05,nan
204,1,6.330462518977967e-05,0.00010917250952668527,nan
204,2,8.784521232553187e-05,0.00011249690395175883,nan
204,3,4.151095775644297e-05,4.280026046380954e-05,nan
204,4,7.58381388825407e-05,5.650687853531778e-05,0.4723604070716064
205,1,6.15382007553208e-05,0.0001071091925871254,2.7367012020426706
205,2,8.784520931780374e-05,0.0001124968947875002,nan
205,3,4.151095680485289e-05,4.280026039728451e-05,nan
205,4,7.583813861964662e-05,5.6506878414323604e-05,nan
206,1,6.153819998137944e-05,0.00010710918793204027,nan
206,2,8.737650687317699e-05,0.00011055599091736997,1.9734966042133975
206,3,4.15109567034735e-05,4.2800260366465486e-05,nan
206,4,7.58381377160628e-05,5.650687834413359e-05,nan
207,1,6.15381980521552e-05,0.00010710918593613103,nan
207,2,8.737650673594224e-05,0.00011055599022164294,nan
207,3,3.899340193994983e-05,4.19901896131446e-05,1.6461052802908787
207,4,7.583813746488624e-05,5.6506877836493e-05,nan
208,1,6.153819793508673e-05,0.00010710918582003604,nan
208,2,8.737650576049125e-05,0.00011055598963107594,nan
208,3,3.89934018775282e-05,4.1990189223158236e-05,nan
208,4,7.546873535598349e-05,5.527395510907975e-05,0.21430532025313065
209,1,5.9875870265334695e-05,0.00010499353395288264,3.7474883195070943
209,2,8.737650273116422e-05,0.00011055598075576206,nan
209,3,3.899340107159568e-05,4.199018915869752e-05,nan
209,4,7.546873508285891e-05,5.527395500007568e-05,nan
210,1,5.987586952690203e-05,0.00010499352923273748,nan
210,2,8.691756261227752e-05,0.0001085409670522892,2.686831634872237
210,3,3.899340098117856e-05,4.19901891320464e-05,nan
210,4,7.546873412303332e-05,5.5273954937112374e-05,nan
211,1,5.9875868354166864e-05,0.00010499352789035905,nan
211,2,8.69175624801851e-05,0.00010854096660567391,nan
211,3,3.721725410529408e-05,4.102552120268133e-05,1.6768549231033922
211,4,7.546873383045494e-05,5.5273954498241456e-05,nan
212,1,5.987586824988798e-05,0.00010499352777553863,nan
212,2,8.691756160361472e-05,0.00010854096604748344,nan
212,3,3.721725404656577e-05,4.102552086161167e-05,nan
212,4,7.510203232975565e-05,5.411107788176552e-05,0.3651240945979479
213,1,5.8310694868463885e-05,0.00010283432410585284,4.032152148402023
213,2,8.691755857242949e-05,0.00010854095750363768,nan
213,3,3.721725334249785e-05,4.1025520797858006e-05,nan
213,4,7.510203204734236e-05,5.411107778288464e-05,nan
214,1,5.8310694170847786e-05,0.00010283431938064786,nan
214,2,8.645867281537534e-05,0.0001064699131602349,3.0636304381175012
214,3,3.7217253259956185e-05,4.1025520774763e-05,nan
214,4,7.510203102883898e-05,5.411107772489663e-05,nan
215,1,5.831069342413138e-05,0.00010283431849501851,nan
215,2,8.645867267317057e-05,0.00010646991287053586,nan
215,3,3.5982539290296836e-05,3.9973275169782324e-05,0.9459263690078508
215,4,7.510203072749081e-05,5.411107727821668e-05,nan
216,1,5.831069333088575e-05,0.00010283431837915121,nan
216,2,8.645867186602456e-05,0.00010646991233072056,nan
216,3,3.598253923431247e-05,3.99732748728624e-05,nan
216,4,7.472940878799125e-05,5.301572293267452e-05,0.5327859264477499
217,1,5.683524663919925e-05,0.00010063211221430743,3.695177917101989
217,2,8.645866883972753e-05,0.00010646990411770726,nan
217,3,3.598253860343519e-05,3.9973274810590725e-05,nan
217,4,7.472940849659812e-05,5.301572284250657e-05,nan
218,1,5.683524598479293e-05,0.00010063210753372294,nan
218,2,8.599516417422905e-05,0.00010435707626564651,3.0521570864999488
218,3,3.59825385263836e-05,3.997327479036234e-05,nan
218,4,7.472940742254184e-05,5.3015722788070694e-05,nan
219,1,5.683524545297998e-05,0.00010063210693416692,nan
219,2,8.599516402777287e-05,0.0001043570760629773,nan
219,3,3.50926498109299e-05,3.894161729430937e-05,0.27646441276245814
219,4,7.472940714266303e-05,5.301572233967667e-05,nan
220,1,5.6835245369233606e-05,0.00010063210681680315,nan
220,2,8.59951632708555e-05,0.00010435707553521037,nan
220,3,3.509264975771192e-05,3.894161703586611e-05,nan
220,4,7.434718988869091e-05,5.198448083275807e-05,0.6966326004776402
221,1,5.544268022631666e-05,9.835456774169441e-05,3.710506711232716
221,2,8.599516021582759e-05,0.00010435706756168856,nan
221,3,3.509264918155337e-05,3.894161697618407e-05,nan
221,4,7.434718958354243e-05,5.1984480750134874e-05,nan
222,1,5.544267960923449e-05,9.835456308845805e-05,nan
222,2,8.552102917852099e-05,0.00010219169331660345,3.1468821158356066
222,3,3.509264910788846e-05,3.894161695825035e-05,nan
222,4,7.434718844116198e-05,5.1984480698206855e-05,nan
223,1,5.54426791900007e-05,9.835456267132795e-05,nan
223,2,8.552102903659803e-05,0.00010219169316295425,nan
223,3,3.4424009036627255e-05,3.800403083861877e-05,0.20479563564453132
223,4,7.434718819905325e-05,5.198448026971715e-05,nan
224,1,5.5442679114808695e-05,9.835456255146963e-05,nan
224,2,8.552102831950166e-05,0.00010219169264173589,nan
224,3,3.44240089864665e-05,3.800403061534389e-05,nan
224,4,7.395033699952737e-05,5.101758004951235e-05,0.6913184669303652
225,1,5.412710464913754e-05,9.596967982660361e-05,3.663843448458517
225,2,8.552102520504528e-05,0.00010219168482926518,nan
225,3,3.442400845327012e-05,3.800403055911021e-05,nan
225,4,7.395033667616623e-05,5.1017579973473127e-05,nan
226,1,5.4127104065655336e-05,9.596967520179934e-05,nan
226,2,8.50311586111716e-05,9.996745749880777e-05,3.13228596265467
226,3,3.44240083817253e-05,3.800403054295971e-05,nan
226,4,7.395033545649003e-05,5.101757992306638e-05,nan
227,1,5.4127103703141274e-05,9.596967489085028e-05,nan
227,2,8.503115848220996e-05,9.996745737029364e-05,nan
227,3,3.3878209177379136e-05,3.7203493907852215e-05,0.32305823679618273
227,4,7.39503352580805e-05,5.1017579536857715e-05,nan
228,1,5.41271036355896e-05,9.596967476857049e-05,nan
228,2,8.5031157795663e-05,9.996745685288038e-05,nan
228,3,3.387820913055315e-05,3.720349371549855e-05,nan
228,4,7.353592559192008e-05,5.011429977376311e-05,0.5209769662053065
229,1,5.2883172935894874e-05,9.347238676734873e-05,3.8518465316094828
229,2,8.503115462644081e-05,9.996744920630849e-05,nan
229,3,3.387820863461599e-05,3.7203493662973614e-05,nan
229,4,7.353592525009272e-05,5.0114299703416464e-05,nan
230,1,5.2883172386995935e-05,9.347238221831853e-05,nan
230,2,8.452246786060394e-05,9.769605844383816e-05,3.2894083930833062
230,3,3.3878208564920586e-05,3.720349364812128e-05,nan
230,4,7.353592395746114e-05,5.011429965349539e-05,nan
231,1,5.2883172058503053e-05,9.347238196767337e-05,nan
231,2,8.452246774697572e-05,9.769605832917266e-05,nan
231,3,3.3394727861524395e-05,3.653216069089487e-05,0.30182158413137383
231,4,7.353592379607004e-05,5.011429931520712e-05,nan
232,1,5.288317199758659e-05,9.347238184425397e-05,nan
232,2,8.452246708189961e-05,9.76960578156512e-05,nan
232,3,3.339472781809095e-05,3.653216052424516e-05,nan
232,4,7.310393382673654e-05,4.9270959320520795e-05,0.5214639502611291
233,1,5.1705180851574826e-05,9.086426316875682e-05,3.84864945239538
233,2,8.452246387167917e-05,9.769605036096463e-05,nan
233,3,3.339472735660916e-05,3.653216047512837e-05,nan
233,4,7.310393346703996e-05,4.927095925497732e-05,nan
234,1,5.170518033775313e-05,9.086425874281772e-05,nan
234,2,8.399175542094069e-05,9.539124090201285e-05,3.3578987286908797
234,3,3.33947272888322e-05,3.6532160461181826e-05,nan
234,4,7.310393210712934e-05,4.927095920450048e-05,nan
235,1,5.170518003546631e-05,9.08642585308462e-05,nan
235,2,8.399175532148994e-05,9.539124079705787e-05,nan
235,3,3.2946121552231035e-05,3.596630827673753e-05,0.1202912286214535
235,4,7.310393197412763e-05,4.927095890961527e-05,nan
236,1,5.1705179980355124e-05,9.086425840746898e-05,nan
236,2,8.399175466988326e-05,9.539124028721876e-05,nan
236,3,3.294612151210257e-05,3.596630813155573e-05,nan
236,4,7.26539460417362e-05,4.8483912046922465e-05,0.6962915959701943
237,1,5.0586552254027854e-05,8.810962945131909e-05,4.1582703473150175
237,2,8.399175139209541e-05,9.539123297240224e-05,nan
237,3,3.2946121082406186e-05,3.596630808512999e-05,nan
237,4,7.26539456587644e-05,4.8483911985206554e-05,nan
238,1,5.0586551770731014e-05,8.810962514891752e-05,nan
238,2,8.343115020385448e-05,9.304707000256237e-05,3.557520209106197
238,3,3.294612101628499e-05,3.596630807179912e-05,nan
238,4,7.265394421966953e-05,4.8483911932954237e-05,nan
239,1,5.058655149112729e-05,8.810962496554896e-05,nan
239,2,8.343115011790153e-05,9.304706990570033e-05,nan
239,3,3.252054920649626e-05,3.549358512076531e-05,0.10884961346991566
239,4,7.265394411067875e-05,4.84839116780656e-05,nan
240,1,5.058655144138201e-05,8.810962484249669e-05,nan
240,2,8.343114947243071e-05,9.304706939666324e-05,nan
240,3,3.252054916959431e-05,3.5493584994986975e-05,nan
240,4,7.218206054280872e-05,4.775320085006001e-05,0.7378280981622576
241,1,4.9518870533794365e-05,8.524913125701614e-05,4.313020724000866
241,2,8.343114618628998e-05,9.304706233513147e-05,nan
241,3,3.252054877143547e-05,3.549358495053429e-05,nan
241,4,7.218206014331178e-05,4.775320079134595e-05,nan
242,1,4.951887008308024e-05,8.524912715177213e-05,nan
242,2,8.284287036258373e-05,9.069191963932128e-05,3.6288307994630755
242,3,3.252054870752827e-05,3.549358493759359e-05,nan
242,4,7.218205864704913e-05,4.775320073667195e-05,nan
243,1,4.951886982397603e-05,8.524912698986984e-05,nan
243,2,8.284287028730739e-05,9.069191954969866e-05,nan
243,3,3.211028310904642e-05,3.508814521616457e-05,0.020370449857810644
243,4,7.218205855470901e-05,4.7753200513073615e-05,nan
244,1,4.9518869778854655e-05,8.524912686943742e-05,nan
244,2,8.284286964519902e-05,9.069191904564952e-05,nan
244,3,3.21102830751053e-05,3.508814510578727e-05,nan
244,4,7.169184893487723e-05,4.707251448541072e-05,1.0773524253737246
245,1,4.8491271140766124e-05,8.229768071928314e-05,4.766148007697048
245,2,8.284286637851353e-05,9.06919122845608e-05,nan
245,3,3.211028270750168e-05,3.508814506236551e-05,nan
245,4,7.169184852135483e-05,4.7072514428762323e-05,nan
246,1,4.84912707202428e-05,8.229767683726691e-05,nan
246,2,8.222578799935802e-05,8.833675851596749e-05,3.7692419405397057
246,3,3.211028264596799e-05,3.5088145049658144e-05,nan
246,4,7.169184697524519e-05,4.7072514370975845e-05,nan
247,1,4.849127047988796e-05,8.229767669299607e-05,nan
247,2,8.222578793320845e-05,8.833675843308302e-05,nan
247,3,3.171218067711581e-05,3.47369472400623e-05,0.08338601367524776
247,4,7.16918468959658e-05,4.707251417355926e-05,nan
248,1,4.8491270438976694e-05,8.229767657645602e-05,nan
248,2,8.222578729230445e-05,8.833675793562343e-05,nan
248,3,3.171218064592059e-05,3.4736947142845335e-05,nan
248,4,7.118405820862472e-05,4.643867293359992e-05,1.4576763657589475
249,1,4.7487038934683366e-05,7.926387449644057e-05,5.629135831519126
249,2,8.222578406579027e-05,8.833675150914927e-05,nan
249,3,3.1712180307806253e-05,3.4736947099126265e-05,nan
249,4,7.118405778223332e-05,4.643867287774021e-05,nan
250,1,4.74870385401203e-05,7.926387084311346e-05,nan
250,2,8.15763641614025e-05,8.598493762790913e-05,3.9895322681679746
250,3,3.171218024864819e-05,3.473694708650692e-05,nan
250,4,7.118405618599027e-05,4.643867281601077e-05,nan
251,1,4.74870383170143e-05,7.926387071370139e-05,nan
251,2,8.157636410337043e-05,8.598493755135981e-05,nan
251,3,3.132451477971236e-05,3.443202709448479e-05,0.29861150728720653
251,4,7.11840561176382e-05,4.6438672641307384e-05,nan
252,1,4.748703828009681e-05,7.92638706018761e-05,nan
252,2,8.15763634611727e-05,8.598493706073723e-05,nan
252,3,3.1324514751083596e-05,3.4432027008976956e-05,nan
252,4,7.065785072981632e-05,4.585003810640159e-05,1.9592166050893658
253,1,4.64929847446208e-05,7.624413676007905e-05,8.234221874946275
253,2,8.157636037526494e-05,8.598493112292115e-05,nan
253,3,3.132451444082536e-05,3.443202696455147e-05,nan
253,4,7.06578503060999e-05,4.585003805091455e-05,nan
254,1,4.649298437667578e-05,7.624413338560094e-05,nan
254,2,8.090527170287575e-05,8.366830646218907e-05,4.40100216090394
254,3,3.132451438456366e-05,3.4432026952022284e-05,nan
254,4,7.065784869465555e-05,4.585003798565331e-05,nan
255,1,4.6492984169331156e-05,7.624413326869381e-05,nan
255,2,8.090527165092921e-05,8.366830639155349e-05,nan
255,3,3.094630228580384e-05,3.415891276269568e-05,1.474725147744778
255,4,7.065784863358662e-05,4.585003782780937e-05,nan
256,1,4.6492984135910116e-05,7.624413316356996e-05,nan
256,2,8.090527101241264e-05,8.36683059147179e-05,nan
256,3,3.094630225942393e-05,3.415891268599562e-05,nan
256,4,7.012047489937727e-05,4.5299082999556156e-05,3.370206543173532
257,1,4.546310283373757e-05,7.322604847026496e-05,10.504876643476004
257,2,8.090526806200833e-05,8.366830045660339e-05,nan
257,3,3.0946301974219845e-05,3.415891263782894e-05,nan
257,4,7.012047447461815e-05,4.529908294137893e-05,nan
258,1,4.546310248384263e-05,7.322604531880721e-05,nan
258,2,8.019796573697721e-05,8.136514882304634e-05,4.821188356842185
258,3,3.094630192037485e-05,3.415891262517664e-05,nan
258,4,7.012047281857403e-05,4.529908287090969e-05,nan
259,1,4.546310229140706e-05,7.322604521239487e-05,nan
259,2,8.019796569140905e-05,8.13651487579697e-05,nan
259,3,3.0576797073404567e-05,3.3919937365186886e-05,2.036205908254654
259,4,7.012047276536005e-05,4.5299082730215685e-05,nan
260,1,4.546310226173829e-05,7.322604511311338e-05,nan
260,2,8.019796504949904e-05,8.13651482895134e-05,nan
260,3,3.057679704923218e-05,3.391993729773373e-05,nan
260,4,6.956469272116552e-05,4.47893777435695e-05,4.0553979434235385
261,1,4.4331739132717616e-05,7.031589022012186e-05,13.07131971985361
261,2,8.019796233418695e-05,8.136514345507314e-05,nan
261,3,3.057679678212978e-05,3.391993724294511e-05,nan
261,4,6.956469231044878e-05,4.4789377679406955e-05,nan
262,1,4.433173879721303e-05,7.031588728109942e-05,nan
262,2,7.945234414200951e-05,7.908152160812466e-05,5.267891813801922
262,3,3.057679673074791e-05,3.391993723006315e-05,nan
262,4,6.956469061315916e-05,4.4789377603043784e-05,nan
263,1,4.433173861914875e-05,7.031588718315876e-05,nan
263,2,7.945234410205822e-05,7.908152154825799e-05,nan
263,3,3.0215483542147923e-05,3.3710070229825537e-05,2.5410975314814634
263,4,6.956469056656725e-05,4.478937747715748e-05,nan
264,1,4.433173859327157e-05,7.031588708998246e-05,nan
264,2,7.9452343456221e-05,7.908152108925029e-05,nan
264,3,3.021548352002076e-05,3.3710070170534735e-05,nan
264,4,6.899053995086131e-05,4.431902771686975e-05,4.7001552420331
265,1,4.2997693790176685e-05,6.76715158853853e-05,14.662060055173969
265,2,7.945234110166967e-05,7.908151702494639e-05,nan
265,3,3.0215483254598025e-05,3.371007010583472e-05,nan
265,4,6.899053957756536e-05,4.4319027642254344e-05,nan
266,1,4.2997693467303324e-05,6.76715131376702e-05,nan
266,2,7.866700564718053e-05,7.682428790908464e-05,5.6339741195131126
266,3,3.0215483205730153e-05,3.3710070092629625e-05,nan
266,4,6.899053784376535e-05,4.431902755939654e-05,nan
267,1,4.299769330379901e-05,6.767151304636374e-05,nan
267,2,7.866700561216707e-05,7.682428785407881e-05,nan
267,3,2.9861998064898574e-05,3.352504658995778e-05,2.6737273198090628
267,4,6.899053780277421e-05,4.431902744630132e-05,nan
268,1,4.299769328178309e-05,6.767151295896224e-05,nan
268,2,7.866700496253433e-05,7.682428740577937e-05,nan
268,3,2.9861998044661704e-05,3.3525046537835124e-05,nan
268,4,6.839836717540476e-05,4.388604754563469e-05,5.024704246678821
269,1,4.131920018019624e-05,6.545999983213441e-05,15.266135764290283
269,2,7.866700306922726e-05,7.682428414443236e-05,nan
269,3,2.9861997746725945e-05,3.352504646037255e-05,nan
269,4,6.839836686695308e-05,4.388604745507748e-05,nan
270,1,4.1319199872485575e-05,6.545999724189105e-05,nan
270,2,7.783883216508061e-05,7.45979175841796e-05,6.002313291955997
270,3,2.9861997700381252e-05,3.352504644673094e-05,nan
270,4,6.839836509784664e-05,4.3886047364962016e-05,nan
271,1,4.1319199724811954e-05,6.545999715598145e-05,nan
271,2,7.783883213448963e-05,7.459791753369512e-05,nan
271,3,2.9516038790426312e-05,3.336184125657587e-05,2.746164766338111
271,4,6.839836506174875e-05,4.388604726315389e-05,nan
272,1,4.131919970667546e-05,6.545999707309204e-05,nan
272,2,7.783883148062401e-05,7.459791709667775e-05,nan
272,3,2.9516038771950558e-05,3.336184121086028e-05,nan
272,4,6.778767922352754e-05,4.3489111495041765e-05,5.301211432661422
273,1,3.910410635862005e-05,6.371634760423596e-05,9.081978804550982
273,2,7.783882998860077e-05,7.459791426755796e-05,nan
273,3,2.9516038367790878e-05,3.3361841120284345e-05,nan
273,4,6.778767899765519e-05,4.348911138232894e-05,nan
274,1,3.9104106077703245e-05,6.371634512424084e-05,nan
274,2,7.695130345938611e-05,7.239402988614454e-05,5.896848106718401
274,3,2.9516038323828408e-05,3.3361841105892876e-05,nan
274,4,6.778767717070623e-05,4.348911128267695e-05,nan
275,1,3.91041059488085e-05,6.3716345044323e-05,nan
275,2,7.695130343312783e-05,7.239402983988807e-05,nan
275,3,2.917722374988291e-05,3.322035562498941e-05,1.4476656963604846
275,4,6.778767713949924e-05,4.348911119183323e-05,nan
276,1,3.9104105934414016e-05,6.37163449631609e-05,nan
276,2,7.695130276876244e-05,7.239402941094297e-05,nan
276,3,2.9177223733137423e-05,3.3220355585641346e-05,nan
276,4,6.71522178565317e-05,4.313049142133237e-05,4.162958938760363
277,1,3.6736572571811844e-05,6.201392783494714e-05,8.962424787483354
277,2,7.6951301304026e-05,7.239402637784764e-05,nan
277,3,2.9177223254669063e-05,3.322035549998975e-05,nan
277,4,6.715221766069965e-05,4.313049130681468e-05,nan
278,1,3.673657233356315e-05,6.20139255258002e-05,nan
278,2,7.603328442289962e-05,7.025035274456965e-05,6.389788557089088
278,3,2.9177223213491787e-05,3.322035548519805e-05,nan
278,4,6.715221583577824e-05,4.313049120046984e-05,nan
279,1,3.6736572223280514e-05,6.201392545379857e-05,nan
279,2,7.60332843997209e-05,7.025035270215192e-05,nan
279,3,2.884564521397954e-05,3.3092660131987235e-05,2.0753417886746455
279,4,6.715221580760192e-05,4.3130491117220956e-05,nan
280,1,3.673657221148514e-05,6.201392537491875e-05,nan
280,2,7.603328373963907e-05,7.025035229105101e-05,nan
280,3,2.884564519864901e-05,3.309266009681288e-05,nan
280,4,6.65051756473735e-05,4.2800594775480186e-05,4.995130217952333
281,1,3.452605912524326e-05,6.006964478570472e-05,10.365826476784836
281,2,7.603328211566513e-05,7.025034887067025e-05,nan
281,3,2.8845644698776046e-05,3.309266002592541e-05,nan
281,4,6.65051754400544e-05,4.280059467279047e-05,nan
282,1,3.452605893379518e-05,6.0069642677560994e-05,nan
282,2,7.509248030311127e-05,6.817671018544072e-05,7.492930832945582
282,3,2.884564466038207e-05,3.3092660010803444e-05,nan
282,4,6.65051736337783e-05,4.280059456047526e-05,nan
283,1,3.4526058840135415e-05,6.006964261488901e-05,nan
283,2,7.509248028255254e-05,6.817671014652234e-05,nan
283,3,2.852110366016569e-05,3.297625459927628e-05,3.362056320781528
283,4,6.650517360805842e-05,4.280059448366703e-05,nan
284,1,3.4526058830064526e-05,6.0069642538613865e-05,nan
284,2,7.509247963031412e-05,6.817670975499086e-05,nan
284,3,2.8521103646101562e-05,3.29762545674798e-05,nan
284,4,6.584964040151575e-05,4.249624502212108e-05,6.6360774899031005
285,1,3.271417162879102e-05,5.7574841263941215e-05,4.592385219076255
285,2,7.509247766595199e-05,6.817670576253418e-05,nan
285,3,2.852110316383074e-05,3.297625451793203e-05,nan
285,4,6.584964014103378e-05,4.249624494117803e-05,nan
286,1,3.27141714804536e-05,5.757483936022457e-05,nan
286,2,7.409940603884191e-05,6.615766277740757e-05,6.524376063423785
286,3,2.8521103128005522e-05,3.2976254501909406e-05,nan
286,4,6.584963831202399e-05,4.2496244819094896e-05,nan
287,1,3.27141714007247e-05,5.7574839307672375e-05,nan
287,2,7.40994060212594e-05,6.615766274177363e-05,nan
287,3,2.8202782325304302e-05,3.287379959183467e-05,2.17437579671145
287,4,6.584963828932881e-05,4.24962447500622e-05,nan
288,1,3.27141713918217e-05,5.7574839233647516e-05,nan
288,2,7.40994053601813e-05,6.615766236078904e-05,nan
288,3,2.8202782312594515e-05,3.2873799563836684e-05,nan
288,4,6.517074603337355e-05,4.222329673718037e-05,5.153569228000823
289,1,3.1367961319296925e-05,5.4873208739871215e-05,4.0410636484229725
289,2,7.409940337946893e-05,6.615765852091675e-05,nan
289,3,2.820278191257783e-05,3.287379953063127e-05,nan
289,4,6.517074574953225e-05,4.222329667820158e-05,nan
290,1,3.136796120519485e-05,5.4873207061660835e-05,nan
290,2,7.307300385322973e-05,6.421196567816998e-05,6.38150665203233
290,3,2.8202781879387368e-05,3.2873799513934755e-05,nan
290,4,6.517074393378059e-05,4.22232965484658e-05,nan
291,1,3.136796113589598e-05,5.48732070179658e-05,nan
291,2,7.30730038380383e-05,6.421196564552822e-05,nan
291,3,2.7890541570578827e-05,3.2781745337721734e-05,2.0583177164268043
291,4,6.517074391326671e-05,4.222329648584944e-05,nan
292,1,3.1367961127651926e-05,5.4873206947818624e-05,nan
292,2,7.307300317496312e-05,6.421196527895263e-05,nan
292,3,2.7890541559039084e-05,3.278174531229101e-05,nan
292,4,6.447436979387684e-05,4.1976393796023764e-05,5.004621532543439
293,1,3.0391478215656166e-05,5.2184541226686366e-05,4.09793272883161
293,2,7.307300133929907e-05,6.421196186991244e-05,nan
293,3,2.789054124391908e-05,3.278174528942452e-05,nan
293,4,6.447436951030989e-05,4.197639375357488e-05,nan
294,1,3.039147812633456e-05,5.2184539759234874e-05,nan
294,2,7.201877939560631e-05,6.23459435303071e-05,7.522946794894834
294,3,2.7890541213288706e-05,3.2781745272067363e-05,nan
294,4,6.447436772037977e-05,4.197639361680332e-05,nan
295,1,3.0391478064918396e-05,5.218453972262176e-05,nan
295,2,7.20187793825247e-05,6.23459435004114e-05,nan
295,3,2.758414594142295e-05,3.2698614687473594e-05,2.41580750009719
295,4,6.447436770167684e-05,4.1976393560223594e-05,nan
296,1,3.0391478057164043e-05,5.2184539656847225e-05,nan
296,2,7.201877871694912e-05,6.234594314794397e-05,nan
296,3,2.7584145930960938e-05,3.2698614663890584e-05,nan
296,4,6.375999446083125e-05,4.175352620477573e-05,6.026549140125722
297,1,2.9692706085292675e-05,4.966388112481256e-05,4.206976466008374
297,2,7.201877711361298e-05,6.23459402877226e-05,nan
297,3,2.758414569295709e-05,3.269861464714077e-05,nan
297,4,6.375999419499018e-05,4.175352617436262e-05,nan
298,1,2.969270601308804e-05,4.966387984018987e-05,nan
298,2,7.093679618903401e-05,6.056162948851378e-05,6.732886930149087
298,3,2.758414566477573e-05,3.269861462904846e-05,nan
298,4,6.37599924345701e-05,4.175352603055443e-05,nan
299,1,2.9692705957736005e-05,4.9663879808950075e-05,nan
299,2,7.093679617784322e-05,6.0561629461140605e-05,nan
299,3,2.728351802462654e-05,3.262347166993571e-05,2.5012927984175612
299,4,6.375999241744965e-05,4.1753525979836425e-05,nan
300,1,2.9692705950462058e-05,4.966387974748533e-05,nan
300,2,7.093679550757596e-05,6.05616291216108e-05,nan
300,3,2.7283518015182774e-05,3.262347164762571e-05,nan
300,4,6.302534375051247e-05,4.155371395549264e-05,5.737793142750743
301,1,2.9187129366332253e-05,4.740589859026634e-05,3.8954692617234565
301,2,7.093679416934636e-05,6.0561626825582486e-05,nan
301,3,2.7283517841557103e-05,3.262347163395406e-05,nan
301,4,6.302534351320516e-05,4.155371393332465e-05,nan
302,1,2.9187129305666343e-05,4.740589745721103e-05,nan
302,2,6.982123473604399e-05,5.8859444708325435e-05,8.55579188570644
302,3,2.7283517815714474e-05,3.26234716149193e-05,nan
302,4,6.302534177919524e-05,4.155371378172715e-05,nan
303,1,2.9187129255266186e-05,4.740589742986498e-05,nan
303,2,6.982123472657945e-05,5.8859444683300904e-05,nan
303,3,2.6988720616437016e-05,3.2555640940844746e-05,2.2792473866950154
303,4,6.302534176346673e-05,4.155371373702924e-05,nan
304,1,2.9187129248562807e-05,4.7405897372155186e-05,nan
304,2,6.982123404553697e-05,5.885944435406869e-05,nan
304,3,2.6988720607991287e-05,3.255564091916693e-05,nan
304,4,6.226460780561336e-05,4.1377015371767295e-05,6.6285563407249555
305,1,2.8784384677522455e-05,4.544395265257961e-05,4.029891366091661
305,2,6.982123296034266e-05,5.8859442547716504e-05,nan
305,3,2.6988720478306152e-05,3.255564090642584e-05,nan
305,4,6.226460760155571e-05,4.137701535397824e-05,nan
306,1,2.878438462498624e-05,4.544395165009387e-05,nan
306,2,6.8685808209943e-05,5.724334372134174e-05,8.820957275027467
306,3,2.698872045464895e-05,3.2555640886653286e-05,nan
306,4,6.226460591363876e-05,4.13770151965903e-05,nan
307,1,2.8784384578691044e-05,4.5443951625648506e-05,nan
307,2,6.86858082017859e-05,5.724334369843731e-05,nan
307,3,2.6700136339159884e-05,3.2492915233185395e-05,2.396384345614857
307,4,6.226460589883844e-05,4.137701515697493e-05,nan
308,1,2.8784384572551854e-05,4.54439515716087e-05,nan
308,2,6.868580751657047e-05,5.724334338198658e-05,nan
308,3,2.6700136331586277e-05,3.249291521143168e-05,nan
308,4,6.148292354794257e-05,4.121950062278104e-05,6.995509510408697
309,1,2.8430673982532864e-05,4.3737079936943524e-05,3.4171304225104553
309,2,6.868580663379234e-05,5.724334194278285e-05,nan
309,3,2.670013622910181e-05,3.2492915198823904e-05,nan
309,4,6.148292337336596e-05,4.121950060713232e-05,nan
310,1,2.8430673936059645e-05,4.373707904839718e-05,nan
310,2,6.754938696074685e-05,5.5714329895452605e-05,9.322629037578617
310,3,2.670013620742264e-05,3.2492915178669765e-05,nan
310,4,6.148292175331128e-05,4.1219500446825506e-05,nan
311,1,2.8430673893212528e-05,4.373707902623023e-05,nan
311,2,6.75493869534896e-05,5.571432987442018e-05,nan
311,3,2.6418038444052985e-05,3.2433191996788394e-05,3.3437616548967397
311,4,6.148292173903921e-05,4.1219500411111426e-05,nan
312,1,2.8430673887578996e-05,4.373707897586827e-05,nan
312,2,6.754938627489853e-05,5.571432957424378e-05,nan
312,3,2.6418038437199848e-05,3.2433191974547064e-05,nan
312,4,6.068952711666325e-05,4.107648384107518e-05,7.9960235724355115
313,1,2.8105431825422116e-05,4.229002912783573e-05,3.1039062282237038
313,2,6.754938557502032e-05,5.5714328457697254e-05,nan
313,3,2.6418038356688895e-05,3.243319196162726e-05,nan
313,4,6.068952697126471e-05,4.1076483826744955e-05,nan
314,1,2.810543178349948e-05,4.229002833081702e-05,nan
314,2,6.639992484957312e-05,5.426869762979187e-05,11.431757996785514
314,3,2.6418038336850662e-05,3.243319194075572e-05,nan
314,4,6.068952540681049e-05,4.107648366208593e-05,nan
315,1,2.810543174411933e-05,4.229002831033271e-05,nan
315,2,6.639992484306345e-05,5.426869761054138e-05,nan
315,3,2.6143004869173458e-05,3.237558870921655e-05,3.8679991943892937
315,4,6.0689525392825106e-05,4.107648363057163e-05,nan
316,1,2.810543173907819e-05,4.229002826270835e-05,nan
316,2,6.639992416166324e-05,5.426869732263172e-05,nan
316,3,2.6143004863059144e-05,3.237558868576038e-05,nan
316,4,5.987593970230774e-05,4.09485922769275e-05,9.582481696857144
317,1,2.7788626028855195e-05,4.1067013988952214e-05,3.524378365408478
317,2,6.639992360781683e-05,5.42686964512248e-05,nan
317,3,2.6143004796417597e-05,3.2375588672464006e-05,nan
317,4,5.9875939582104115e-05,4.0948592263086334e-05,nan
318,1,2.7788625990537915e-05,4.106701327000735e-05,nan
318,2,6.524464702586596e-05,5.290398442764034e-05,11.751423125470538
318,3,2.6143004778223593e-05,3.237558865097741e-05,nan
318,4,5.9875938081232585e-05,4.094859209543575e-05,nan
319,1,2.7788625954407725e-05,4.106701325086554e-05,nan
319,2,6.524464701979618e-05,5.290398441001011e-05,nan
319,3,2.587559562893657e-05,3.2318258038246096e-05,3.7903187621867205
319,4,5.9875938067168884e-05,4.094859206738238e-05,nan
320,1,2.778862594991977e-05,4.10670132056788e-05,nan
320,2,6.524464633958464e-05,5.2903984135181075e-05,nan
320,3,2.5875595623473125e-05,3.231825801308883e-05,nan
320,4,5.9045517652187474e-05,4.083290326365348e-05,9.983796963368775
321,1,2.7472094135597907e-05,4.001756346066128e-05,3.194043982325277
321,2,6.524464589396345e-05,5.290398343701331e-05,nan
321,3,2.5875595564934966e-05,3.231825799960439e-05,nan
321,4,5.9045517551736766e-05,4.0832903249951245e-05,nan
322,1,2.7472094100279358e-05,4.0017562809966606e-05,nan
322,2,6.409590194147617e-05,5.1616070746424976e-05,11.792808065397276
322,3,2.5875595548168762e-05,3.231825797776031e-05,nan
322,4,5.904551612510843e-05,4.083290308147084e-05,nan
323,1,2.74720940670625e-05,4.0017562791974204e-05,nan
323,2,6.409590193558544e-05,5.161607073022479e-05,nan
323,3,2.5616030789729273e-05,3.225969883335132e-05,4.260833412621378
323,4,5.904551611072439e-05,4.083290305591749e-05,nan
324,1,2.7472094063041346e-05,4.0017562749152236e-05,nan
324,2,6.409590126501739e-05,5.161607047043033e-05,nan
324,3,2.561603078480091e-05,3.225969880638745e-05,nan
324,4,5.8206021805953064e-05,4.072591333533731e-05,10.389378256772739
325,1,2.7152277898247857e-05,3.912021536481815e-05,3.453288451904854
325,2,6.409590090730644e-05,5.1616069907984764e-05,nan
325,3,2.5616030731560302e-05,3.225969879284049e-05,nan
325,4,5.820602172253604e-05,4.072591332161083e-05,nan
326,1,2.715227786553154e-05,3.912021477254027e-05,nan
326,2,6.295190712575884e-05,5.039996786154849e-05,13.21393778499946
326,3,2.5616030716040127e-05,3.225969877053943e-05,nan
326,4,5.82060203675538e-05,4.072591315241509e-05,nan
327,1,2.7152277835239035e-05,3.912021475554426e-05,nan
327,2,6.295190711982374e-05,5.039996784668877e-05,nan
327,3,2.536504584778766e-05,3.219818587381443e-05,4.483966331093745
327,4,5.820602035249898e-05,4.072591312891789e-05,nan
328,1,2.7152277831649248e-05,3.912021471469301e-05,nan
328,2,6.295190645756084e-05,5.039996760068763e-05,nan
328,3,2.536504584334887e-05,3.219818584451997e-05,nan
328,4,5.735663543385549e-05,4.062589280068009e-05,11.586295531403861
329,1,2.6832251415944477e-05,3.8358942986470425e-05,4.016024498429177
329,2,6.29519061722273e-05,5.0399967143698904e-05,nan
329,3,2.5365045793264405e-05,3.2198185831345414e-05,nan
329,4,5.735663536541903e-05,4.0625892787026455e-05,nan
330,1,2.6832251385619965e-05,3.835894244405413e-05,nan
330,2,6.180707315958702e-05,4.925081216700746e-05,14.941847336962223
330,3,2.536504577883704e-05,3.2198185808406854e-05,nan
330,4,5.735663407618948e-05,4.062589261668366e-05,nan
331,1,2.6832251358220696e-05,3.835894242797164e-05,nan
331,2,6.180707315342266e-05,4.925081215339995e-05,nan
331,3,2.5123398260526828e-05,3.213220170451987e-05,4.612693415535455
331,4,5.735663406019175e-05,4.0625892594746134e-05,nan
332,1,2.6832251355022096e-05,3.835894238873443e-05,nan
332,2,6.180707249832059e-05,4.9250811920036524e-05,nan
332,3,2.5123398256540224e-05,3.213220167241642e-05,nan
332,4,5.6496448636619204e-05,4.053137317747329e-05,13.006156253413401
333,1,2.65199709454524e-05,3.768057681357638e-05,2.5600692387221224
333,2,6.18070722591435e-05,4.9250811527189704e-05,nan
333,3,2.5123398208589763e-05,3.213220165991788e-05,nan
333,4,5.649644857779404e-05,4.053137316420269e-05,nan
334,1,2.6519970917336412e-05,3.7680576315967854e-05,nan
334,2,6.067787814703972e-05,4.816323107089508e-05,13.070538096586041
334,3,2.5123398195116918e-05,3.2132201636842006e-05,nan
334,4,5.649644736291455e-05,4.053137299552647e-05,nan
335,1,2.6519970892119256e-05,3.768057630074867e-05,nan
335,2,6.067787814071257e-05,4.8163231058284796e-05,nan
335,3,2.488975140219303e-05,3.2062928051703004e-05,5.357308790055045
335,4,5.6496447346407885e-05,4.053137297438648e-05,nan
336,1,2.6519970889199824e-05,3.768057626336904e-05,nan
336,2,6.0677877507170235e-05,4.816323084052422e-05,nan
336,3,2.4889751398536482e-05,3.2062928017835564e-05,nan
336,4,5.563938536699965e-05,4.044005630108899e-05,11.941115907746337
337,1,2.622104323291128e-05,3.707389966223459e-05,2.160675887574688
337,2,6.06778773058457e-05,4.816323049843813e-05,nan
337,3,2.4889751352498178e-05,3.206292800628359e-05,nan
337,4,5.56393853163427e-05,4.044005628841125e-05,nan
338,1,2.6221043206898158e-05,3.707389920373639e-05,nan
338,2,5.955357289553303e-05,4.713312673585936e-05,12.834468760449496
338,3,2.4889751339878932e-05,3.206292798277462e-05,nan
338,4,5.5639384165143416e-05,4.0440056120113337e-05,nan
339,1,2.6221043183896707e-05,3.707389918934716e-05,nan
339,2,5.955357288894943e-05,4.7133126724201985e-05,nan
339,3,2.4664748114125525e-05,3.198934406908725e-05,6.04980028689706
339,4,5.5639384147942243e-05,4.0440056099593625e-05,nan
340,1,2.6221043181240446e-05,3.707389915349535e-05,nan
340,2,5.9553572272342345e-05,4.713312651983399e-05,nan
340,3,2.4664748110793372e-05,3.1989344032947877e-05,nan
340,4,5.478167046249032e-05,4.0351455195368744e-05,11.817521240394656
341,1,2.59444735033687e-05,3.652692934028475e-05,2.108811601469205
341,2,5.955357210150534e-05,4.7133126216803384e-05,nan
341,3,2.4664748066830035e-05,3.198934402273029e-05,nan
341,4,5.478167041859619e-05,4.035145518363296e-05,nan
342,1,2.594447347935859e-05,3.652692891614779e-05,nan
342,2,5.84141812161298e-05,4.615706145911856e-05,14.498692372158217
342,3,2.4664748054957262e-05,3.198934399818954e-05,nan
342,4,5.478166931664217e-05,4.035145501309308e-05,nan
343,1,2.5944473458760313e-05,3.652692890259294e-05,nan
343,2,5.841418120912169e-05,4.6157061448424825e-05,nan
343,3,2.4449851668628246e-05,3.190938479068637e-05,6.154847787556599
343,4,5.4781669298339844e-05,4.035145499292519e-05,nan
344,1,2.5944473456366104e-05,3.652692886787723e-05,nan
344,2,5.841418060126254e-05,4.615706125454801e-05,nan
344,3,2.4449851665634686e-05,3.19093847511606e-05,nan
344,4,5.3915430065473035e-05,4.0264844595716566e-05,13.07521404202031
345,1,2.5688898462689276e-05,3.6013229919129575e-05,1.9279453180841868
345,2,5.841418045041217e-05,4.615706097795748e-05,nan
345,3,2.4449851623918086e-05,3.1909384741991354e-05,nan
345,4,5.3915430025771646e-05,4.02648445848737e-05,nan
346,1,2.5688898440486388e-05,3.601322952684927e-05,nan
346,2,5.7275135419607544e-05,4.5230062773499424e-05,14.521767682025992
346,3,2.444985161268648e-05,3.190938471690118e-05,nan
346,4,5.391542898071406e-05,4.026484441474225e-05,nan
347,1,2.5688898421733278e-05,3.601322951407661e-05,nan
347,2,5.727513541232771e-05,4.523006276358665e-05,nan
347,3,2.424359388230899e-05,3.182457195581448e-05,7.128169319136806
347,4,5.3915428961769515e-05,4.0264844394604e-05,nan
348,1,2.568889841952446e-05,3.601322948072034e-05,nan
348,2,5.7275134823754215e-05,4.523006258186925e-05,nan
348,3,2.424359387956272e-05,3.182457191392925e-05,nan
348,4,5.305148142130969e-05,4.01789083927911e-05,12.874081564787053
349,1,2.5456897626066976e-05,3.5524424839143066e-05,1.9061580264605302
349,2,5.7275134688816384e-05,4.5230062326657716e-05,nan
349,3,2.4243593840324104e-05,3.182457190584436e-05,nan
349,4,5.3051481384906936e-05,4.0178908382944305e-05,nan
350,1,2.545689760546602e-05,3.552442447592607e-05,nan
350,2,5.6127651489254396e-05,4.434790860771534e-05,15.572684967449717
350,3,2.4243593829621894e-05,3.1824571879931545e-05,nan
350,4,5.3051480390127e-05,4.0178908212230276e-05,nan
351,1,2.5456897588521015e-05,3.552442446392302e-05,nan
351,2,5.61276514816596e-05,4.4347908598551886e-05,nan
351,3,2.404648671842244e-05,3.1734018391120324e-05,7.781798170159694
351,4,5.3051480370417046e-05,4.01789081918705e-05,nan
352,1,2.5456897586481915e-05,3.552442443179413e-05,nan
352,2,5.612765090982816e-05,4.4347908427550835e-05,nan
352,3,2.4046486715904945e-05,3.173401834641098e-05,nan
352,4,5.218774471217446e-05,4.009267761259215e-05,13.351095632902044
353,1,2.52516928495561e-05,3.5053827614447526e-05,1.6704804589630453
353,2,5.612765078770092e-05,4.434790819008533e-05,nan
353,3,2.4046486679475864e-05,3.1734018339474855e-05,nan
353,4,5.218774467838407e-05,4.009267760387339e-05,nan
354,1,2.5251692830264323e-05,3.505382727801255e-05,nan
354,2,5.4957119286000385e-05,4.3505060773860314e-05,17.411951690572213
354,3,2.404648666913939e-05,3.17340183122386e-05,nan
354,4,5.2187743726146295e-05,4.009267743079026e-05,nan
355,1,2.5251692815178758e-05,3.5053827266784553e-05,nan
355,2,5.495711927800475e-05,4.3505060765450964e-05,nan
355,3,2.3859610093638068e-05,3.16360748180084e-05,7.944062590043088
355,4,5.218774370540485e-05,4.009267740983579e-05,nan
356,1,2.525169281330183e-05,3.5053827235726755e-05,nan
356,2,5.495711871844636e-05,4.350506060337911e-05,nan
356,3,2.385961009133605e-05,3.163607476953671e-05,nan
356,4,5.131984321217667e-05,4.000464228676693e-05,14.47717291824333
357,1,2.5073705822572422e-05,3.4595824302144225e-05,1.3358361442406421
357,2,5.4957118606668475e-05,4.3505060381248474e-05,nan
357,3,2.3859610057923747e-05,3.163607476368623e-05,nan
357,4,5.131984318044659e-05,4.000464227919871e-05,nan
358,1,2.5073705804134676e-05,3.459582399059184e-05,nan
358,2,5.375565694182724e-05,4.269175634997257e-05,19.725247163740278
358,3,2.385961004770033e-05,3.163607473477526e-05,nan
358,4,5.1319842268727624e-05,4.000464210304346e-05,nan
359,1,2.5073705790864086e-05,3.459582398013693e-05,nan
359,2,5.375565693340161e-05,4.269175634230908e-05,nan
359,3,2.3683711523567143e-05,3.1529467380312074e-05,7.534155288225817
359,4,5.131984224680298e-05,4.000464208107444e-05,nan
360,1,2.507370578913067e-05,3.459582395009547e-05,nan
360,2,5.3755656384330524e-05,4.269175618800916e-05,nan
360,3,2.3683711521446183e-05,3.1529467327318664e-05,nan
360,4,5.044607560146543e-05,3.991280296652878e-05,16.080562807127357
361,1,2.491503826385242e-05,3.414808704014964e-05,1.28463340640993
361,2,5.375565628144703e-05,4.269175598013666e-05,nan
361,3,2.3683711490551903e-05,3.1529467322176246e-05,nan
361,4,5.044607557152133e-05,3.991280295979582e-05,nan
362,1,2.4915038245950407e-05,3.4148086751188385e-05,nan
362,2,5.254960105338234e-05,4.18983157968496e-05,21.072051145288075
362,3,2.3683711480314968e-05,3.1529467292434256e-05,nan
362,4,5.044607471184254e-05,3.9912802784797846e-05,nan
363,1,2.4915038234031305e-05,3.414808674142218e-05,nan
363,2,5.254960104477274e-05,4.1898315789800475e-05,nan
363,3,2.351687128874085e-05,3.1416483648742114e-05,8.354845572501034
363,4,5.044607468931213e-05,3.991280276193311e-05,nan
364,1,2.4915038232392795e-05,3.414808671260892e-05,nan
364,2,5.254960051527791e-05,4.189831564433122e-05,nan
364,3,2.3516871286727465e-05,3.141648359262662e-05,nan
364,4,4.9576764777476856e-05,3.981702595554587e-05,16.48857427089669
365,1,2.4776535861495125e-05,3.3708982258409386e-05,1.0600465910219303
365,2,5.2549600420094856e-05,4.1898315449632586e-05,nan
365,3,2.3516871258466858e-05,3.141648358820065e-05,nan
365,4,4.957676474912534e-05,3.981702594968414e-05,nan
366,1,2.4776535843296913e-05,3.370898198861741e-05,nan
366,2,5.13383450085863e-05,4.110097864390692e-05,22.79951370872072
366,3,2.3516871247740267e-05,3.141648355742762e-05,nan
366,4,4.9576763942542487e-05,3.981702577608669e-05,nan
367,1,2.4776535832777323e-05,3.370898197954245e-05,nan
367,2,5.133834499974001e-05,4.110097863750917e-05,nan
367,3,2.3360141855833727e-05,3.1295461196014475e-05,8.273150829654037
367,4,4.95767639191715e-05,3.981702575190799e-05,nan
368,1,2.477653583122425e-05,3.370898195187066e-05,nan
368,2,5.133834448562094e-05,4.11009784993702e-05,nan
368,3,2.3360141853896004e-05,3.1295461135716395e-05,nan
368,4,4.8708586965636674e-05,3.9714965394288944e-05,17.615558153843452
369,1,2.465338842880344e-05,3.3278479964043074e-05,0.9902503772220181
369,2,5.133834439732535e-05,4.110097831726057e-05,nan
369,3,2.3360141827859193e-05,3.129546113180614e-05,nan
369,4,4.870858693880657e-05,3.971496538910395e-05,nan
370,1,2.4653388409759202e-05,3.327847970852548e-05,nan
370,2,5.015041255762978e-05,4.02775189269457e-05,24.077048750965695
370,3,2.3360141816372237e-05,3.129546110093998e-05,nan
370,4,4.870858619356237e-05,3.9714965221215915e-05,nan
371,1,2.4653388400359275e-05,3.327847970007454e-05,nan
371,2,5.015041254871121e-05,4.027751892113731e-05,nan
371,3,2.3212277906444548e-05,3.116787013967808e-05,8.771042844569003
371,4,4.8708586169730364e-05,3.9714965195862775e-05,nan
372,1,2.4653388398862774e-05,3.327847967364137e-05,nan
372,2,5.015041205420895e-05,4.0277518790576214e-05,nan
372,3,2.3212277904531304e-05,3.116787007611143e-05,nan
372,4,4.784775627481838e-05,3.960655745310513e-05,18.26045124520224
373,1,2.4542924984527866e-05,3.285657284626319e-05,1.1729719399236158
373,2,5.015041197203914e-05,4.027751862054706e-05,nan
373,3,2.321227788045593e-05,3.116787007261131e-05,nan
373,4,4.784775624944151e-05,3.960655744848729e-05,nan
374,1,2.4542924964003455e-05,3.28565725982352e-05,nan
374,2,4.900986640708609e-05,3.939896037158327e-05,25.66698368799336
374,3,2.321227786787423e-05,3.116787004249871e-05,nan
374,4,4.7847755568238215e-05,3.960655728974604e-05,nan
375,1,2.454292495556021e-05,3.285657259035912e-05,nan
375,2,4.900986639817872e-05,3.939896036633958e-05,nan
375,3,2.3072611213256933e-05,3.1034433306770145e-05,9.975994991393291
375,4,4.7847755544154616e-05,3.960655726328426e-05,nan
376,1,2.4542924954101904e-05,3.285657256518862e-05,nan
376,2,4.900986592428068e-05,3.939896024324074e-05,nan
376,3,2.307261121132995e-05,3.103443324039265e-05,nan
376,4,4.699751113605965e-05,3.9491504641626215e-05,18.731289166113758
377,1,2.4444185423446696e-05,3.2443015976342815e-05,1.3759248678598375
377,2,4.900986584750882e-05,3.93989600849801e-05,nan
377,3,2.307261118910795e-05,3.1034433237264356e-05,nan
377,4,4.6997511112053936e-05,3.949150463753441e-05,nan
378,1,2.444418540037525e-05,3.244301572387752e-05,nan
378,2,4.794031214028128e-05,3.841356040478924e-05,26.91202019450588
378,3,2.307261117481647e-05,3.103443320881469e-05,nan
378,4,4.699751049205947e-05,3.949150449109711e-05,nan
379,1,2.4444185392831138e-05,3.244301571655116e-05,nan
379,2,4.794031213137704e-05,3.8413560400124586e-05,nan
379,3,2.2941197625362163e-05,3.0894872145607625e-05,10.98255771791469
379,4,4.6997510467743214e-05,3.9491504463408395e-05,nan
380,1,2.4444185391396155e-05,3.244301569262191e-05,nan
380,2,4.794031167622758e-05,3.8413560284293935e-05,nan
380,3,2.2941197623382915e-05,3.089487207621909e-05,nan
380,4,4.615841003961444e-05,3.9368527058334374e-05,19.442029896564605
381,1,2.4357870423435278e-05,3.203723700894498e-05,0.9163161136932219
381,2,4.794031160419103e-05,3.8413560137916464e-05,nan
381,3,2.294119760308813e-05,3.089487207348269e-05,nan
381,4,4.615841001688107e-05,3.9368527054793994e-05,nan
382,1,2.4357870395597865e-05,3.203723672222089e-05,nan
382,2,4.696512271007776e-05,3.720226105719012e-05,24.737072896000146
382,3,2.2941197585749055e-05,3.089487204808891e-05,nan
382,4,4.6158409436261195e-05,3.9368526923562976e-05,nan
383,1,2.435787038901368e-05,3.203723671545528e-05,nan
383,2,4.696512270103403e-05,3.720226105316707e-05,nan
383,3,2.2819189323519104e-05,3.0747313845906175e-05,10.332562946157287
383,4,4.6158409411473217e-05,3.936852689415908e-05,nan
384,1,2.4357870387580227e-05,3.203723669272879e-05,nan
384,2,4.6965122259991934e-05,3.720226094496821e-05,nan
384,3,2.2819189321425493e-05,3.074731377220247e-05,nan
384,4,4.532828247729091e-05,3.9233941981480416e-05,20.49971144249575
385,1,2.4279574646438892e-05,3.164000131021329e-05,1.4141770370066604
385,2,4.6965122192604507e-05,3.72022608112742e-05,nan
385,3,2.2819189302555097e-05,3.074731376970645e-05,nan
385,4,4.532828245581858e-05,3.923394197831057e-05,nan
386,1,2.4279574616013967e-05,3.1640000989508424e-05,nan
386,2,4.6043472978890773e-05,3.582263657637395e-05,24.980669460127427
386,3,2.2819189283507213e-05,3.074731374713344e-05,nan
386,4,4.532828187812753e-05,3.923394185672597e-05,nan
387,1,2.4279574610082357e-05,3.164000098320757e-05,nan
387,2,4.604347296985487e-05,3.582263657287981e-05,nan
387,3,2.2704270567144378e-05,3.059490314168794e-05,12.041830939038013
387,4,4.532828185346755e-05,3.9233941826300985e-05,nan
388,1,2.427957460864104e-05,3.164000096173449e-05,nan
388,2,4.6043472549075925e-05,3.5822636474283193e-05,nan
388,3,2.270427056492936e-05,3.0594903065837176e-05,nan
388,4,4.451479355730977e-05,3.909101213597661e-05,21.17422317069419
389,1,2.420918711336281e-05,3.125102697603043e-05,1.4895919794804298
389,2,4.6043472486431944e-05,3.582263635372168e-05,nan
389,3,2.270427054745363e-05,3.059490306357823e-05,nan
389,4,4.451479353701821e-05,3.90910121331681e-05,nan
390,1,2.4209187081399544e-05,3.12510266082227e-05,nan
390,2,4.509580799174968e-05,3.428019529063523e-05,22.687949416677604
390,3,2.270427052730359e-05,3.0594903042715284e-05,nan
390,4,4.451479290371846e-05,3.909101201099134e-05,nan
391,1,2.4209187076112764e-05,3.125102660237621e-05,nan
391,2,4.5095807982636026e-05,3.428019528762766e-05,nan
391,3,2.259679630169825e-05,3.043693201928248e-05,12.622586243068088
391,4,4.451479287912289e-05,3.9091011979352625e-05,nan
392,1,2.42091870746454e-05,3.125102658212932e-05,nan
392,2,4.509580758240558e-05,3.4280195200014786e-05,nan
392,3,2.2596796299314514e-05,3.0436931940788776e-05,nan
392,4,4.3717888072418584e-05,3.89377340597335e-05,21.96970904605575
393,1,2.4145985691162203e-05,3.0870159207662035e-05,1.4989459775227911
393,2,4.5095807525095235e-05,3.428019509298487e-05,nan
393,3,2.259679628314173e-05,3.0436931938741782e-05,nan
393,4,4.371788805323862e-05,3.893773405725237e-05,nan
394,1,2.414598566082494e-05,3.087015880843379e-05,nan
394,2,4.4010183064763774e-05,3.270016116429221e-05,20.76127615022286
394,3,2.2596796263806222e-05,3.043693191689653e-05,nan
394,4,4.3717887325498764e-05,3.8937733921012603e-05,nan
395,1,2.4145985656126982e-05,3.087015880301874e-05,nan
395,2,4.4010183055572986e-05,3.27001611616781e-05,nan
395,3,2.2496665347450156e-05,3.027331172910378e-05,13.418954949145297
395,4,4.371788730100949e-05,3.893773388811516e-05,nan
396,1,2.414598565461483e-05,3.087015878398494e-05,nan
396,2,4.4010182679279825e-05,3.270016108611524e-05,nan
396,3,2.2496665344855246e-05,3.0273311647971067e-05,nan
396,4,4.2939025338192804e-05,3.8773002287811206e-05,23.198634302356556
397,1,2.4089474476262858e-05,3.049697114026233e-05,1.6932382641090897
397,2,4.401018262797377e-05,3.2700160992262526e-05,nan
397,3,2.249666532997635e-05,3.0273311646107317e-05,nan
397,4,4.293902532004031e-05,3.877300228563117e-05,nan
398,1,2.408947445014215e-05,3.0496970738813017e-05,nan
398,2,4.271194063138938e-05,3.12221293374171e-05,18.501599566916585
398,3,2.2496665313068146e-05,3.0273311620707028e-05,nan
398,4,4.293902450091184e-05,3.877300212739903e-05,nan
399,1,2.408947444598127e-05,3.049697073381517e-05,nan
399,2,4.2711940622162155e-05,3.122212933510094e-05,nan
399,3,2.2403969775660717e-05,3.0103392812427272e-05,13.20645257519874
399,4,4.293902447649229e-05,3.877300209302316e-05,nan
400,1,2.4089474444394527e-05,3.0496970715981417e-05,nan
400,2,4.271194027369087e-05,3.122212927156352e-05,nan
400,3,2.2403969772798085e-05,3.0103392728644794e-05,nan
400,4,4.217989584423464e-05,3.859523824637449e-05,22.85260012362481
401,1,2.403974269503387e-05,3.0130964266832697e-05,0.7401152220740773
401,2,4.271194022873821e-05,3.122212918980396e-05,nan
401,3,2.2403969759330437e-05,3.0103392726945646e-05,nan
401,4,4.2179895827020756e-05,3.859523824448888e-05,nan
402,1,2.4039742674837205e-05,3.0130963894513788e-05,nan
402,2,4.116733115377265e-05,2.9969239746187743e-05,18.507539713734452
402,3,2.2403969745991854e-05,3.0103392696130204e-05,nan
402,4,4.21798949446803e-05,3.8595238061753686e-05,nan
403,1,2.4039742671193025e-05,3.0130963889942415e-05,nan
403,2,4.116733114456072e-05,2.9969239744099072e-05,nan
403,3,2.2319461087988284e-05,2.9925257850523813e-05,13.106650011090444
403,4,4.2179894920133133e-05,3.859523802530689e-05,nan
404,1,2.4039742669479366e-05,3.013096387330984e-05,nan
404,2,4.116733082643147e-05,2.9969239691450262e-05,nan
404,3,2.2319461084760106e-05,2.9925257763493674e-05,nan
404,4,4.144190888854068e-05,3.8400682504504117e-05,25.476518896904402
405,1,2.39953503495482e-05,2.9772345214593967e-05,0.6131799168436924
405,2,4.1167330787818585e-05,2.996923961994371e-05,nan
405,3,2.2319461072584654e-05,2.992525776190222e-05,nan
405,4,4.144190887221736e-05,3.840068250284575e-05,nan
406,1,2.3995350334774015e-05,2.977234489881898e-05,nan
406,2,3.9503491651072316e-05,2.8983519764268053e-05,20.310359682973804
406,3,2.2319461062630645e-05,2.9925257727577695e-05,nan
406,4,4.1441908015254144e-05,3.840068231191455e-05,nan
407,1,2.3995350331511027e-05,2.977234489463403e-05,nan
407,2,3.95034916420546e-05,2.8983519762334223e-05,nan
407,3,2.224228450122523e-05,2.9739635383547013e-05,13.283361262433344
407,4,4.144190799075494e-05,3.840068227355032e-05,nan
408,1,2.3995350329655164e-05,2.9772344879154754e-05,nan
408,2,3.950349135584757e-05,2.8983519718654943e-05,nan
408,3,2.224228449761823e-05,2.973963529434128e-05,nan
408,4,4.0727623521325884e-05,3.819070179798466e-05,26.47739875387048
409,1,2.395433527730834e-05,2.9421549085103843e-05,1.0493467902886369
409,2,3.950349132291666e-05,2.8983519655185395e-05,nan
409,3,2.2242284486432328e-05,2.97396352928059e-05,nan
409,4,4.0727623505863013e-05,3.819070179647003e-05,nan
410,1,2.3954335265980954e-05,2.9421548825198143e-05,nan
410,2,3.7871072914517804e-05,2.8201562314990246e-05,19.046405975256086
410,3,2.22422844786952e-05,2.9739635258349245e-05,nan
410,4,4.0727622734117716e-05,3.819070161499312e-05,nan
411,1,2.395433526294357e-05,2.9421548821325017e-05,nan
411,2,3.787107290588733e-05,2.8201562313150978e-05,nan
411,3,2.2170525389714274e-05,2.954946458204428e-05,14.002026922024257
411,4,4.072762271008777e-05,3.819070157556788e-05,nan
412,1,2.3954335260981833e-05,2.9421548806887205e-05,nan
412,2,3.787107265071521e-05,2.8201562276502525e-05,nan
412,3,2.2170525385813227e-05,2.954946449267303e-05,nan
412,4,4.0038220659152177e-05,3.797107999179147e-05,25.14674335152231
413,1,2.3917418231936623e-05,2.9078679555861888e-05,0.8796323531384326
413,2,3.787107262244782e-05,2.8201562219947504e-05,nan
413,3,2.2170525375919845e-05,2.9549464491181887e-05,nan
413,4,4.003822064448393e-05,3.797107999042806e-05,nan
414,1,2.391741822386932e-05,2.9078679360680238e-05,nan
414,2,3.630065223523104e-05,2.7644713463370213e-05,25.839179710200824
414,3,2.2170525370409743e-05,2.9549464456824493e-05,nan
414,4,4.003821997808617e-05,3.797107982098912e-05,nan
415,1,2.3917418221067212e-05,2.907867935717059e-05,nan
415,2,3.630065222689987e-05,2.7644713461664925e-05,nan
415,3,2.2106007939531768e-05,2.9350638411907417e-05,13.75258052913411
415,4,4.003821995406365e-05,3.797107977923111e-05,nan
416,1,2.3917418218899228e-05,2.907867934379632e-05,nan
416,2,3.630065199791241e-05,2.7644713430155618e-05,nan
416,3,2.2106007935154813e-05,2.935063832062564e-05,nan
416,4,3.9374441430375685e-05,3.773368184751299e-05,26.469879815634787
417,1,2.388295938428457e-05,2.8744264741726406e-05,0.5809247941262817
417,2,3.630065197336204e-05,2.764471337884058e-05,nan
417,3,2.2106007926287103e-05,2.9350638319139647e-05,nan
417,4,3.93744414164763e-05,3.773368184623033e-05,nan
418,1,2.3882959377668114e-05,2.874426459414273e-05,nan
418,2,3.487739434322287e-05,2.7219425840609287e-05,23.217854388605055
418,3,2.210600792186014e-05,2.935063828730041e-05,nan
418,4,3.937444086441357e-05,3.773368169739461e-05,nan
419,1,2.388295937497642e-05,2.874426459093353e-05,nan
419,2,3.4877394335292086e-05,2.7219425839014487e-05,nan
419,3,2.2047091365880455e-05,2.9145708321238868e-05,14.342496115643488
419,4,3.937444084074705e-05,3.773368165408029e-05,nan
420,1,2.3882959372636095e-05,2.874426457850319e-05,nan
420,2,3.487739412971495e-05,2.7219425811248483e-05,nan
420,3,2.2047091361110034e-05,2.914570822968902e-05,nan
420,4,3.873623655669148e-05,3.748356200781598e-05,27.23911171813405
421,1,2.385016619106438e-05,2.8418917751353105e-05,0.49150449903785504
421,2,3.48773941080504e-05,2.721942576436534e-05,nan
421,3,2.2047091353248826e-05,2.9145708228172824e-05,nan
421,4,3.873623654352967e-05,3.748356200656994e-05,nan
422,1,2.3850166185035636e-05,2.8418917641536733e-05,nan
422,2,3.362823907231429e-05,2.6879479252014946e-05,23.35514094214041
422,3,2.2047091349368168e-05,2.9145708199646966e-05,nan
422,4,3.873623610050985e-05,3.7483561879900355e-05,nan
423,1,2.3850166182376644e-05,2.8418917638615727e-05,nan
423,2,3.362823906475002e-05,2.6879479250544538e-05,nan
423,3,2.1993572358271622e-05,2.8934311735334996e-05,15.188965895385179
423,4,3.8736236077188414e-05,3.748356183489731e-05,nan
424,1,2.385016617983597e-05,2.8418917627058233e-05,nan
424,2,3.362823887884797e-05,2.687947922549628e-05,nan
424,3,2.199357235307593e-05,2.8934311643707088e-05,nan
424,4,3.812340391317952e-05,3.72200457441097e-05,28.837756536993687
425,1,2.381798500683802e-05,2.8103192837007598e-05,0.5894147580984569
425,2,3.362823885939802e-05,2.6879479182381635e-05,nan
425,3,2.1993572346098867e-05,2.893431164212902e-05,nan
425,4,3.812340390072789e-05,3.722004574285167e-05,nan
426,1,2.3817985000758877e-05,2.810319275285251e-05,nan
426,2,3.2555322573958046e-05,2.657979093604889e-05,22.62314012957686
426,3,2.1993572342331997e-05,2.893431161725825e-05,nan
426,4,3.812340355008359e-05,3.72200456373637e-05,nan
427,1,2.38179849980521e-05,2.8103192750187984e-05,nan
427,2,3.2555322566744246e-05,2.657979093470226e-05,nan
427,3,2.1944661327838603e-05,2.8717342874283815e-05,16.743788667422805
427,4,3.812340352722294e-05,3.722004559094727e-05,nan
428,1,2.3817984995313364e-05,2.8103192739400217e-05,nan
428,2,3.2555322397461655e-05,2.657979091164921e-05,nan
428,3,2.1944661322244046e-05,2.8717342783269813e-05,nan
428,4,3.753479873258534e-05,3.69449523434803e-05,31.366109980091718
429,1,2.3785409563923886e-05,2.7798154508828743e-05,0.4191927290631429
429,2,3.255532237974761e-05,2.657979087210231e-05,nan
429,3,2.1944661316133137e-05,2.8717342781585502e-05,nan
429,4,3.753479872083147e-05,3.6944952342159476e-05,nan
430,1,2.3785409557385835e-05,2.7798154442491043e-05,nan
430,2,3.167589654336643e-05,2.628956448948728e-05,27.715370442237155
430,3,2.1944661312195318e-05,2.8717342760940703e-05,nan
430,4,3.7534798454360345e-05,3.6944952258282966e-05,nan
431,1,2.378540955454248e-05,2.779815444007649e-05,nan
431,2,3.167589653642438e-05,2.628956448827608e-05,nan
431,3,2.190020197272654e-05,2.8494151976015328e-05,18.02100226440319
431,4,3.753479843191083e-05,3.6944952210217445e-05,nan
432,1,2.3785409551560126e-05,2.779815442997949e-05,nan
432,2,3.1675896380703093e-05,2.628956446674058e-05,nan
432,3,2.190020196667817e-05,2.849415188558607e-05,nan
432,4,3.6969508400012415e-05,3.6656499630538754e-05,34.09605584692445
433,1,2.3751605808603027e-05,2.7503678065208786e-05,0.4306855587687206
433,2,3.167589636432561e-05,2.628956443024239e-05,nan
433,3,2.1900201961197254e-05,2.849415188379281e-05,nan
433,4,3.6969508388916954e-05,3.6656499629128607e-05,nan
434,1,2.3751605801638075e-05,2.7503678007377707e-05,nan
434,2,3.094419029516915e-05,2.599186887882121e-05,25.51172775590117
434,3,2.1900201957054047e-05,2.8494151866603445e-05,nan
434,4,3.696950817869067e-05,3.665649956155698e-05,nan
435,1,2.3751605798622614e-05,2.7503678005161455e-05,nan
435,2,3.0944190288502986e-05,2.5991868877721615e-05,nan
435,3,2.1858881672958782e-05,2.8267186086256666e-05,18.139834742572873
435,4,3.696950815688544e-05,3.6656499512657483e-05,nan
436,1,2.375160579544454e-05,2.750367799563319e-05,nan
436,2,3.09441901443481e-05,2.599186885738667e-05,nan
436,3,2.1858881666560455e-05,2.826718599745175e-05,nan
436,4,3.6424992806049627e-05,3.635930629963781e-05,33.56138962980192
437,1,2.3716204417546463e-05,2.7219195774758274e-05,0.473162906977885
437,2,3.094419012905283e-05,2.59918688235204e-05,nan
437,3,2.1858881661520883e-05,2.826718599556154e-05,nan
437,4,3.642499279556343e-05,3.63593062981326e-05,nan
438,1,2.371620441029859e-05,2.7219195721066566e-05,nan
438,2,3.0316369477300344e-05,2.5684575074350034e-05,19.044154551656327
438,3,2.1858881657236743e-05,2.8267185980929363e-05,nan
438,4,3.642499262175089e-05,3.635930624207957e-05,nan
439,1,2.3716204407111752e-05,2.7219195719005277e-05,nan
439,2,3.0316369470911903e-05,2.5684575073339412e-05,nan
439,3,2.1819670318475174e-05,2.803857799203615e-05,16.218576146715964
439,4,3.642499260075643e-05,3.635930619306739e-05,nan
440,1,2.371620440378857e-05,2.7219195709949384e-05,nan
440,2,3.0316369336813614e-05,2.568457505401432e-05,nan
440,3,2.1819670311827338e-05,2.803857790560929e-05,nan
440,4,3.5898831746550703e-05,3.605745944951266e-05,28.926146690153097
441,1,2.3678314216310465e-05,2.6945827919228292e-05,0.5000906929621012
441,2,3.0316369322499983e-05,2.5684575022915724e-05,nan
441,3,2.1819670307234417e-05,2.8038577903580826e-05,nan
441,4,3.589883173667248e-05,3.605745944787286e-05,nan
442,1,2.3678314208891435e-05,2.6945827867554722e-05,nan
442,2,2.9793764465144142e-05,2.536612164985839e-05,17.926978927894805
442,3,2.181967030285368e-05,2.8038577891592318e-05,nan
442,4,3.589883159410286e-05,3.605745940285131e-05,nan
443,1,2.367831420545571e-05,2.694582786565177e-05,nan
443,2,2.9793764458957942e-05,2.536612164893809e-05,nan
443,3,2.1782617119875047e-05,2.7807225213642918e-05,16.810646106440032
443,4,3.5898831573795766e-05,3.605745935332905e-05,nan
444,1,2.36783142019143e-05,2.6945827857004933e-05,nan
444,2,2.979376433341657e-05,2.5366121630548722e-05,nan
444,3,2.1782617112874374e-05,2.780722512909973e-05,nan
444,4,3.5389736298141424e-05,3.5747015373624996e-05,29.279696063236077
445,1,2.3637376576306824e-05,2.6684138146522658e-05,0.5326004407799458
445,2,2.979376432000449e-05,2.5366121602181318e-05,nan
445,3,2.1782617108669933e-05,2.7807225126918484e-05,nan
445,4,3.538973628885787e-05,3.574701537183247e-05,nan
446,1,2.3637376569096663e-05,2.6684138095775406e-05,nan
446,2,2.9354600635521768e-05,2.5047639574424613e-05,16.011677529648413
446,3,2.1782617104401104e-05,2.7807225117148013e-05,nan
446,4,3.5389736167472355e-05,3.5747015335505776e-05,nan
447,1,2.3637376565361264e-05,2.6684138094025317e-05,nan
447,2,2.935460062949018e-05,2.5047639573587517e-05,nan
447,3,2.1747579316592914e-05,2.7572847078569343e-05,17.52076228271756
447,4,3.538973614780563e-05,3.5747015285373656e-05,nan
448,1,2.363737656154588e-05,2.6684138085737432e-05,nan
448,2,2.93546005113766e-05,2.504763955611611e-05,nan
448,3,2.174757930915814e-05,2.757284699550684e-05,nan
448,4,3.4896633186309346e-05,3.542478929675451e-05,29.9304613964954
449,1,2.3593111360268865e-05,2.6434177893704868e-05,0.5779588928469193
449,2,2.9354600498813774e-05,2.504763953031821e-05,nan
449,3,2.1747579305257983e-05,2.757284699317555e-05,nan
449,4,3.489663317759555e-05,3.5424789294807754e-05,nan
450,1,2.3593111353581642e-05,2.643417784433111e-05,nan
450,2,2.896918633281103e-05,2.4742854489196866e-05,13.317751395680279
450,3,2.174757930128838e-05,2.7572846984939364e-05,nan
450,4,3.4896633068827774e-05,3.542478926431673e-05,nan
451,1,2.359311134951843e-05,2.643417784272146e-05,nan
451,2,2.896918632691282e-05,2.4742854488431124e-05,nan
451,3,2.171426087760303e-05,2.7335759872166212e-05,17.906333794993678
451,4,3.489663304980079e-05,3.5424789213689245e-05,nan
452,1,2.359311134539158e-05,2.643417783474398e-05,nan
452,2,2.8969186215457032e-05,2.4742854471853826e-05,nan
452,3,2.171426086968062e-05,2.733575979034954e-05,nan
452,4,3.441834902496019e-05,3.50886517280294e-05,30.063507387910406
453,1,2.3545108620491486e-05,2.6196245215014196e-05,0.6145583080618072
453,2,2.8969186203726232e-05,2.4742854448505075e-05,nan
453,3,2.171426086601726e-05,2.73357597878626e-05,nan
453,4,3.441834901679996e-05,3.508865172592285e-05,nan
454,1,2.3545108614508025e-05,2.6196245167946455e-05,nan
454,2,2.8616854634030905e-05,2.4461891405993424e-05,11.275686923799753
454,3,2.1714260862460135e-05,2.7335759780647477e-05,nan
454,4,3.44183489160421e-05,3.508865169930674e-05,nan
455,1,2.3545108610069816e-05,2.6196245166468833e-05,nan
455,2,2.8616854628249434e-05,2.4461891405289682e-05,nan
455,3,2.1682413320289808e-05,2.709596124396244e-05,18.491106009487407
455,4,3.4418348897628895e-05,3.508865164818544e-05,nan
456,1,2.354510860556369e-05,2.6196245158744333e-05,nan
456,2,2.8616854522894768e-05,2.446189138955247e-05,nan
456,3,2.1682413311779797e-05,2.7095961163018148e-05,nan
456,4,3.3953510483201797e-05,3.473484211702406e-05,30.70620685850089
457,1,2.3493521563400863e-05,2.5969698502934243e-05,0.7313414209817004
457,2,2.8616854511950062e-05,2.446189136835831e-05,nan
457,3,2.1682413308271634e-05,2.7095961160398055e-05,nan
457,4,3.395351047555639e-05,3.473484211477927e-05,nan
458,1,2.3493521558101697e-05,2.5969698458837254e-05,nan
458,2,2.8283182277994138e-05,2.4207436960195895e-05,8.427990775929437
458,3,2.1682413305125645e-05,2.709596115380993e-05,nan
458,4,3.395351038059213e-05,3.4734842090665634e-05,nan
459,1,2.349352155329492e-05,2.5969698457473822e-05,nan
459,2,2.8283182272336652e-05,2.4207436959542107e-05,nan
459,3,2.1651651696695442e-05,2.6854313671599824e-05,18.153361521299598
459,4,3.395351036282147e-05,3.4734842039371934e-05,nan
460,1,2.3493521548396075e-05,2.5969698449954467e-05,nan
460,2,2.828318217266193e-05,2.4207436944568442e-05,nan
460,3,2.1651651687581147e-05,2.6854313591518124e-05,nan
460,4,3.350066385451476e-05,3.436260715790777e-05,29.67988466502112
461,1,2.343759308060074e-05,2.575543497315034e-05,0.7166551859304924
461,2,2.828318216251389e-05,2.420743692551225e-05,nan
461,3,2.1651651684179544e-05,2.6854313588741133e-05,nan
461,4,3.3500663847388384e-05,3.4362607155508874e-05,nan
462,1,2.3437593076030475e-05,2.575543493263731e-05,nan
462,2,2.7961859140839887e-05,2.398328048897912e-05,8.078440436580756
462,3,2.1651651681472996e-05,2.685431358259897e-05,nan
462,4,3.3500663757424296e-05,3.436260713326181e-05,nan
463,1,2.3437593070759535e-05,2.575543493138628e-05,nan
463,2,2.7961859135291953e-05,2.398328048837143e-05,nan
463,3,2.1621757761999302e-05,2.6610227753887948e-05,19.278104703715112
463,4,3.3500663740228e-05,3.4362607081581166e-05,nan
464,1,2.3437593065312235e-05,2.5755434923974317e-05,nan
464,2,2.7961859040933753e-05,2.39832804740208e-05,nan
464,3,2.1621757752048156e-05,2.6610227673962095e-05,nan
464,4,3.3057336458365724e-05,3.3963633485097475e-05,31.68021263492586
465,1,2.337731210312103e-05,2.555311351978159e-05,0.7726818842322416
465,2,2.796185903154313e-05,2.398328045688087e-05,nan
465,3,2.1621757748688064e-05,2.661022767104138e-05,nan
465,4,3.305733645173312e-05,3.396363348256429e-05,nan
466,1,2.3377312099181046e-05,2.5553113482914598e-05,nan
466,2,2.7648827311716116e-05,2.3787099446699398e-05,7.08187544103156
466,3,2.1621757746366435e-05,2.661022766521034e-05,nan
466,4,3.3057336366504215e-05,3.396363346173858e-05,nan
467,1,2.3377312093424685e-05,2.555311348176163e-05,nan
467,2,2.7648827306286e-05,2.3787099446129663e-05,nan
467,3,2.159234920384246e-05,2.63642545078221e-05,19.711667084489
467,4,3.3057336349882156e-05,3.396363340988698e-05,nan
468,1,2.3377312087347288e-05,2.5553113474359992e-05,nan
468,2,2.7648827216906712e-05,2.3787099432237276e-05,nan
468,3,2.1592349192938412e-05,2.636425442788295e-05,nan
468,4,3.2620437407255384e-05,3.3533820844636415e-05,32.474385245501644
469,1,2.331124198167258e-05,2.536463105635461e-05,0.5666713642961789
469,2,2.7648827208314715e-05,2.378709941712717e-05,nan
469,3,2.1592349189548058e-05,2.6364254424769505e-05,nan
469,4,3.262043740115258e-05,3.353382084193835e-05,nan
470,1,2.331124197839525e-05,2.5364631023586987e-05,nan
470,2,2.7342215343096013e-05,2.362139938088097e-05,9.046391760642253
470,3,2.1592349187628654e-05,2.6364254419181442e-05,nan
470,4,3.26204373207002e-05,3.353382082228715e-05,nan
471,1,2.331124197195466e-05,2.536463102253322e-05,nan
471,2,2.7342215337768552e-05,2.3621399380347688e-05,nan
471,3,2.156297950959403e-05,2.611526144503511e-05,22.26107177174591
471,4,3.262043730455457e-05,3.3533820769821966e-05,nan
472,1,2.3311241964844507e-05,2.5364631014848016e-05,nan
472,2,2.734221525297176e-05,2.3621399366503348e-05,nan
472,3,2.1562979497148508e-05,2.611526136379064e-05,nan
472,4,3.218124026699945e-05,3.3053106496446356e-05,37.752901391470715
473,1,2.3239442924968057e-05,2.5189491817666432e-05,0.4138475813624225
473,2,2.734221524512744e-05,2.3621399353188064e-05,nan
473,3,2.1562979493654948e-05,2.6115261360503928e-05,nan
473,4,3.2181240261407356e-05,3.305310649362078e-05,nan
474,1,2.323944292221519e-05,2.518949178859568e-05,nan
474,2,2.7041455421551248e-05,2.348101147071282e-05,10.966232660000095
474,3,2.156297949205693e-05,2.6115261355119753e-05,nan
474,4,3.218124018575269e-05,3.3053106474987806e-05,nan
475,1,2.323944291505427e-05,2.5189491787621357e-05,nan
475,2,2.7041455416343506e-05,2.3481011470206747e-05,nan
475,3,2.153304921209302e-05,2.5864122526742507e-05,24.356258404183112
475,4,3.218124017008449e-05,3.305310642225218e-05,nan
476,1,2.3239442906691495e-05,2.5189491779286177e-05,nan
476,2,2.7041455335435386e-05,2.3481011455849708e-05,nan
476,3,2.15330491978197e-05,2.5864122444328445e-05,nan
476,4,3.1726018940276445e-05,3.251256052586685e-05,42.285512019028296
477,1,2.316357049605153e-05,2.502487536308358e-05,0.49837355567334257
477,2,2.7041455328202806e-05,2.3481011443850077e-05,nan
477,3,2.1533049194213256e-05,2.5864122440948627e-05,nan
477,4,3.1726018935125075e-05,3.251256052300867e-05,nan
478,1,2.316357049362379e-05,2.5024875336723135e-05,nan
478,2,2.6746777177577472e-05,2.3357227487993578e-05,9.218102908451263
478,3,2.15330491928199e-05,2.5864122435761333e-05,nan
478,4,3.172601886396969e-05,3.251256050530348e-05,nan
479,1,2.31635704859255e-05,2.5024875335799432e-05,nan
479,2,2.6746777172520696e-05,2.3357227487503834e-05,nan
479,3,2.1502320332685387e-05,2.5613102438306115e-05,23.71894450342033
479,4,3.172601884882363e-05,3.251256045325338e-05,nan
480,1,2.3163570476572504e-05,2.502487532666377e-05,nan
480,2,2.674677709456787e-05,2.3357227472304932e-05,nan
480,3,2.1502320317016748e-05,2.5613102356628422e-05,nan
480,4,3.124497379108369e-05,3.1927626726656894e-05,40.9130898946274
481,1,2.3083482608586008e-05,2.4870733431544973e-05,0.5376142590369457
481,2,2.6746777087916683e-05,2.335722746153388e-05,nan
481,3,2.1502320313261177e-05,2.5613102353159185e-05,nan
481,4,3.124497378637733e-05,3.1927626723793015e-05,nan
482,1,2.3083482606444166e-05,2.4870733407678048e-05,nan
482,2,2.6458194270179336e-05,2.324828353307979e-05,8.557076244250613
482,3,2.150232031204696e-05,2.5613102348160536e-05,nan
482,4,3.1244973719615505e-05,3.1927626706908483e-05,nan
483,1,2.308348259816234e-05,2.4870733406792756e-05,nan
483,2,2.6458194265277675e-05,2.324828353260158e-05,nan
483,3,2.147037407860542e-05,2.5362528076127936e-05,23.715597505986178
483,4,3.12449737049371e-05,3.192762665566064e-05,nan
484,1,2.3083482587691392e-05,2.487073339617743e-05,nan
484,2,2.6458194188153543e-05,2.3248283515484305e-05,nan
484,3,2.147037406143803e-05,2.5362527996284026e-05,nan
484,4,3.0707172150614296e-05,3.129709184809754e-05,40.57413506731347
485,1,2.299834666390604e-05,2.4728000275404053e-05,0.4421347646728643
485,2,2.6458194182089966e-05,2.3248283505967897e-05,nan
485,3,2.1470374057466943e-05,2.5362527992704376e-05,nan
485,4,3.0707172146393056e-05,3.129709184523923e-05,nan
486,1,2.2998346662044945e-05,2.4728000254011006e-05,nan
486,2,2.617575429822148e-05,2.3153960158180367e-05,9.422298181655183
486,3,2.1470374056425587e-05,2.5362527987886006e-05,nan
486,4,3.070717208408878e-05,3.1297091829042765e-05,nan
487,1,2.2998346653024722e-05,2.4728000253151596e-05,nan
487,2,2.6175754293476837e-05,2.315396015770802e-05,nan
487,3,2.1436465302540126e-05,2.5112342383179303e-05,24.55563433492488
487,4,3.0707172069797514e-05,3.12970917784778e-05,nan
488,1,2.299834664125069e-05,2.47280002391707e-05,nan
488,2,2.6175754210071173e-05,2.3153960135674698e-05,nan
488,3,2.1436465283833315e-05,2.5112342307916925e-05,nan
488,4,3.0021771820219657e-05,3.062641145602937e-05,41.047744790416154
489,1,2.290853823246901e-05,2.459585714679714e-05,0.39168298328552503
489,2,2.6175754204540495e-05,2.3153960127247303e-05,nan
489,3,2.143646527962844e-05,2.5112342304251797e-05,nan
489,4,3.0021771816509436e-05,3.062641145323107e-05,nan
490,1,2.2908538230830773e-05,2.4595857127503834e-05,nan
490,2,2.589953990231015e-05,2.3071481471212454e-05,9.814334044172375
490,3,2.1436465278724216e-05,2.5112342299611046e-05,nan
490,4,3.002177175877018e-05,3.062641143753466e-05,nan
491,1,2.29085382210912e-05,2.459585712665154e-05,nan
491,2,2.5899539897734325e-05,2.3071481470738932e-05,nan
491,3,2.1400166323459744e-05,2.4863527092566028e-05,24.944338596022604
491,4,3.0021771744818878e-05,3.062641138791614e-05,nan
492,1,2.2908538208978895e-05,2.459585710663696e-05,nan
492,2,2.5899539790745174e-05,2.3071481439130752e-05,nan
492,3,2.1400166304936214e-05,2.4863527026676768e-05,nan
492,4,2.903113247294359e-05,2.998164307675365e-05,39.36196300414708
493,1,2.2814498783017356e-05,2.447343304700004e-05,0.39272950780205557
493,2,2.5899539785694225e-05,2.3071481431641226e-05,nan
493,3,2.1400166300492323e-05,2.486352702295146e-05,nan
493,4,2.9031132469796475e-05,2.9981643074051597e-05,nan
494,1,2.2814498781556922e-05,2.4473433029484223e-05,nan
494,2,2.562953906500176e-05,2.2998607153377514e-05,9.597307067259433
494,3,2.140016629969721e-05,2.4863527018484787e-05,nan
494,4,2.9031132417175695e-05,2.9981643058630654e-05,nan
495,1,2.281449877113634e-05,2.4473433028621926e-05,nan
495,2,2.5629539060603946e-05,2.299860715289671e-05,nan
495,3,2.1361150450454013e-05,2.4617025211723163e-05,24.922421588153057
495,4,2.9031132403598248e-05,2.9981643010015808e-05,nan
496,1,2.281449876096832e-05,2.4473432998977217e-05,nan
496,2,2.5629538890930314e-05,2.2998607104763328e-05,nan
496,3,2.1361150435546857e-05,2.4617025152710852e-05,nan
496,4,2.747108370907113e-05,2.947523133263881e-05,36.5539549302752
497,1,2.271527202355369e-05,2.4361774393437212e-05,0.1976551985902726
497,2,2.5629538886374666e-05,2.2998607098252e-05,nan
497,3,2.136115043078202e-05,2.4617025148903364e-05,nan
497,4,2.7471083706587724e-05,2.9475231329982542e-05,nan
498,1,2.2715272022274262e-05,2.4361774377712547e-05,nan
498,2,2.5365828582872235e-05,2.293543127652427e-05,12.279267615555273
498,3,2.1361150430094807e-05,2.4617025144604167e-05,nan
498,4,2.7471083660607303e-05,2.9475231314753516e-05,nan
499,1,2.2715272010975713e-05,2.4361774376816156e-05,nan
499,2,2.5365828578663924e-05,2.2935431276025065e-05,nan
499,3,2.131820498654436e-05,2.4373348582787816e-05,25.816662832621635
499,4,2.747108364774307e-05,2.9475231266625338e-05,nan
500,1,2.271527200577827e-05,2.436177433205269e-05,nan
500,2,2.5365828227728433e-05,2.2935431198723723e-05,nan
500,3,2.131820497787808e-05,2.43733484689923e-05,nan
500,4,2.477907795111994e-05,2.9101837586935043e-05,47.13305246174621
501,1,2.2612582968169147e-05,2.42583229567898e-05,0.20215590169185765
501,2,2.5365828223562224e-05,2.2935431192906193e-05,nan
501,3,2.1318204972875842e-05,2.437334846516812e-05,nan
501,4,2.4779077949283056e-05,2.9101837584223026e-05,nan
502,1,2.261258296700606e-05,2.4258322942353913e-05,nan
502,2,2.51081504608363e-05,2.2878679197902337e-05,11.688724751838022
502,3,2.1318204972258857e-05,2.4373348461033366e-05,nan
502,4,2.4779077912846918e-05,2.9101837570112406e-05,nan
503,1,2.261258295510546e-05,2.4258322941414784e-05,nan
503,2,2.5108150456820486e-05,2.2878679197384197e-05,nan
503,3,2.1271929845964654e-05,2.4133775352963407e-05,25.35628027735109
503,4,2.477907790218654e-05,2.9101837523287242e-05,nan
504,1,2.261258294822434e-05,2.4258322899872182e-05,nan
504,2,2.5108150002828325e-05,2.287867912119399e-05,nan
504,3,2.1271929830390584e-05,2.4133775114789974e-05,nan
504,4,2.1914764133969015e-05,2.8277777426297397e-05,67.40724933151
505,1,2.2506066803402014e-05,2.4163345558675884e-05,0.15925561873970331
505,2,2.510814999904511e-05,2.28786791160538e-05,nan
505,3,2.1271929825110855e-05,2.4133775110944807e-05,nan
505,4,2.191476413256655e-05,2.8277777423453776e-05,nan
506,1,2.2506066802351442e-05,2.416334554548104e-05,nan
506,2,2.4856460731194306e-05,2.28280865307923e-05,12.094858739553173
506,3,2.12719298245598e-05,2.413377510696782e-05,nan
506,4,2.1914764105522355e-05,2.827777741203678e-05,nan
507,1,2.2506066789766525e-05,2.4163345544478067e-05,nan
507,2,2.4856460727379893e-05,2.2828086530246177e-05,nan
507,3,2.122152326089951e-05,2.3899041900315777e-05,25.135251971817738
507,4,2.1914764098046788e-05,2.8277777368782275e-05,nan
508,1,2.2506066773684243e-05,2.4163345521211993e-05,nan
508,2,2.4856460347092898e-05,2.2828086484277106e-05,nan
508,3,2.1221523227955553e-05,2.3899041575182312e-05,nan
508,4,2.001130541924545e-05,2.6675861936078648e-05,105.99180248183669
509,1,2.239599040743127e-05,2.40762724879752e-05,0.12451344525052455
509,2,2.4856460343659534e-05,2.2828086479728756e-05,nan
509,3,2.122152322240148e-05,2.3899041571331548e-05,nan
509,4,2.0011305418014567e-05,2.6675861933242785e-05,nan
510,1,2.239599040647647e-05,2.4076272475875112e-05,nan
510,2,2.461062457179023e-05,2.2782755093972337e-05,12.35973660499
510,3,2.1221523221905396e-05,2.389904156750569e-05,nan
510,4,2.0011305397101287e-05,2.6675861924959314e-05,nan
511,1,2.2395990393247378e-05,2.4076272474792465e-05,nan
511,2,2.461062456818156e-05,2.2782755093392337e-05,nan
511,3,2.1166687240424613e-05,2.3669985932933202e-05,24.829150260816682
511,4,2.001130539221796e-05,2.66758618876913e-05,nan
512,1,2.2395990374694568e-05,2.407627246539264e-05,nan
512,2,2.4610624352017294e-05,2.278275507373689e-05,nan
512,3,2.1166687205271143e-05,2.366998567082334e-05,nan
512,4,1.9122194759189164e-05,2.5054679205403526e-05,126.56393458112257
513,1,2.228262887021778e-05,2.3996433979815533e-05,0.11838425377356283
513,2,2.461062434889976e-05,2.2782755069689075e-05,nan
513,3,2.1166687199446287e-05,2.3669985666981564e-05,nan
513,4,1.9122194758028458e-05,2.5054679202704656e-05,nan
514,1,2.2282628869340464e-05,2.3996433968697094e-05,nan
514,2,2.437058087695625e-05,2.2741822440444298e-05,11.794310658309522
514,3,2.1166687198993694e-05,2.3669985663299542e-05,nan
514,4,1.9122194740216467e-05,2.5054679196458943e-05,nan
515,1,2.2282628855546068e-05,2.3996433967520534e-05,nan
515,2,2.437058087355188e-05,2.2741822439825076e-05,nan
515,3,2.1107286183605073e-05,2.3447271158873768e-05,24.233166777650794
515,4,1.912219473668066e-05,2.5054679164442483e-05,nan
516,1,2.2282628839883212e-05,2.3996433963221087e-05,nan
516,2,2.4370580758125075e-05,2.2741822430874618e-05,nan
516,3,2.1107286155230038e-05,2.3447270980818477e-05,nan
516,4,1.870020919496413e-05,2.377711854439138e-05,115.4387499596915
517,1,2.216538750399825e-05,2.3924001232047603e-05,0.40389450434289376
517,2,2.4370580755319468e-05,2.2741822427286305e-05,nan
517,3,2.1107286149061914e-05,2.3447270976976312e-05,nan
517,4,1.870020919387099e-05,2.3777118541840314e-05,nan
518,1,2.2165387503186242e-05,2.3924001221958634e-05,nan
518,2,2.4136675281747455e-05,2.270497989178225e-05,12.421732070108291
518,3,2.1107286148644188e-05,2.3447270973431703e-05,nan
518,4,1.8700209177866862e-05,2.3777118536754444e-05,nan
519,1,2.2165387488805527e-05,2.392400122065797e-05,nan
519,2,2.4136675278549272e-05,2.270497989110967e-05,nan
519,3,2.1042448121816333e-05,2.3231634748650754e-05,24.630443268700393
519,4,1.8700209175015153e-05,2.377711850847901e-05,nan
520,1,2.2165387476347244e-05,2.3924001218044664e-05,nan
520,2,2.413667521519707e-05,2.2704979886106004e-05,nan
520,3,2.1042448099977906e-05,2.323163462944818e-05,nan
520,4,1.8473607394114552e-05,2.280839577602107e-05,96.96186607665368
521,1,2.204383428501101e-05,2.3858911719509968e-05,0.7026588766179396
521,2,2.4136675212692918e-05,2.2704979882913168e-05,nan
521,3,2.1042448093403138e-05,2.3231634625602054e-05,nan
521,4,1.8473607393101175e-05,2.2808395773600547e-05,nan
522,1,2.2043834284248594e-05,2.385891171046873e-05,nan
522,2,2.3909362078924803e-05,2.2671721423767672e-05,13.292753283489906
522,3,2.104244809300953e-05,2.323163462219062e-05,nan
522,4,1.8473607378379417e-05,2.2808395769192096e-05,nan
523,1,2.204383426929381e-05,2.3858911709015376e-05,nan
523,2,2.3909362075931314e-05,2.267172142302821e-05,nan
523,3,2.0971437808519225e-05,2.3023719193837882e-05,25.49679058356397
523,4,1.8473607375905468e-05,2.2808395743606545e-05,nan
524,1,2.204383425971324e-05,2.3858911706780737e-05,nan
524,2,2.390936203854817e-05,2.267172141917956e-05,nan
524,3,2.0971437792140796e-05,2.302371911398427e-05,nan
524,4,1.8318954537362567e-05,2.2087886036858433e-05,80.65070432699605
525,1,2.191903271954459e-05,2.3799627693280386e-05,0.9234569659570023
525,2,2.3909362036287384e-05,2.2671721416247948e-05,nan
525,3,2.097143778523772e-05,2.3023719110167036e-05,nan
525,4,1.831895453642443e-05,2.2087886034556614e-05,nan
526,1,2.1919032718808746e-05,2.379962768509544e-05,nan
526,2,2.3688539440919692e-05,2.2640847822166347e-05,11.828654194034646
526,3,2.0971437784854737e-05,2.302371910688375e-05,nan
526,4,1.8318954522680745e-05,2.2087886030563006e-05,nan
527,1,2.191903270351356e-05,2.3799627683502153e-05,nan
527,2,2.368853943810683e-05,2.264084782136717e-05,nan
527,3,2.0895317893254054e-05,2.2823084183766476e-05,24.59704971181147
527,4,1.831895452042463e-05,2.2087886006989293e-05,nan
528,1,2.191903269593909e-05,2.37996276812642e-05,nan
528,2,2.3688539411540758e-05,2.2640847817682565e-05,nan
528,3,2.0895317880524104e-05,2.2823084125889724e-05,nan
528,4,1.818288393680175e-05,2.1526912268155888e-05,58.87132260391833
529,1,2.1789620843913772e-05,2.374696095249386e-05,1.6157848205257612
529,2,2.368853940954509e-05,2.2640847814984036e-05,nan
529,3,2.089531787313775e-05,2.2823084122075365e-05,nan
529,4,1.818288393595617e-05,2.1526912265937498e-05,nan
530,1,2.178962084319188e-05,2.3746960945302537e-05,nan
530,2,2.3475316452111732e-05,2.2612180872280843e-05,13.034128329022494
530,3,2.0895317872755464e-05,2.2823084118921618e-05,nan
530,4,1.818288392324241e-05,2.152691226223704e-05,nan
531,1,2.1789620827426168e-05,2.3746960943515142e-05,nan
531,2,2.3475316449486378e-05,2.2612180871394596e-05,nan
531,3,2.0812209380868854e-05,2.2630687603636483e-05,26.914999349327854
531,4,1.8182883921158947e-05,2.1526912240257512e-05,nan
532,1,2.1789620821682796e-05,2.3746960941175437e-05,nan
532,2,2.3475316429450267e-05,2.2612180867604222e-05,nan
532,3,2.081220937136256e-05,2.263068756306108e-05,nan
532,4,1.80504026407654e-05,2.1107157035822046e-05,47.242669621057644
533,1,2.165619400870179e-05,2.3699847713280446e-05,2.1898897760925746
533,2,2.3475316427680236e-05,2.261218086502998e-05,nan
533,3,2.0812209363529338e-05,2.263068755926977e-05,nan
533,4,1.805040264000567e-05,2.1107157033672168e-05,nan
534,1,2.165619400797352e-05,2.3699847706946032e-05,nan
534,2,2.326993730453598e-05,2.2584707031174485e-05,13.183518145554824
534,3,2.081220936313563e-05,2.263068755624399e-05,nan
534,4,1.8050402628253795e-05,2.11071570301842e-05,nan
535,1,2.165619399188771e-05,2.3699847704966052e-05,nan
535,2,2.326993730207624e-05,2.2584707030201658e-05,nan
535,3,2.0722596015978392e-05,2.2446036832422462e-05,28.602229399199075
535,4,1.8050402626297677e-05,2.1107157009490275e-05,nan
536,1,2.1656193987425536e-05,2.3699847702570958e-05,nan
536,2,2.326993728470399e-05,2.2584707026299045e-05,nan
536,3,2.0722596008673393e-05,2.244603680203139e-05,nan
536,4,1.791552111980476e-05,2.078136643079037e-05,37.73570158580995
537,1,2.1519434017182293e-05,2.3657242428878507e-05,4.840438893043026
537,2,2.326993728312167e-05,2.258470702375834e-05,nan
537,3,2.0722596000447002e-05,2.2446036798282352e-05,nan
537,4,1.791552111912066e-05,2.078136642869901e-05,nan
538,1,2.151943401643128e-05,2.365724242325947e-05,nan
538,2,2.307249092108799e-05,2.255753736843562e-05,14.348368590378854
538,3,2.0722596000032475e-05,2.2446036795382166e-05,nan
538,4,1.7915521108272856e-05,2.078136642538463e-05,nan
539,1,2.1519434000169646e-05,2.3657242421095612e-05,nan
539,2,2.3072490918769173e-05,2.2557537367379965e-05,nan
539,3,2.0627136156261932e-05,2.2268315098649485e-05,31.318985822622423
539,4,1.7915521106417268e-05,2.0781366405771585e-05,nan
540,1,2.1519433996582062e-05,2.365724241870938e-05,nan
540,2,2.3072490902519615e-05,2.2557537363446364e-05,nan
540,3,2.0627136150436778e-05,2.2268315074282424e-05,nan
540,4,1.7778823012127682e-05,2.0517088692778345e-05,25.370239488162746
541,1,2.137920230046331e-05,2.3618679210749435e-05,6.528416344727981
541,2,2.307249090110882e-05,2.255753736085071e-05,nan
541,3,2.0627136141779593e-05,2.226831507057693e-05,nan
541,4,1.7778823011515304e-05,2.0517088690733618e-05,nan
542,1,2.1379202299666696e-05,2.3618679205796582e-05,nan
542,2,2.2883823450701697e-05,2.2529742582990664e-05,14.22029599653294
542,3,2.0627136141330825e-05,2.22683150678061e-05,nan
542,4,1.7778823001607966e-05,2.0517088687580314e-05,nan
543,1,2.1379202283270544e-05,2.3618679203427496e-05,nan
543,2,2.2883823448502657e-05,2.2529742581840342e-05,nan
543,3,2.0525361930947805e-05,2.2096849016199443e-05,35.00023964968632
543,4,1.777882299983636e-05,2.051708866891674e-05,nan
544,1,2.1379202280345163e-05,2.3618679201097962e-05,nan
544,2,2.2883823432796318e-05,2.2529742577947534e-05,nan
544,3,2.0525361926229696e-05,2.2096848995830598e-05,nan
544,4,1.7641958336895943e-05,2.029796876695812e-05,21.888051257901814
545,1,2.123655329516662e-05,2.3582966003147325e-05,8.335271265667753
545,2,2.2883823431515066e-05,2.252974257523465e-05,nan
545,3,2.0525361917249365e-05,2.209684899219082e-05,nan
545,4,1.7641958336340232e-05,2.0297968764959287e-05,nan
546,1,2.123655329431582e-05,2.3582965998680368e-05,nan
546,2,2.2703536357233373e-05,2.2500615791158792e-05,13.826621119650977
546,3,2.0525361916762612e-05,2.209684898954417e-05,nan
546,4,1.7641958327269644e-05,2.0297968761955254e-05,nan
547,1,2.1236553277941465e-05,2.3582965996131483e-05,nan
547,2,2.270353635512305e-05,2.2500615789925573e-05,nan
547,3,2.041841876540717e-05,2.1930138434502805e-05,36.23528696896182
547,4,1.7641958325559648e-05,2.0297968744111096e-05,nan
548,1,2.1236553275435586e-05,2.3582965993897485e-05,nan
548,2,2.2703536339779215e-05,2.250061578614466e-05,nan
548,3,2.041841876138987e-05,2.1930138416372563e-05,nan
548,4,1.750746362217785e-05,2.010599092882663e-05,17.936966743715598
549,1,2.109199573269749e-05,2.354928771166236e-05,10.077060867501196
549,2,2.270353633859971e-05,2.2500615783255693e-05,nan
549,3,2.0418418752133697e-05,2.1930138412808154e-05,nan
549,4,1.750746362166875e-05,2.0105990926871802e-05,nan
550,1,2.1091995731779306e-05,2.354928770756479e-05,nan
550,2,2.2531723022590144e-05,2.2469419043527323e-05,13.074575370316612
550,3,2.041841875160254e-05,2.193013841028468e-05,nan
550,4,1.7507463613389768e-05,2.0105990924014452e-05,nan
551,1,2.109199571551143e-05,2.3549287704839296e-05,nan
551,2,2.2531723020538265e-05,2.246941904221167e-05,nan
551,3,2.0306648189789466e-05,2.1766635249946793e-05,37.33878929605525
551,4,1.7507463611719124e-05,2.0105990906887138e-05,nan
552,1,2.1091995713291683e-05,2.3549287702717584e-05,nan
552,2,2.2531723005561082e-05,2.246941903857808e-05,nan
552,3,2.0306648186252385e-05,2.176663523321739e-05,nan
552,4,1.737688913709236e-05,1.9931622997164476e-05,15.859623488726815
553,1,2.0946165169190583e-05,2.3516849854982164e-05,13.249840154704467
553,2,2.2531723004455728e-05,2.24694190354757e-05,nan
553,3,2.030664817678927e-05,2.176663522973815e-05,nan
553,4,1.737688913661955e-05,1.993162299525396e-05,nan
554,1,2.094616516819802e-05,2.351684985113179e-05,nan
554,2,2.23681559338168e-05,2.243561528081572e-05,13.620059997246592
554,3,2.030664817621124e-05,2.1766635227334568e-05,nan
554,4,1.737688912906052e-05,1.993162299253979e-05,nan
555,1,2.0946165152112566e-05,2.351684984823649e-05,nan
555,2,2.2368155931794434e-05,2.243561527942014e-05,nan
555,3,2.019046487194048e-05,2.160471605066204e-05,39.43975352467378
555,4,1.73768891274072e-05,1.9931622976035493e-05,nan
556,1,2.0946165150084372e-05,2.351684984623285e-05,nan
556,2,2.2368155917250854e-05,2.2435615275951767e-05,nan
556,3,2.019046486872906e-05,2.16047160348363e-05,nan
556,4,1.7251279013571854e-05,1.976827489232814e-05,14.523536291665595
557,1,2.0799776416228637e-05,2.3484900039343548e-05,16.524437960985896
557,2,2.2368155916192934e-05,2.2435615272619557e-05,nan
557,3,2.0190464859143713e-05,2.1604716031451174e-05,nan
557,4,1.7251279013125132e-05,1.976827489046342e-05,nan
558,1,2.0799776415159722e-05,2.3484900035624213e-05,nan
558,2,2.2212350094031524e-05,2.2398857267764942e-05,15.040481649121045
558,3,2.019046485851949e-05,2.1604716029162206e-05,nan
558,4,1.725127900619931e-05,1.976827488788683e-05,nan
559,1,2.0799776399322653e-05,2.3484900032567996e-05,nan
559,2,2.2212350092012336e-05,2.239885726629332e-05,nan
559,3,2.007031366421029e-05,2.1442784848942746e-05,39.56014741494489
559,4,1.72512790045424e-05,1.976827487192098e-05,nan
560,1,2.0799776397420176e-05,2.348490003067181e-05,nan
560,2,2.2212350077955848e-05,2.2398857262980246e-05,nan
560,3,2.0070313661217394e-05,2.144278483375382e-05,nan
560,4,1.7130735005220248e-05,1.961154661059175e-05,13.906492366472333
561,1,2.0652700117525513e-05,2.3452708815538865e-05,17.544407687638373
561,2,2.221235007692525e-05,2.239885725932232e-05,nan
561,3,2.007031365147524e-05,2.1442784830458752e-05,nan
561,4,1.713073500479371e-05,1.9611546608770808e-05,nan
562,1,2.0652700116347734e-05,2.3452708811852947e-05,nan
562,2,2.2065433487877853e-05,2.2357744876186823e-05,12.068831518821497
562,3,2.007031365078893e-05,2.1442784828294797e-05,nan
562,4,1.7130734998539598e-05,1.961154660634222e-05,nan
563,1,2.065270010071156e-05,2.345270880855848e-05,nan
563,2,2.2065433485813573e-05,2.2357744874599592e-05,nan
563,3,1.994404496335602e-05,2.1278098125766967e-05,42.6623119185211
563,4,1.713073499683559e-05,1.9611546590829807e-05,nan
564,1,2.065270009890592e-05,2.3452708806785962e-05,nan
564,2,2.2065433472356293e-05,2.2357744871474247e-05,nan
564,3,1.9944044960532866e-05,2.1278098111098613e-05,nan
564,4,1.7016594217099284e-05,1.9459482790403065e-05,14.037392089156803
565,1,2.0505865278802616e-05,2.3419589133383774e-05,18.64533144495048
565,2,2.2065433471326768e-05,2.2357744867516503e-05,nan
565,3,1.9944044950757164e-05,2.127809810790219e-05,nan
565,4,1.701659421668253e-05,1.9459482788628867e-05,nan
566,1,2.050586527752732e-05,2.3419589129616568e-05,nan
566,2,2.192624419597307e-05,2.231239292503507e-05,11.043745821578542
566,3,1.99440449500178e-05,2.127809810585294e-05,nan
566,4,1.7016594210967473e-05,1.9459482786335718e-05,nan
567,1,2.0505865262093645e-05,2.3419589126074852e-05,nan
567,2,2.1926244193853055e-05,2.2312392923328754e-05,nan
567,3,1.9811389320948554e-05,2.1109898698792075e-05,42.90977667639606
567,4,1.7016594209207054e-05,1.945948277124047e-05,nan
568,1,2.0505865260351586e-05,2.3419589124401816e-05,nan
568,2,2.1926244181010098e-05,2.2312392920357027e-05,nan
568,3,1.9811389318239624e-05,2.1109898684590365e-05,nan
568,4,1.690804120901156e-05,1.9310080268500935e-05,13.744610535554488
569,1,2.0360022940731412e-05,2.33851557831851e-05,23.77248894064917
569,2,2.192624417996469e-05,2.2312392916146145e-05,nan
569,3,1.9811389308536997e-05,2.1109898681496747e-05,nan
569,4,1.6908041208597476e-05,1.931008026677531e-05,nan
570,1,2.0360022939376078e-05,2.338515577927188e-05,nan
570,2,2.179351397866364e-05,2.2263247556854932e-05,15.604513868521344
570,3,1.98113893077566e-05,2.110989867955033e-05,nan
570,4,1.6908041203301216e-05,1.9310080264602527e-05,nan
571,1,2.0360022924108302e-05,2.3385155775481453e-05,nan
571,2,2.1793513976500117e-05,2.2263247555030877e-05,nan
571,3,1.9672111206934483e-05,2.0938831934338488e-05,45.357536230893515
571,4,1.690804120149483e-05,1.931008024993097e-05,nan
572,1,2.0360022922415696e-05,2.3385155773881306e-05,nan
572,2,2.179351396421903e-05,2.2263247552171328e-05,nan
572,3,1.9672111204314556e-05,2.0938831920602273e-05,nan
572,4,1.6803820481303726e-05,1.9162643869348396e-05,15.975915977026023
573,1,2.0215477572003152e-05,2.3347657355069434e-05,33.24688485210048
573,2,2.1793513963108387e-05,2.2263247547565952e-05,nan
573,3,1.967211119469789e-05,2.093883191761031e-05,nan
573,4,1.6803820480876943e-05,1.916264386767165e-05,nan
574,1,2.0215477570513943e-05,2.3347657350795364e-05,nan
574,2,2.1668573104833545e-05,2.220790553279254e-05,17.101381647863132
574,3,1.9672111193852412e-05,2.0938831915781453e-05,nan
574,4,1.680382047603068e-05,1.91626438656328e-05,nan
575,1,2.021547755499389e-05,2.3347657346501052e-05,nan
575,2,2.1668573102597263e-05,2.220790553072769e-05,nan
575,3,1.9518094619571342e-05,2.076364378952399e-05,61.079218804120686
575,4,1.6803820474145386e-05,1.9162643851392988e-05,nan
576,1,2.0215477553340926e-05,2.334765734496665e-05,nan
576,2,2.1668573090936746e-05,2.2207905527973293e-05,nan
576,3,1.951809461702192e-05,2.0763643776291283e-05,nan
576,4,1.6703888165326535e-05,1.90167743599419e-05,15.493427963401528
577,1,2.0073094802916137e-05,2.3307601369393738e-05,35.26689908726249
577,2,2.1668573089766936e-05,2.220790552313332e-05,nan
577,3,1.951809460763846e-05,2.076364377340287e-05,nan
577,4,1.6703888164886708e-05,1.901677435831568e-05,nan
578,1,2.0073094801352677e-05,2.3307601364817873e-05,nan
578,2,2.1548624577185836e-05,2.214858951482778e-05,20.56976243663033
578,3,1.9518094606762472e-05,2.076364377166382e-05,nan
578,4,1.670388816030325e-05,1.9016774356377575e-05,nan
579,1,2.0073094785624837e-05,2.3307601360193852e-05,nan
579,2,2.154862457496688e-05,2.2148589512613193e-05,nan
579,3,1.9353829145811328e-05,2.058935378327765e-05,61.51242709083945
579,4,1.6703888158424216e-05,1.9016774342601486e-05,nan
580,1,2.0073094784014492e-05,2.3307601358689535e-05,nan
580,2,2.154862456372323e-05,2.2148589509901007e-05,nan
580,3,1.935382914333625e-05,2.0589353770537874e-05,nan
580,4,1.6605955523238242e-05,1.8872871618982473e-05,17.83111847547446
581,1,1.993348489164406e-05,2.326432425263906e-05,37.63808605866242
581,2,2.1548624562472264e-05,2.2148589504833076e-05,nan
581,3,1.9353829134263715e-05,2.0589353767754425e-05,nan
581,4,1.6605955522777575e-05,1.8872871617407757e-05,nan
582,1,1.993348489000856e-05,2.3264324247695055e-05,nan
582,2,2.1432879749576943e-05,2.2085238018208258e-05,24.09538927668146
582,3,1.9353829133361814e-05,2.0589353766096796e-05,nan
582,4,1.6605955518386932e-05,1.8872871615559925e-05,nan
583,1,1.9933484874012835e-05,2.326432424281425e-05,nan
583,2,2.1432879747414932e-05,2.208523801588323e-05,nan
583,3,1.91809295571309e-05,2.041809334884147e-05,63.0109848076891
583,4,1.6605955516552963e-05,1.8872871602197417e-05,nan
584,1,1.993348487244611e-05,2.3264324241318032e-05,nan
584,2,2.143287973646159e-05,2.2085238013174195e-05,nan
584,3,1.9180929554732415e-05,2.041809333658079e-05,nan
584,4,1.65085895248318e-05,1.8731159634845064e-05,20.23915928663354
585,1,1.979768785773934e-05,2.3216178984086916e-05,47.268365499195774
585,2,2.1432879735080198e-05,2.2085238007822946e-05,nan
585,3,1.9180929546076914e-05,2.041809333391066e-05,nan
585,4,1.6508589524333892e-05,1.873115963332516e-05,nan
586,1,1.9797687856014207e-05,2.3216178978608477e-05,nan
586,2,2.1320671226199577e-05,2.2016900255430557e-05,30.519776357992217
586,3,1.9180929545144568e-05,2.0418093332327777e-05,nan
586,4,1.6508589520059374e-05,1.8731159631559918e-05,nan
587,1,1.9797687839922807e-05,2.321617897366542e-05,nan
587,2,2.1320671224121802e-05,2.201690025309153e-05,nan
587,3,1.900508035872921e-05,2.0250911211661034e-05,76.9123706247436
587,4,1.650858951830222e-05,1.8731159618496257e-05,nan
588,1,1.979768783840158e-05,2.321617897215221e-05,nan
588,2,2.1320671213293543e-05,2.2016900250339262e-05,nan
588,3,1.900508035641198e-05,2.0250911199850458e-05,nan
588,4,1.6410040497035006e-05,1.8591896259453537e-05,21.621228419683966
589,1,1.9665598720141697e-05,2.3164380186691544e-05,49.569321380290525
589,2,2.132067121181476e-05,2.2016900244818505e-05,nan
589,3,1.9005080348173527e-05,2.0250911197289386e-05,nan
589,4,1.641004049651061e-05,1.8591896257986513e-05,nan
590,1,1.966559871837238e-05,2.316438018082974e-05,nan
590,2,2.121048423626905e-05,2.1945534099040437e-05,36.368780924677836
590,3,1.9005080347233568e-05,2.0250911195762653e-05,nan
590,4,1.6410040492286408e-05,1.8591896256283774e-05,nan
591,1,1.9665598702893925e-05,2.316438017610855e-05,nan
591,2,2.1210484234261845e-05,2.1945534096821566e-05,nan
591,3,1.8836217432439712e-05,2.0086799869890856e-05,72.80341315349506
591,4,1.6410040490597166e-05,1.8591896243562406e-05,nan
592,1,1.9665598701418122e-05,2.3164380174582798e-05,nan
592,2,2.121048422348334e-05,2.1945534094030576e-05,nan
592,3,1.883621743020397e-05,2.008679985844885e-05,nan
592,4,1.6310242220007186e-05,1.845493363140035e-05,27.416227128743238
593,1,1.9538166401029872e-05,2.3106645348409845e-05,54.031091815871314
593,2,2.1210484221844284e-05,2.19455340881901e-05,nan
593,3,1.8836217422429724e-05,2.00867998560074e-05,nan
593,4,1.6310242219437346e-05,1.845493362999048e-05,nan
594,1,1.95381663991774e-05,2.3106645341921403e-05,nan
594,2,2.1102127930986143e-05,2.1869271199336812e-05,39.720278416908286
594,3,1.8836217421465923e-05,2.0086799854535802e-05,nan
594,4,1.6310242215208124e-05,1.845493362834954e-05,nan
595,1,1.9538166384806755e-05,2.310664533760349e-05,nan
595,2,2.1102127929038557e-05,2.1869271197321575e-05,nan
595,3,1.8680908499676873e-05,1.9925191294277835e-05,73.66670630564477
595,4,1.6310242213578226e-05,1.8454933616043985e-05,nan
596,1,1.953816638337613e-05,2.3106645336076354e-05,nan
596,2,2.1102127918367253e-05,2.1869271194512576e-05,nan
596,3,1.868090849752045e-05,1.9925191283211357e-05,nan
596,4,1.6209861343276394e-05,1.832037919573949e-05,25.084871632395803
597,1,1.9414898998968348e-05,2.3043538114055607e-05,56.43465513605955
597,2,2.1102127916586986e-05,2.1869271188356656e-05,nan
597,3,1.8680908490130832e-05,1.9925191280881325e-05,nan
597,4,1.6209861342668987e-05,1.8320379194383705e-05,nan
598,1,1.941489899704428e-05,2.3043538106996e-05,nan
598,2,2.0995307446512054e-05,2.178863747251799e-05,44.02536556377417
598,3,1.868090848914808e-05,1.992519127946001e-05,nan
598,4,1.6209861338427317e-05,1.8320379192799228e-05,nan
599,1,1.9414898983919185e-05,2.304353810306524e-05,nan
599,2,2.0995307444616354e-05,2.1788637470695617e-05,nan
599,3,1.8539247811569252e-05,1.9766266876307634e-05,66.47521090354387
599,4,1.6209861336845347e-05,1.832037918104743e-05,nan
600,1,1.9414898982534113e-05,2.3043538101566973e-05,nan
600,2,2.0995307434262074e-05,2.178863746792725e-05,nan
600,3,1.8539247809489434e-05,1.9766266865678593e-05,nan
600,4,1.611099901271935e-05,1.8188503770476424e-05,26.261166407290116
601,1,1.929629328305123e-05,2.297325260972062e-05,62.0791908145931
601,2,2.0995307432294074e-05,2.1788637461301703e-05,nan
601,3,1.8539247802470678e-05,1.976626686346427e-05,nan
601,4,1.611099901206192e-05,1.8188503769177672e-05,nan
602,1,1.929629328102384e-05,2.2973252601879184e-05,nan
602,2,2.0889691375237923e-05,2.1702068030706438e-05,48.719790047949154
602,3,1.853924780145612e-05,1.976626686209145e-05,nan
602,4,1.6110999007749497e-05,1.818850376764738e-05,nan
603,1,1.9296293269437692e-05,2.2973252598382568e-05,nan
603,2,2.0889691373398015e-05,2.1702068029095605e-05,nan
603,3,1.841350426254869e-05,1.9611077771175973e-05,63.742046874488224
603,4,1.611099900621353e-05,1.8188503756651552e-05,nan
604,1,1.9296293268105905e-05,2.2973252596931688e-05,nan
604,2,2.088969136357956e-05,2.1702068026408118e-05,nan
604,3,1.8413504260551563e-05,1.961107776113764e-05,nan
604,4,1.6015202399871706e-05,1.8060485352476278e-05,23.444836323555332
605,1,1.9181775838687638e-05,2.2896562821803152e-05,66.13524788224576
605,2,2.0889691361448823e-05,2.1702068019339435e-05,nan
605,3,1.8413504253824753e-05,1.9611077759027494e-05,nan
605,4,1.601520239917346e-05,1.8060485351230773e-05,nan
606,1,1.9181775836570266e-05,2.2896562813247896e-05,nan
606,2,2.0784941405263642e-05,2.1610174884664023e-05,54.33061508927805
606,3,1.841350425278405e-05,1.9611077757698473e-05,nan
606,4,1.6015202394781515e-05,1.8060485349748435e-05,nan
607,1,1.918177582629889e-05,2.289656281008005e-05,nan
607,2,2.0784941403486696e-05,2.1610174883213696e-05,nan
607,3,1.8300149985411058e-05,1.9460526396536525e-05,55.3159511065936
607,4,1.6015202393293556e-05,1.806048533953865e-05,nan
608,1,1.9181775825026782e-05,2.289656280867758e-05,nan
608,2,2.0784941394252512e-05,2.1610174880612156e-05,nan
608,3,1.83001499835017e-05,1.94605263871562e-05,nan
608,4,1.5922644919267533e-05,1.7937210529313954e-05,24.073392138031924
609,1,1.907147607241277e-05,2.2812373762884766e-05,72.42913624097055
609,2,2.0784941391933485e-05,2.1610174872989612e-05,nan
609,3,1.8300149977028363e-05,1.946052638514881e-05,nan
609,4,1.5922644918522622e-05,1.793721052812264e-05,nan
610,1,1.9071476070184767e-05,2.28123737534611e-05,nan
610,2,2.0680529990578807e-05,2.1511889735598573e-05,60.395251130390236
610,3,1.8300149975953854e-05,1.946052638385982e-05,nan
610,4,1.5922644913991863e-05,1.793721052668305e-05,nan
611,1,1.907147606120585e-05,2.281237375058813e-05,nan
611,2,2.0680529988875596e-05,2.1511889734291073e-05,nan
611,3,1.8198207834033492e-05,1.931586751901652e-05,50.35750104083435
611,4,1.592264491255686e-05,1.793721051734646e-05,nan
612,1,1.9071476060006422e-05,2.2812373749232058e-05,nan
612,2,2.068052998028635e-05,2.1511889731775653e-05,nan
612,3,1.819820783222669e-05,1.9315867510417567e-05,nan
612,4,1.5833351475003326e-05,1.7820302375700584e-05,22.582353957725662
613,1,1.896542216996986e-05,2.271965246274892e-05,80.31616801954151
613,2,2.06805299777566e-05,2.151188972348606e-05,nan
613,3,1.8198207825957453e-05,1.9315867508510408e-05,nan
613,4,1.5833351474207126e-05,1.7820302374564063e-05,nan
614,1,1.896542216761019e-05,2.271965245228522e-05,nan
614,2,2.0575694783517474e-05,2.140608395498164e-05,67.64048020002004
614,3,1.8198207824841803e-05,1.9315867507255945e-05,nan
614,4,1.5833351469462782e-05,1.782030237315984e-05,nan
615,1,1.8965422159823184e-05,2.2719652449658462e-05,nan
615,2,2.0575694781898923e-05,2.1406083953793012e-05,nan
615,3,1.8106027428214308e-05,1.9178254988433907e-05,46.02508551311054
615,4,1.5833351468086693e-05,1.7820302364738098e-05,nan
616,1,1.8965422158710325e-05,2.2719652448341174e-05,nan
616,2,2.0575694773943918e-05,2.1406083951351606e-05,nan
616,3,1.810602742652738e-05,1.9178254980705764e-05,nan
616,4,1.574681900414272e-05,1.7711412556743352e-05,20.99426733811855
617,1,1.8863283771487593e-05,2.2618349157158565e-05,88.85613179509686
617,2,2.05756947712082e-05,2.1406083942363394e-05,nan
617,3,1.8106027420402045e-05,1.9178254978891142e-05,nan
617,4,1.574681900329815e-05,1.771141255565946e-05,nan
618,1,1.886328376899121e-05,2.2618349145583656e-05,nan
618,2,2.046962296826757e-05,2.1292398442867413e-05,75.93013075614074
618,3,1.810602741924439e-05,1.9178254977664215e-05,nan
618,4,1.574681899828224e-05,1.771141255428137e-05,nan
619,1,1.8863283762180446e-05,2.26183491431403e-05,nan
619,2,2.0469622966737586e-05,2.1292398441767954e-05,nan
619,3,1.8021205377484607e-05,1.9048021573954806e-05,41.422599247100415
619,4,1.5746818996967414e-05,1.771141254671103e-05,nan
620,1,1.886328376115941e-05,2.261834914185228e-05,nan
620,2,2.0469622959314694e-05,2.129239843938203e-05,nan
620,3,1.802120537592426e-05,1.9048021567072114e-05,nan
620,4,1.5662180483146484e-05,1.7611173967181923e-05,20.44709548926382
621,1,1.876458940081765e-05,2.2508967993231885e-05,97.53307532038518
621,2,2.0469622956392753e-05,2.1292398429719663e-05,nan
621,3,1.802120536988864e-05,1.904802156534038e-05,nan
621,4,1.5662180482260034e-05,1.7611173966147e-05,nan
622,1,1.8764589398189067e-05,2.250896798054017e-05,nan
622,2,2.0361522586267524e-05,2.1170940086452408e-05,85.39732898548071
622,3,1.802120536869175e-05,1.904802156413349e-05,nan
622,4,1.5662180476929496e-05,1.7611173964785338e-05,nan
623,1,1.8764589392140967e-05,2.250896797822994e-05,nan
623,2,2.0361522584823973e-05,2.1170940085418567e-05,nan
623,3,1.794168890804056e-05,1.89248963057074e-05,36.03953270406639
623,4,1.5662180475674732e-05,1.7611173957958974e-05,nan
624,1,1.8764589391209085e-05,2.2508967976964732e-05,nan
624,2,2.0361522577814497e-05,2.117094008307458e-05,nan
624,3,1.794168890660328e-05,1.892489629957773e-05,nan
624,4,1.557869960492768e-05,1.751935089265398e-05,21.491959988576205
625,1,1.866941301365086e-05,2.2389696170643138e-05,109.81145828468598
625,2,2.0361522574668278e-05,2.1170940072548528e-05,nan
625,3,1.7941688900595393e-05,1.892489629793022e-05,nan
625,4,1.5578699603990495e-05,1.751935089167022e-05,nan
626,1,1.8669413010849103e-05,2.2389696156451514e-05,nan
626,2,2.024917440769385e-05,2.1039382635424355e-05,95.8887523073894
626,3,1.7941688899345657e-05,1.892489629672812e-05,nan
626,4,1.5578699598160747e-05,1.7519350890307112e-05,nan
627,1,1.8669413005521828e-05,2.2389696154254687e-05,nan
627,2,2.024917440634548e-05,2.1039382634446093e-05,nan
627,3,1.7866750468634815e-05,1.880982778619412e-05,34.62863756867428
627,4,1.5578699596972478e-05,1.7519350884256088e-05,nan
628,1,1.8669413004689974e-05,2.2389696153006374e-05,nan
628,2,2.024917439969381e-05,2.1039382632133487e-05,nan
628,3,1.786675046733779e-05,1.880982778084999e-05,nan
628,4,1.5495774375507023e-05,1.743721913281557e-05,20.202523490059814
629,1,1.8576778656287095e-05,2.2263421009869318e-05,120.06450764598955
629,2,2.024917439640584e-05,2.1039382621009833e-05,nan
629,3,1.7866750461329708e-05,1.8809827779267728e-05,nan
629,4,1.5495774374540477e-05,1.7437219131873355e-05,nan
630,1,1.8576778653363944e-05,2.2263420994534295e-05,nan
630,2,2.0132556231732436e-05,2.0900249096966276e-05,103.31549087399384
630,3,1.7866750460046826e-05,1.8809827778065473e-05,nan
630,4,1.5495774368279856e-05,1.743721913050174e-05,nan
631,1,1.8576778648500792e-05,2.2263420992412047e-05,nan
631,2,2.013255623046172e-05,2.090024909602586e-05,nan
631,3,1.779454107931408e-05,1.8700980707075662e-05,35.38061377292748
631,4,1.5495774367146686e-05,1.7437219125002708e-05,nan
632,1,1.8576778647745595e-05,2.226342099118188e-05,nan
632,2,2.0132556224046917e-05,2.090024909374595e-05,nan
632,3,1.779454107812433e-05,1.8700980702282123e-05,nan
632,4,1.5413155762803758e-05,1.73623100466631e-05,18.374261625371574
633,1,1.8484898997498746e-05,2.21387557134219e-05,119.35249368835595
633,2,2.0132556220836052e-05,2.0900249082878272e-05,nan
633,3,1.7794541072196463e-05,1.870098070072587e-05,nan
633,4,1.541315576186172e-05,1.736231004573962e-05,nan
634,1,1.8484898994629124e-05,2.2138755698440904e-05,nan
634,2,2.001755830312676e-05,2.076288848255276e-05,102.45881623054406
634,3,1.7794541070941455e-05,1.870098069955545e-05,nan
634,4,1.5413155755747434e-05,1.736231004439391e-05,nan
635,1,1.848489898984001e-05,2.2138755696356566e-05,nan
635,2,2.0017558301885898e-05,2.076288848163461e-05,nan
635,3,1.7722987657145315e-05,1.8593372118225258e-05,35.221650817485866
635,4,1.541315575463586e-05,1.7362310038986195e-05,nan
636,1,1.8484898989101302e-05,2.2138755695155375e-05,nan
636,2,2.001755829560152e-05,2.0762888479406246e-05,nan
636,3,1.7722987655973005e-05,1.859337211352278e-05,nan
636,4,1.533142376852825e-05,1.728816053275558e-05,18.28337584839815
637,1,1.83937657761135e-05,2.2015667221004875e-05,118.64764483270693
637,2,2.0017558292465343e-05,2.0762888468786988e-05,nan
637,3,1.772298765012416e-05,1.8593372111991973e-05,nan
637,4,1.533142376760993e-05,1.7288160531850336e-05,nan
638,1,1.839376577329628e-05,2.2015667206367292e-05,nan
638,2,1.9904144912757586e-05,2.0627266558837788e-05,101.61610509153599
638,3,1.7722987648896244e-05,1.8593372110852324e-05,nan
638,4,1.5331423761637535e-05,1.7288160530529893e-05,nan
639,1,1.839376576857991e-05,2.2015667204319946e-05,nan
639,2,1.9904144911545662e-05,2.0627266557941234e-05,nan
639,3,1.7652079844552156e-05,1.848698021025929e-05,35.06434926007493
639,4,1.5331423760547024e-05,1.728816052521152e-05,nan
640,1,1.839376576785723e-05,2.2015667203146842e-05,nan
640,2,1.990414490538819e-05,2.0627266555762933e-05,nan
640,3,1.7652079843396963e-05,1.848698020564568e-05,nan
640,4,1.5250563855546136e-05,1.7214758075167633e-05,18.193510065354115
641,1,1.8303370856387613e-05,2.189412339871283e-05,117.9498567464837
641,2,1.9904144902324383e-05,2.062726654538481e-05,nan
641,3,1.7652079837625975e-05,1.8486980204139775e-05,nan
641,4,1.5250563854650778e-05,1.721475807428015e-05,nan
642,1,1.8303370853621704e-05,2.1894123384408438e-05,nan
642,2,1.9792281409740054e-05,2.0493349999586332e-05,100.78702282571157
642,3,1.76520798364244e-05,1.848698020302988e-05,nan
642,4,1.5250563848815997e-05,1.7214758072984345e-05,nan
643,1,1.8303370848976813e-05,2.1894123382397182e-05,nan
643,2,1.9792281408556186e-05,2.0493349998710724e-05,nan
643,3,1.758180752916003e-05,1.838178370455349e-05,34.908676651710856
643,4,1.5250563847746034e-05,1.721475806775339e-05,nan
644,1,1.8303370848269727e-05,2.1894123381251316e-05,nan
644,2,1.9792281402522225e-05,2.049334999658106e-05,nan
644,3,1.7581807528021638e-05,1.838178370002662e-05,nan
644,4,1.5170561809269108e-05,1.7142090442967354e-05,18.104646798945772
645,1,1.82137062245909e-05,2.1774093007982692e-05,117.25902736039235
645,2,1.9792281399528563e-05,2.0493349986437054e-05,nan
645,3,1.7581807522327347e-05,1.8381783698545088e-05,nan
645,4,1.5170561808395982e-05,1.7142090442097167e-05,nan
646,1,1.821370622187523e-05,2.177409299400165e-05,nan
646,2,1.9681934162360788e-05,2.036110635454282e-05,99.97124524234765
646,3,1.7581807521151387e-05,1.8381783697463965e-05,nan
646,4,1.5170561802694698e-05,1.7142090440825394e-05,nan
647,1,1.8213706217300575e-05,2.1774092992025628e-05,nan
647,2,1.9681934161204134e-05,2.0361106353687532e-05,nan
647,3,1.7512160835974768e-05,1.827776183627675e-05,34.754601463200906
647,4,1.5170561801644782e-05,1.7142090435679995e-05,nan
648,1,1.8213706216608654e-05,2.177409299090618e-05,nan
648,2,1.9681934155290398e-05,2.036110635160512e-05,nan
648,3,1.7512160834852866e-05,1.8277761831834553e-05,nan
648,4,1.5091403728625264e-05,1.7070145681985475e-05,18.016768955910848
649,1,1.8124763985995748e-05,2.1655545674416587e-05,116.57505679246869
649,2,1.9681934152364736e-05,2.0361106341688466e-05,nan
649,3,1.7512160829234138e-05,1.8277761830376884e-05,nan
649,4,1.5091403727773669e-05,1.707014568113214e-05,nan
650,1,1.812476398332927e-05,2.1655545660749412e-05,nan
650,2,1.9573070520862398e-05,2.02305040196215e-05,99.16845819295764
650,3,1.7512160828083094e-05,1.8277761829323595e-05,nan
650,4,1.5091403722201916e-05,1.707014567988381e-05,nan
651,1,1.8124763978823635e-05,2.1655545658807775e-05,nan
651,2,1.957307051973214e-05,2.023050401878593e-05,nan
651,3,1.7443130119950648e-05,1.817489433850622e-05,34.60209305284037
651,4,1.5091403721171563e-05,1.7070145674822148e-05,nan
652,1,1.8124763978146463e-05,2.165554565771395e-05,nan
652,2,1.957307051393546e-05,2.0230504016749446e-05,nan
652,3,1.7443130118844937e-05,1.8174894334146683e-05,nan
652,4,1.501307601733422e-05,1.6998912106871126e-05,17.929859817073584
653,1,1.8036536361990654e-05,2.153845185789498e-05,115.89784727571542
653,2,1.957307051107574e-05,2.0230504007053616e-05,nan
653,3,1.7443130113300653e-05,1.817489433271238e-05,nan
653,4,1.5013076016503481e-05,1.6998912106034214e-05,nan
654,1,1.8036536359372347e-05,2.1538451844532543e-05,nan
654,2,1.9465658781840322e-05,2.0101512208356376e-05,98.37835719088807
654,3,1.7443130112173845e-05,1.817489433168602e-05,nan
654,4,1.5013076011057439e-05,1.699891210480876e-05,nan
655,1,1.803653635493453e-05,2.1538451842624486e-05,nan
655,2,1.9465658780735676e-05,2.010151220753994e-05,nan
655,3,1.7374705958844656e-05,1.807316142693879e-05,34.45112163542267
655,4,1.501307601004618e-05,1.6998912099829064e-05,nan
656,1,1.803653635427171e-05,2.153845184155552e-05,nan
656,2,1.9465658775052983e-05,2.01015122055481e-05,nan
656,3,1.7374705957754843e-05,1.8073161422659966e-05,nan
656,4,1.4935565375475005e-05,1.6928378293422545e-05,17.84390302768638
657,1,1.7949015687311385e-05,2.1422782823918697e-05,115.22730308909489
657,2,1.946565877225722e-05,2.0101512196066802e-05,nan
657,3,1.7374705952283898e-05,1.8073161421248548e-05,nan
657,4,1.4935565374664473e-05,1.6928378292601635e-05,nan
658,1,1.794901568474025e-05,2.1422782810852198e-05,nan
658,2,1.9359668154171536e-05,1.9974100924546832e-05,97.60064704787952
658,3,1.737470595118067e-05,1.807316142024825e-05,nan
658,4,1.493556536934046e-05,1.6928378291398502e-05,nan
659,1,1.7949015680369086e-05,2.1422782808976934e-05,nan
659,2,1.9359668153091745e-05,1.997410092374897e-05,nan
659,3,1.7306879146344096e-05,1.797254378517277e-05,34.301658252503294
659,4,1.4935565368347838e-05,1.6928378286499047e-05,nan
660,1,1.794901567972023e-05,2.14227828079321e-05,nan
660,2,1.9359668147520074e-05,1.9974100921800528e-05,nan
660,3,1.7306879145269892e-05,1.797254378097277e-05,nan
660,4,1.4858858791335225e-05,1.6858533071181618e-05,17.75888258804972
661,1,1.786219440738342e-05,2.130851061612132e-05,114.5633304917024
661,2,1.9359668144786363e-05,1.9974100912527692e-05,nan
661,3,1.7306879139871202e-05,1.7972543779583763e-05,nan
661,4,1.4858858790544274e-05,1.6858533070376307e-05,nan
662,1,1.7862194404858476e-05,2.1308510603342268e-05,nan
662,2,1.9255068726399135e-05,1.9848240936038902e-05,96.83504152673186
662,3,1.7306879138790924e-05,1.797254377860869e-05,nan
662,4,1.4858858785338741e-05,1.6858533069194963e-05,nan
663,1,1.7862194400552807e-05,2.1308510601499036e-05,nan
663,2,1.9255068725343468e-05,1.9848240935259083e-05,nan
663,3,1.7239640685455334e-05,1.787302255053484e-05,34.153674743860705
663,4,1.4858858784364313e-05,1.6858533064374072e-05,nan
664,1,1.7862194399917546e-05,2.1308510600477626e-05,nan
664,2,1.9255068719879946e-05,1.984824093335284e-05,nan
664,3,1.723964068439646e-05,1.787302254641182e-05,nan
664,4,1.4782943533530571e-05,1.6789365516281706e-05,17.674782844402984
665,1,1.7776065075769647e-05,2.1195608029896895e-05,113.90583765992693
665,2,1.9255068717206453e-05,1.9848240924282606e-05,nan
665,3,1.723964067906896e-05,1.7873022545044773e-05,nan
665,4,1.47829435327586e-05,1.6789365515491604e-05,nan
666,1,1.7776065073289944e-05,2.1195608017397107e-05,nan
666,2,1.9151831435501075e-05,1.97239037495857e-05,96.08126300924766
666,3,1.723964067801102e-05,1.7873022544094124e-05,nan
666,4,1.4782943527668129e-05,1.6789365514331524e-05,nan
667,1,1.7776065069048644e-05,2.1195608015585172e-05,nan
667,2,1.9151831434468833e-05,1.972390374882339e-05,nan
667,3,1.717298178214198e-05,1.7774579300428675e-05,34.007143720100125
667,4,1.4782943526711463e-05,1.6789365509587564e-05,nan
668,1,1.7776065068426616e-05,2.1195608014586503e-05,nan
668,2,1.9151831429110682e-05,1.9723903746958187e-05,nan
668,3,1.717298178109816e-05,1.777457929638085e-05,nan
668,4,1.4707807143384163e-05,1.672086494453859e-05,17.591588480076254
669,1,1.7690620351717734e-05,2.1084048587090745e-05,113.25473462744861
669,2,1.9151831426495638e-05,1.97239037380849e-05,nan
669,3,1.717298177584079e-05,1.7774579295035314e-05,nan
669,4,1.4707807142630593e-05,1.6720864943763316e-05,nan
670,1,1.7690620349282338e-05,2.108404857486233e-05,nan
670,2,1.904992803697532e-05,1.9601061586733598e-05,95.33904217868586
670,3,1.7172981774804596e-05,1.7774579294108315e-05,nan
670,4,1.4707807137651882e-05,1.6720864942624e-05,nan
671,1,1.7690620345104297e-05,2.108404857308097e-05,nan
671,2,1.9049928035965824e-05,1.9601061585988304e-05,nan
671,3,1.7106893839201523e-05,1.767719603918268e-05,33.86203853634714
671,4,1.4707807136712564e-05,1.6720864937955377e-05,nan
672,1,1.7690620344495155e-05,2.1084048572104384e-05,nan
672,2,1.904992803071036e-05,1.9601061584163022e-05,nan
672,3,1.7106893838172486e-05,1.767719603520831e-05,nan
672,4,1.4633437427555729e-05,1.665302090477493e-05,17.509284506896194
673,1,1.76058529978018e-05,2.0973806511703858e-05,112.60993322789898
673,2,1.904992802815206e-05,1.9601061575481223e-05,nan
673,3,1.7106893832984216e-05,1.7677196033883855e-05,nan
673,4,1.4633437426820003e-05,1.665302090401412e-05,nan
674,1,1.7605852995409798e-05,2.0973806499739202e-05,nan
674,2,1.8949331076177474e-05,1.947968736068414e-05,94.60811771599612
674,3,1.710689383196919e-05,1.7677196032979766e-05,nan
674,4,1.463343742194987e-05,1.6653020902895074e-05,nan
675,1,1.760585299129393e-05,2.0973806497987728e-05,nan
675,2,1.894933107519007e-05,1.9479687359955372e-05,nan
675,3,1.7041368450369957e-05,1.7580855185375573e-05,33.71833326698535
675,4,1.4633437421027493e-05,1.665302089830024e-05,nan
676,1,1.760585299069733e-05,2.0973806497032593e-05,nan
676,2,1.894933107003469e-05,1.947968735816893e-05,nan
676,3,1.704136844935544e-05,1.7580855181472977e-05,nan
676,4,1.4559822450911057e-05,1.6585823172369025e-05,17.42785625683835
677,1,1.7521755877653506e-05,2.0864856706564097e-05,111.97134704005192
677,2,1.8949331067531497e-05,1.947968734967334e-05,nan
677,3,1.7041368444235243e-05,1.7580855180169183e-05,nan
677,4,1.4559822450192635e-05,1.658582317162233e-05,nan
678,1,1.752175587530401e-05,2.0864856694855845e-05,nan
678,2,1.8850013860850345e-05,1.9359754654084136e-05,93.88823600914822
678,3,1.7041368443240833e-05,1.7580855179287286e-05,nan
678,4,1.4559822445428009e-05,1.658582317052308e-05,nan
679,1,1.752175587124925e-05,2.086485669313358e-05,nan
679,2,1.8850013859884402e-05,1.935975465337143e-05,nan
679,3,1.6976397394644374e-05,1.7485539559619368e-05,33.5760026813876
679,4,1.455982244452218e-05,1.6585823166000524e-05,nan
680,1,1.7521755870664867e-05,2.0864856692199286e-05,nan
680,2,1.8850013854826585e-05,1.935975465162278e-05,nan
680,3,1.6976397393644116e-05,1.7485539555786903e-05,nan
680,4,1.448695052962255e-05,1.6519261743019063e-05,17.347289373917544
681,1,1.7438321953777848e-05,2.0757174730919723e-05,111.33889133539961
681,2,1.8850013852376915e-05,1.9359754643308308e-05,nan
681,3,1.6976397388590995e-05,1.748553955450336e-05,nan
681,4,1.4486950528920915e-05,1.651926174228613e-05,nan
682,1,1.7438321951469985e-05,2.075717471946078e-05,nan
682,2,1.8751950434788337e-05,1.9241237697699473e-05,93.17915087490697
682,3,1.6976397387616667e-05,1.7485539553642968e-05,nan
682,4,1.4486950524258832e-05,1.6519261741206212e-05,nan
683,1,1.7438321947475283e-05,2.0757174717767074e-05,nan
683,2,1.875195043384325e-05,1.9241237697002375e-05,nan
683,3,1.691197263081416e-05,1.7391232372780482e-05,33.43502222059938
683,4,1.4486950523369168e-05,1.651926173675446e-05,nan
684,1,1.7438321946902803e-05,2.0757174716853027e-05,nan
684,2,1.8751950428880556e-05,1.9241237695290504e-05,nan
684,3,1.6911972629827916e-05,1.7391232369016552e-05,nan
684,4,1.4414810224492153e-05,1.6453326826714428e-05,17.267569806309464
685,1,1.7355544285449246e-05,2.065073677891324e-05,110.71248302798539
685,2,1.8751950426482887e-05,1.9241237687152225e-05,nan
685,3,1.6911972624840877e-05,1.7391232367752864e-05,nan
685,4,1.4414810223806806e-05,1.6453326825994927e-05,nan
686,1,1.7355544283182166e-05,2.0650736767696752e-05,nan
686,2,1.865511555258259e-05,1.9124111349930333e-05,92.48062329244111
686,3,1.691197262388611e-05,1.7391232366913312e-05,nan
686,4,1.4414810219244407e-05,1.6453326824933897e-05,nan
687,1,1.7355544279246495e-05,2.0650736766030967e-05,nan
687,2,1.8655115551657767e-05,1.9124111349248403e-05,nan
687,3,1.6848086292191676e-05,1.7297917214620536e-05,33.29536797493183
687,4,1.4414810218370539e-05,1.6453326820551518e-05,nan
688,1,1.735554427868561e-05,2.06507367651366e-05,nan
688,2,1.8655115546787836e-05,1.9124111347572332e-05,nan
688,3,1.6848086291219194e-05,1.7297917210923593e-05,nan
688,4,1.4343390334488247e-05,1.6388008841906163e-05,17.18868379869653
689,1,1.727341602668384e-05,2.0545519658895566e-05,110.09204062637615
689,2,1.86551155444407e-05,1.912411133960549e-05,nan
689,3,1.6848086286297265e-05,1.729791720967937e-05,nan
689,4,1.4343390333818708e-05,1.6388008841199772e-05,nan
690,1,1.7273416024456708e-05,2.054551964791492e-05,nan
690,2,1.8559484655395663e-05,1.9008351077128088e-05,91.79242114818885
690,3,1.6848086285361555e-05,1.7297917208860024e-05,nan
690,4,1.434339032935323e-05,1.638800884015719e-05,nan
691,1,1.7273416020579065e-05,2.0545519646276442e-05,nan
691,2,1.8559484654490548e-05,1.900835107646091e-05,nan
691,3,1.678473068153399e-05,1.720557804283933e-05,33.15701666242333
691,4,1.4343390328494796e-05,1.6388008835842786e-05,nan
692,1,1.7273416020029476e-05,2.0545519645401207e-05,nan
692,2,1.855948464971109e-05,1.9008351074819693e-05,nan
692,3,1.678473068057503e-05,1.7205578039207864e-05,nan
692,4,1.4272679890488515e-05,1.6323298409868718e-05,17.110617884831395
693,1,1.7191930424284058e-05,2.044150077354273e-05,109.47748418765369
693,2,1.855948464741307e-05,1.9008351067019688e-05,nan
693,3,1.6784730675717248e-05,1.720557803798273e-05,nan
693,4,1.4272679889834317e-05,1.6323298409175123e-05,nan
694,1,1.7191930422096063e-05,2.0441500762791523e-05,nan
694,2,1.8465033847717374e-05,1.889393293467625e-05,91.114318991432
694,3,1.678473067480011e-05,1.720557803718297e-05,nan
694,4,1.427267988546309e-05,1.632329840815057e-05,nan
695,1,1.7191930418275453e-05,2.044150076117976e-05,nan
695,2,1.846503384683141e-05,1.889393293402341e-05,nan
695,3,1.6721898266147447e-05,1.7114199172503284e-05,33.01994560813288
695,4,1.4272679884619738e-05,1.6323298403902776e-05,nan
696,1,1.7191930417736876e-05,2.0441500760323124e-05,nan
696,2,1.8465033842140208e-05,1.889393293241613e-05,nan
696,3,1.672189826520177e-05,1.711419916893583e-05,nan
696,4,1.4202668149221094e-05,1.625918634924583e-05,17.033358880309994
697,1,1.711108081595186e-05,2.0338658100739066e-05,108.86873527332483
697,2,1.8465033839889932e-05,1.8893932924778513e-05,nan
697,3,1.6721898260407196e-05,1.711419916772941e-05,nan
697,4,1.4202668148581793e-05,1.6259186348564727e-05,nan
698,1,1.711108081380221e-05,2.033865809021112e-05,nan
698,2,1.8371739875055937e-05,1.8780833548799848e-05,90.44609780006489
698,3,1.672189825950816e-05,1.711419916694865e-05,nan
698,4,1.420266814430224e-05,1.6259186347557788e-05,nan
699,1,1.711108081003767e-05,2.0338658088625485e-05,nan
699,2,1.8371739874188602e-05,1.8780833548160958e-05,nan
699,3,1.6659581673167387e-05,1.7023765265843464e-05,32.88413272422838
699,4,1.4202668143473632e-05,1.6259186343375275e-05,nan
700,1,1.7111080809509823e-05,2.0338658087786936e-05,nan
700,2,1.8371739869583498e-05,1.878083354658673e-05,nan
700,3,1.665958167223477e-05,1.7023765262338595e-05,nan
700,4,1.4133344587396708e-05,1.6195663670773408e-05,16.95689387555024
701,1,1.7030860628467148e-05,2.0236970175192872e-05,108.26571690704321
701,2,1.837173986737965e-05,1.87808335391072e-05,nan
701,3,1.665958166750247e-05,1.7023765261150536e-05,nan
701,4,1.4133344586771869e-05,1.6195663670104502e-05,nan
702,1,1.7030860626355064e-05,2.0236970164882218e-05,nan
702,2,1.8279580102521e-05,1.866903009906973e-05,89.78754475606644
702,3,1.6659581666621076e-05,1.7023765260388203e-05,nan
702,4,1.41333445825815e-05,1.6195663669114778e-05,nan
703,1,1.703086062264564e-05,2.023697016332215e-05,nan
703,2,1.827958010167178e-05,1.866903009844441e-05,nan
703,3,1.65977736850056e-05,1.6934261322408043e-05,32.749556490835644
703,4,1.4133344581767303e-05,1.6195663664996253e-05,nan
704,1,1.703086062212825e-05,2.0236970162501195e-05,nan
704,2,1.8279580097150697e-05,1.8669030096902374e-05,nan
704,3,1.659777368408581e-05,1.693426131896437e-05,nan
704,4,1.4064698896024664e-05,1.6132721572172755e-05,16.881210228967646
705,1,1.695126337592812e-05,2.0136416070752126e-05,107.66835353405695
705,2,1.8279580094992003e-05,1.866903008957677e-05,nan
705,3,1.6597773679414873e-05,1.6934261317794322e-05,nan
705,4,1.406469889541387e-05,1.613272157151576e-05,nan
706,1,1.6951263373852842e-05,2.013641606065299e-05,nan
706,2,1.818853249425738e-05,1.855850030156984e-05,89.13845303021743
706,3,1.659777367855068e-05,1.6934261317049865e-05,nan
706,4,1.406469889131028e-05,1.613272157054286e-05,nan
707,1,1.69512633701976e-05,2.013641605911794e-05,nan
707,2,1.818853249342578e-05,1.8558500300957717e-05,nan
707,3,1.6536467234958513e-05,1.684567266955472e-05,32.61619593761573
707,4,1.4064698890510173e-05,1.6132721566487056e-05,nan
708,1,1.695126336969041e-05,2.0136416058314098e-05,nan
708,2,1.8188532488986694e-05,1.855850029944704e-05,nan
708,3,1.653646723405133e-05,1.6845672666170895e-05,nan
708,4,1.3996720974906068e-05,1.6070351433207703e-05,16.80629556034314
709,1,1.687228265805058e-05,2.0036975383389395e-05,107.07657098227999
709,2,1.8188532486871924e-05,1.8558500292271333e-05,nan
709,3,1.6536467229440852e-05,1.6845672665018517e-05,nan
709,4,1.3996720974308917e-05,1.6070351432562342e-05,nan
710,1,1.6872282656011366e-05,2.003697537349619e-05,nan
710,2,1.8098575593690507e-05,1.8449222392697447e-05,88.49862157562158
710,3,1.6536467228593426e-05,1.6845672664291407e-05,nan
710,4,1.3996720970289776e-05,1.6070351431605893e-05,nan
711,1,1.6872282652409386e-05,2.003697537198562e-05,nan
711,2,1.8098575592876058e-05,1.8449222392098168e-05,nan
711,3,1.647565540296947e-05,1.6757984953269386e-05,32.48403062603815
711,4,1.3996720969503446e-05,1.607035142761158e-05,nan
712,1,1.687228265191214e-05,2.003697537119843e-05,nan
712,2,1.8098575588517002e-05,1.8449222390618042e-05,nan
712,3,1.6475655402074677e-05,1.6757984949944093e-05,nan
712,4,1.392940092729772e-05,1.600854481089952e-05,16.732137744376896
