update_step,landmark_label,cov_x,cov_y,NIS
1,1,0.00544513446273306,0.005445134462733441,0.0
2,1,0.005437196278454552,0.005400763245258498,nan
2,2,0.005437196278454904,0.005400763245258146,0.0
3,1,0.0053939304379092695,0.005393930437909594,nan
3,2,0.005427487485372736,0.005393930437909253,nan
3,3,0.005393930437909609,0.005427487485372379,0.0
4,1,0.0053869046482293926,0.00538690464822972,nan
4,2,0.005386904648229722,0.005386904648229391,nan
4,3,0.00538690464822972,0.005386904648229392,nan
4,4,0.0053869046482293926,0.00538690464822972,0.0
5,1,0.003500091598016228,0.003500091598016366,0.0
5,2,0.005384766380972826,0.005375206151415861,nan
5,3,0.005375206151416184,0.005384766380972503,nan
5,4,0.005384766380972499,0.005384766380972829,nan
6,1,0.0034992274864952366,0.003495185337357391,nan
6,2,0.0034992274864953732,0.003495185337357255,0.0
6,3,0.005373261900493951,0.00538260590963566,nan
6,4,0.005373261900493628,0.005382605909635983,nan
7,1,0.0034943554537354695,0.0034943554537356022,nan
7,2,0.0034983072419610176,0.003494355453735467,nan
7,3,0.003494355453735604,0.0034983072419608797,0.0
7,4,0.005371191350291331,0.0053711913502916455,nan
8,1,0.0034935163242128713,0.003493516324213005,nan
8,2,0.0034935163242130057,0.0034935163242128704,nan
8,3,0.0034935163242130044,0.003493516324212871,nan
8,4,0.0034935163242128713,0.0034935163242130044,0.0
9,1,0.0025888195591201217,0.002588819559120195,0.0
9,2,0.003493109035213075,0.0034912347966043725,nan
9,3,0.003491234796604505,0.0034931090352129414,nan
9,4,0.003493109035212941,0.0034931090352130745,nan
10,1,0.0025886003717327188,0.002587570760185186,nan
10,2,0.002588600371732792,0.002587570760185113,0.0
10,3,0.0034908451301380104,0.003492699477733113,nan
10,4,0.003490845130137878,0.003492699477733246,nan
11,1,0.002587355676122992,0.002587355676123064,nan
11,2,0.0025883744210385825,0.0025873556761229917,nan
11,3,0.002587355676123064,0.002588374421038509,0.0
11,4,0.0034904434400148394,0.003490443440014971,nan
12,1,0.002587139366622129,0.0025871393666222014,nan
12,2,0.002587139366622202,0.002587139366622129,nan
12,3,0.0025871393666222005,0.002587139366622129,nan
12,4,0.002587139366622129,0.0025871393666222014,0.0
13,1,0.0020553065868693585,0.0020553065868694044,1.2010050063616772e-05
13,2,0.0025870115107418717,0.002586416555953211,nan
13,3,0.002586416555953282,0.0025870115107417993,nan
13,4,0.0025870115107417993,0.0025870115107418717,nan
14,1,0.0020552268276276655,0.002054851281436855,nan
14,2,0.002055226827627711,0.0020548512814368095,1.2064249945217145e-05
14,3,0.0025862919321381363,0.0025868832195435243,nan
14,4,0.002586291932138065,0.0025868832195435967,nan
15,1,0.0020547723910233485,0.0020547723910233936,nan
15,2,0.0020551456298060233,0.002054772391023348,nan
15,3,0.002054772391023393,0.0020551456298059773,1.2570222465497321e-05
15,4,0.002586165060541678,0.00258616506054175,nan
16,1,0.002054693229125016,0.002054693229125061,nan
16,2,0.002054693229125061,0.0020546932291250156,nan
16,3,0.0020546932291250603,0.0020546932291250156,nan
16,4,0.0020546932291250156,0.002054693229125061,1.262331930876267e-05
17,1,0.0017044417843777174,0.0017044417843777484,3.877838756942033e-08
17,2,0.002054640931551945,0.002054396178444609,nan
17,3,0.0020543961784446536,0.0020546409315519,nan
17,4,0.0020546409315518994,0.0020546409315519453,nan
18,1,0.0017044060683099485,0.001704237634126758,nan
18,2,0.0017044060683099793,0.0017042376341267268,4.037745782391182e-08
18,3,0.0020543447473070665,0.002054588514421178,nan
18,4,0.0020543447473070214,0.0020545885144212235,nan
19,1,0.001704202172418739,0.0017042021724187697,nan
19,2,0.0017043699295078351,0.0017042021724187385,nan
19,3,0.0017042021724187693,0.0017043699295078041,4.9598227123502864e-08
19,4,0.002054292707431934,0.00205429270743198,nan
20,1,0.0017041666291483213,0.0017041666291483524,nan
20,2,0.0017041666291483524,0.0017041666291483213,nan
20,3,0.001704166629148352,0.0017041666291483213,nan
20,4,0.0017041666291483207,0.0017041666291483526,5.133957876998096e-08
21,1,0.0014560168185910511,0.0014560168185910737,5.4462095230558615e-05
21,2,0.0017041413956332245,0.0017040228981799698,nan
21,3,0.0017040228981800003,0.0017041413956331935,nan
21,4,0.0017041413956331928,0.0017041413956332247,nan
22,1,0.0014559984964758322,0.0014559119926796675,nan
22,2,0.0014559984964758546,0.001455911992679645,5.470082360249299e-05
22,3,0.001703997959745397,0.0017041161207785194,nan
22,4,0.0017039979597453657,0.0017041161207785507,nan
23,1,0.0014558937625121526,0.0014558937625121751,nan
23,2,0.0014559800210901695,0.0014558937625121528,nan
23,3,0.0014558937625121747,0.001455980021090147,5.669025553910085e-05
23,4,0.0017039728126926278,0.0017039728126926595,nan
24,1,0.0014558755023628765,0.001455875502362899,nan
24,2,0.0014558755023628986,0.0014558755023628767,nan
24,3,0.0014558755023628986,0.0014558755023628763,nan
24,4,0.001455875502362876,0.0014558755023628992,5.692504798909766e-05
25,1,0.0012708451045149024,0.0012708451045149193,0.00036185322151972106
25,2,0.0014558618672643026,0.0014557976920912485,nan
25,3,0.0014557976920912701,0.0014558618672642805,nan
25,4,0.00145586186726428,0.0014558618672643035,nan
26,1,0.001270834755902298,0.0012707858552756094,nan
26,2,0.0012708347559023147,0.0012707858552755927,0.0003629967246005996
26,3,0.0014557841755360318,0.001455848215384304,nan
26,4,0.0014557841755360092,0.001455848215384327,nan
27,1,0.0012707755452258873,0.0012707755452259044,nan
27,2,0.0012708243428527488,0.0012707755452258877,nan
27,3,0.001270775545225904,0.0012708243428527317,0.0003732108726920788
27,4,0.0014557705748182088,0.0014557705748182322,nan
28,1,0.0012707652224533137,0.0012707652224533308,nan
28,2,0.0012707652224533304,0.001270765222453314,nan
28,3,0.0012707652224533304,0.0012707652224533132,nan
28,4,0.001270765222453313,0.001270765222453331,0.00037432254072899225
29,1,0.0011274820688343212,0.0011274820688343347,0.0006251946036288206
29,2,0.0012707572201832568,0.001270719496860898,nan
29,3,0.0012707194968609142,0.0012707572201832397,nan
29,4,0.0012707572201832394,0.0012707572201832574,nan
30,1,0.0011274757885210071,0.00112744609200616,nan
30,2,0.0011274757885210204,0.0011274460920061469,0.0006266542165034405
30,3,0.001270711548339376,0.001270749210246174,nan
30,4,0.0012707115483393588,0.0012707492102461918,nan
31,1,0.0011274398297559582,0.0011274398297559714,nan
31,2,0.0011274694779653599,0.0011274398297559584,nan
31,3,0.0011274398297559712,0.0011274694779653464,0.000640750151833745
31,4,0.0012707035615423512,0.001270703561542369,nan
32,1,0.0011274335614942894,0.0011274335614943026,nan
32,2,0.0011274335614943024,0.0011274335614942896,nan
32,3,0.0011274335614943024,0.001127433561494289,nan
32,4,0.001127433561494289,0.0011274335614943028,0.0006421519675847712
33,1,0.0010131980105809641,0.0010131980105809748,0.001142475250623426
33,2,0.0011274285598497356,0.001127404954093998,nan
33,3,0.0011274049540940109,0.0011274285598497221,nan
33,4,0.0011274285598497221,0.001127428559849736,nan
34,1,0.001013193980902355,0.0010131749162284823,nan
34,2,0.0010131939809023653,0.0010131749162284717,0.0011446257697330087
34,3,0.0011273999791821473,0.001127423554369604,nan
34,4,0.001127399979182134,0.001127423554369618,nan
35,1,0.0010131708957656514,0.001013170895765662,nan
35,2,0.0010131899357688435,0.0010131708957656514,nan
35,3,0.0010131708957656618,0.0010131899357688327,0.0011663811296249338
35,4,0.001127394985190132,0.0011273949851901457,nan
36,1,0.0010131668722151925,0.001013166872215203,nan
36,2,0.0010131668722152029,0.0010131668722151925,nan
36,3,0.0010131668722152029,0.001013166872215192,nan
36,4,0.0010131668722151922,0.0010131668722152033,0.0011684295836952528
37,1,0.0009199570795613822,0.000919957079561391,0.0013672820527211367
37,2,0.001013163587056996,0.0010131480685044466,nan
37,3,0.001013148068504457,0.0010131635870569851,nan
37,4,0.0010131635870569854,0.0010131635870569964,nan
38,1,0.0009199543763761156,0.0009199415817452358,nan
38,2,0.0009199543763761242,0.000919941581745227,0.0013691834409727364
38,3,0.0010131447976502843,0.0010131602998370202,nan
38,4,0.0010131447976502739,0.0010131602998370314,nan
39,1,0.0009199388835931633,0.000919938883593172,nan
39,2,0.000919951664738516,0.0009199388835931632,nan
39,3,0.0009199388835931717,0.000919951664738507,0.0013904544496494227
39,4,0.001013141516568768,0.0010131415165687788,nan
40,1,0.0009199361837458069,0.0009199361837458155,nan
40,2,0.0009199361837458155,0.0009199361837458068,nan
40,3,0.0009199361837458153,0.0009199361837458065,nan
40,4,0.0009199361837458069,0.0009199361837458158,0.0013922465860144572
41,1,0.000842435566182917,0.0008424355661829242,0.0017141324357865576
41,2,0.0009199339377100003,0.0009199233202798135,nan
41,3,0.0009199233202798221,0.0009199339377099913,nan
41,4,0.0009199339377099916,0.0009199339377100005,nan
42,1,0.0008424336857124153,0.0008424247818201782,nan
42,2,0.0008424336857124225,0.0008424247818201708,0.0017159862682453128
42,3,0.0009199210823645143,0.0009199316904993397,nan
42,4,0.0009199210823645058,0.0009199316904993489,nan
43,1,0.0008424229042555554,0.0008424229042555626,nan
43,2,0.0008424318003562853,0.0008424229042555552,nan
43,3,0.0008424229042555624,0.0008424318003562777,0.0017385538494636725
43,4,0.000919918838634888,0.0009199188386348968,nan
44,1,0.0008424210257079385,0.0008424210257079456,nan
44,2,0.0008424210257079457,0.0008424210257079383,nan
44,3,0.0008424210257079454,0.0008424210257079382,nan
44,4,0.0008424210257079384,0.0008424210257079457,0.0017402849974754813
45,1,0.0007769663775759613,0.0007769663775759673,0.0024179687306055023
45,2,0.0008424194384334981,0.0008424119307906586,nan
45,3,0.0008424119307906657,0.0008424194384334905,nan
45,4,0.0008424194384334908,0.0008424194384334981,nan
46,1,0.0007769650292305347,0.0007769586428976307,nan
46,2,0.0007769650292305409,0.0007769586428976244,0.0024202635430649955
46,3,0.0008424103483574914,0.000842417850456474,nan
46,4,0.0008424103483574844,0.0008424178504564816,nan
47,1,0.0007769572963091818,0.0007769572963091879,nan
47,2,0.0007769636779281272,0.0007769572963091816,nan
47,3,0.0007769572963091878,0.0007769636779281207,0.0024488138508666065
47,4,0.0008424087624539573,0.0008424087624539647,nan
48,1,0.000776955949124256,0.0007769559491242621,nan
48,2,0.0007769559491242623,0.0007769559491242558,nan
48,3,0.000776955949124262,0.0007769559491242558,nan
48,4,0.0007769559491242558,0.0007769559491242622,0.0024509460598570797
49,1,0.0007209410097433603,0.0007209410097433655,0.0030054196175686022
49,2,0.0007769547957907414,0.0007769493380663669,nan
49,3,0.000776949338066373,0.0007769547957907349,nan
49,4,0.0007769547957907349,0.0007769547957907413,nan
50,1,0.0007209400178805809,0.0007209353187259349,nan
50,2,0.0007209400178805862,0.0007209353187259296,0.0030077773916134067
50,3,0.0007769481877403094,0.0007769536420196404,nan
50,4,0.0007769481877403031,0.0007769536420196468,nan
51,1,0.0007209343279677259,0.0007209343279677311,nan
51,2,0.0007209390241571811,0.0007209343279677258,nan
51,3,0.0007209343279677311,0.0007209390241571755,0.0030388407342124483
51,4,0.0007769470352563539,0.0007769470352563603,nan
52,1,0.0007209333368333941,0.0007209333368333993,nan
52,2,0.0007209333368333994,0.000720933336833394,nan
52,3,0.0007209333368333993,0.0007209333368333937,nan
52,4,0.0007209333368333936,0.0007209333368333992,0.0030410157758156316
53,1,0.0006724531974138531,0.0006724531974138576,0.003930789392301572
53,2,0.0007209324787426966,0.0007209284165389507,nan
53,3,0.000720928416538956,0.000720932478742691,nan
53,4,0.0007209324787426909,0.0007209324787426964,nan
54,1,0.0006724524516070502,0.0006724489173610498,nan
54,2,0.0006724524516070548,0.0006724489173610455,0.003933551325308039
54,3,0.0007209275603831873,0.0007209316203698416,nan
54,4,0.0007209275603831817,0.000720931620369847,nan
55,1,0.0006724481722722357,0.0006724481722722401,nan
55,2,0.0006724517045898797,0.0006724481722722357,nan
55,3,0.0006724481722722403,0.0006724517045898746,0.003970576292430077
55,4,0.000720926702837955,0.0007209267028379606,nan
56,1,0.0006724474269383055,0.0006724474269383099,nan
56,2,0.0006724474269383104,0.0006724474269383055,nan
56,3,0.0006724474269383101,0.0006724474269383053,nan
56,4,0.0006724474269383052,0.00067244742693831,0.003973116028920096
57,1,0.0006300774608184204,0.0006300774608184242,0.004820429156556131
57,2,0.0006724467753594758,0.0006724436897468134,nan
57,3,0.0006724436897468179,0.0006724467753594707,nan
57,4,0.0006724467753594706,0.0006724467753594753,nan
58,1,0.0006300768892694535,0.0006300741802410373,nan
58,2,0.0006300768892694577,0.0006300741802410334,0.004823365067695196
58,3,0.0006724430394511045,0.000672446123593179,nan
58,4,0.0006724430394510996,0.0006724461235931837,nan
59,1,0.0006300736091724568,0.0006300736091724606,nan
59,2,0.0006300763169101102,0.0006300736091724567,nan
59,3,0.0006300736091724608,0.0006300763169101058,0.004864551712517465
59,4,0.0006724423882333531,0.000672442388233358,nan
60,1,0.0006300730379395111,0.0006300730379395149,nan
60,2,0.0006300730379395152,0.000630073037939511,nan
60,3,0.0006300730379395151,0.0006300730379395109,nan
60,4,0.0006300730379395108,0.000630073037939515,0.004867237603055472
61,1,0.0005927264976676182,0.0005927264976676215,0.005605879401692298
61,2,0.0006300725343090156,0.0006300701486306995,nan
61,3,0.0006300701486307036,0.0006300725343090113,nan
61,4,0.0006300725343090112,0.0006300725343090154,nan
62,1,0.0005927260523189514,0.0005927239410695411,nan
62,2,0.0005927260523189552,0.0005927239410695376,0.005608739328100111
62,3,0.0006300696458738103,0.0006300720305506708,nan
62,4,0.000630069645873806,0.0006300720305506749,nan
63,1,0.0005927234960505088,0.0005927234960505123,nan
63,2,0.0005927256064138773,0.0005927234960505088,nan
63,3,0.0005927234960505125,0.0005927256064138735,0.005651447837785181
63,4,0.0006300691424887768,0.0006300691424887809,nan
64,1,0.0005927230509184726,0.0005927230509184761,nan
64,2,0.0005927230509184764,0.0005927230509184726,nan
64,3,0.0005927230509184763,0.0005927230509184726,nan
64,4,0.0005927230509184725,0.0005927230509184762,0.005654045403842671
65,1,0.0005595564993706106,0.0005595564993706137,0.006863441357121247
65,2,0.0005927226555220624,0.0005927207820747241,nan
65,3,0.0005927207820747278,0.0005927226555220586,nan
65,4,0.0005927226555220585,0.0005927226555220621,nan
66,1,0.0005595561472297489,0.0005595544775761578,nan
66,2,0.0005595561472297524,0.0005595544775761548,0.006866656350897048
66,3,0.000592720387287049,0.0005927222600364341,nan
66,4,0.0005927203872870452,0.0005927222600364376,nan
67,1,0.0005595541256665798,0.0005595541256665829,nan
67,2,0.0005595557946982787,0.0005595541256665799,nan
67,3,0.0005595541256665832,0.0005595557946982755,0.006915417901953698
67,4,0.0005927199920614486,0.0005927199920614523,nan
68,1,0.0005595537736775788,0.0005595537736775819,nan
68,2,0.0005595537736775822,0.0005595537736775789,nan
68,3,0.0005595537736775822,0.000559553773677579,nan
68,4,0.0005595537736775789,0.0005595537736775822,0.0069183304530993075
69,1,0.000529902596084987,0.0005299025960849898,0.007665728585511833
69,2,0.0005595534589359618,0.0005595519673154252,nan
69,3,0.0005595519673154285,0.0005595534589359585,nan
69,4,0.0005595534589359584,0.0005595534589359618,nan
70,1,0.0005299023139907986,0.0005299009762643364,nan
70,2,0.0005299023139908017,0.0005299009762643336,0.007668685732507761
70,3,0.0005595516530067804,0.0005595531441308037,nan
70,4,0.000559551653006777,0.000559553144130807,nan
71,1,0.0005299006943356665,0.0005299006943356693,nan
71,2,0.0005299020316169335,0.0005299006943356665,nan
71,3,0.0005299006943356696,0.0005299020316169305,0.007717352893992018
71,4,0.0005595513383865103,0.0005595513383865136,nan
72,1,0.0005299004123500714,0.0005299004123500743,nan
72,2,0.0005299004123500747,0.0005299004123500714,nan
72,3,0.0005299004123500746,0.0005299004123500717,nan
72,4,0.0005299004123500717,0.0005299004123500748,0.007720009459632424
73,1,0.0005032338075889014,0.0005032338075889039,0.008712551648019084
73,2,0.000529900158704468,0.0005298989563963379,nan
73,3,0.000529898956396341,0.000529900158704465,nan
73,4,0.000529900158704465,0.0005299001587044681,nan
74,1,0.0005032335789568138,0.0005032324946121832,nan
74,2,0.0005032335789568167,0.0005032324946121807,0.008715447197118281
74,3,0.000529898703064388,0.0005298999050127797,nan
74,4,0.000529898703064385,0.0005298999050127828,nan
75,1,0.0005032322661006624,0.0005032322661006651,nan
75,2,0.0005032333501209133,0.0005032322661006626,nan
75,3,0.0005032322661006653,0.0005032333501209106,0.008765788734273939
75,4,0.0005298984495065974,0.0005298984495066006,nan
76,1,0.0005032320375476204,0.0005032320375476232,nan
76,2,0.0005032320375476235,0.0005032320375476207,nan
76,3,0.0005032320375476234,0.0005032320375476208,nan
76,4,0.0005032320375476209,0.0005032320375476236,0.008768371250467505
77,1,0.0004791209527808137,0.0004791209527808162,0.005557644389689028
77,2,0.0005032318308653693,0.0005032308509996409,nan
77,3,0.0005032308509996436,0.0005032318308653666,nan
77,4,0.0005032318308653667,0.0005032318308653694,nan
78,1,0.00047912076552342767,0.00047911987730309575,nan
78,2,0.00047912076552343043,0.0004791198773030935,0.005557098783659036
78,3,0.0005032306445483755,0.0005032316241491432,nan
78,4,0.000503230644548373,0.000503231624149146,nan
79,1,0.00047911969013494113,0.0004791196901349436,nan
79,2,0.0004791205781151388,0.0004791196901349414,nan
79,3,0.00047911969013494384,0.0004791205781151364,0.00557502910046861
79,4,0.0005032304379307315,0.0005032304379307342,nan
80,1,0.00047911950293601967,0.00047911950293602217,nan
80,2,0.00047911950293602244,0.00047911950293601994,nan
80,3,0.0004791195029360224,0.00047911950293602005,nan
80,4,0.0004791195029360201,0.00047911950293602255,0.005574405761680344
81,1,0.0004572133674732609,0.0004572133674732631,0.005193076413005352
81,2,0.0004791193328325782,0.00047911852625980906,nan
81,3,0.0004791185262598115,0.0004791193328325758,nan
81,4,0.00047911933283257586,0.0004791193328325783,nan
82,1,0.0004572132126396261,0.0004572124781358716,nan
82,2,0.00045721321263962855,0.0004572124781358696,0.005191851928093167
82,3,0.00047911835632901957,0.0004791191627037173,nan
82,4,0.00047911835632901724,0.0004791191627037198,nan
83,1,0.0004572123233692338,0.00045721232336923604,nan
83,2,0.0004572130576926479,0.00045721232336923403,nan
83,3,0.0004572123233692363,0.0004572130576926458,0.005203487693627068
83,4,0.00047911818627382764,0.0004791181862738301,nan
84,1,0.0004572121685794704,0.0004572121685794726,nan
84,2,0.00045721216857947284,0.0004572121685794706,nan
84,3,0.0004572121685794729,0.0004572121685794707,nan
84,4,0.0004572121685794707,0.00045721216857947294,0.005202245776360156
85,1,0.0004372217329604441,0.00043722173296044614,0.029959934019899978
85,2,0.0004572120273081743,0.0004572113573545298,nan
85,3,0.0004572113573545321,0.0004572120273081722,nan
85,4,0.0004572120273081722,0.0004572120273081744,nan
86,1,0.00043722160382622725,0.0004372209911754963,nan
86,2,0.00043722160382622953,0.00043722099117549443,0.016650914314948344
86,3,0.0004572112162140348,0.0004572118860176034,nan
86,4,0.0004572112162140327,0.00045721188601760565,nan
87,1,0.00043722086209224426,0.0004372208620922463,nan
87,2,0.0004372214746057606,0.0004372208620922444,nan
87,3,0.00043722086209224654,0.0004372214746057587,0.015171699208565797
87,4,0.00045721107497926396,0.0004572110749792662,nan
88,1,0.00043722073299138313,0.0004372207329913852,nan
88,2,0.0004372207329913854,0.0004372207329913833,nan
88,3,0.0004372207329913854,0.0004372207329913835,nan
88,4,0.0004372207329913835,0.0004372207329913855,0.001243674500568168
89,1,0.0004189052224656275,0.0004189052224656293,0.025169669589617152
89,2,0.0004372206146936827,0.0004372200536176161,nan
89,3,0.0004372200536176182,0.0004372206146936808,nan
89,4,0.0004372206146936808,0.00043722061469368283,nan
90,1,0.0004189051139128226,0.0004189045988596806,nan
90,2,0.0004189051139128247,0.00041890459885967886,0.013626241217932707
90,3,0.0004372199354202352,0.0004372204963811871,nan
90,4,0.0004372199354202334,0.00043722049638118913,nan
91,1,0.00041890449034611,0.00041890449034611186,nan
91,2,0.00041890500529359907,0.0004189044903461101,nan
91,3,0.00041890449034611213,0.0004189050052935973,0.013259768569343171
91,4,0.0004372198171505283,0.0004372198171505303,nan
92,1,0.0004189043818189713,0.00041890438181897314,nan
92,2,0.0004189043818189734,0.0004189043818189714,nan
92,3,0.0004189043818189734,0.0004189043818189716,nan
92,4,0.0004189043818189717,0.0004189043818189735,0.0012610787146650508
93,1,0.000402061749613598,0.0004020617496135997,0.021795980518372893
93,2,0.0004189042820086452,0.00041890380856252817,nan
93,3,0.0004189038085625302,0.00041890428200864343,nan
93,4,0.0004189042820086435,0.00041890428200864533,nan
94,1,0.0004020616577001105,0.00040206122155954545,nan
94,2,0.0004020616577001124,0.0004020612215595438,0.011588429806277074
94,3,0.00041890370883001333,0.00041890418218683474,nan
94,4,0.00041890370883001165,0.00041890418218683663,nan
95,1,0.0004020611296765938,0.00040206112967659547,nan
95,2,0.00040206156573491475,0.00040206112967659384,nan
95,3,0.0004020611296765957,0.0004020615657349131,0.011830336892150224
95,4,0.0004189036090413857,0.0004189036090413875,nan
96,1,0.00040206103778307343,0.0004020610377830751,nan
96,2,0.00040206103778307533,0.0004020610377830735,nan
96,3,0.00040206103778307533,0.0004020610377830737,nan
96,4,0.00040206103778307376,0.0004020610377830754,0.0012797255347792615
97,1,0.00038652047924507115,0.0003865204792450727,0.021822978861811178
97,2,0.0004020609529853816,0.00040206055070909685,nan
97,3,0.0004020605507090987,0.00040206095298538,nan
97,4,0.00040206095298538005,0.00040206095298538167,nan
98,1,0.0003865204009012157,0.00038652002912152865,nan
98,2,0.0003865204009012174,0.0003865200291215271,0.011799993500223902
98,3,0.00040206046597238463,0.0004020608681786833,nan
98,4,0.00040206046597238306,0.00040206086817868496,nan
99,1,0.00038651995080167924,0.0003865199508016808,nan
99,2,0.0003865203225166983,0.00038651995080167924,nan
99,3,0.0003865199508016809,0.0003865203225166968,0.011547796967837117
99,4,0.00040206038119168725,0.0004020603811916888,nan
100,1,0.0003865198724735149,0.0003865198724735165,nan
100,2,0.00038651987247351655,0.0003865198724735149,nan
100,3,0.0003865198724735166,0.00038651987247351503,nan
100,4,0.0003865198724735152,0.00038651987247351665,0.0012145208086138106
101,1,0.00037213601099730297,0.00037213601099730443,0.008990306381704564
101,2,0.0003865197999688371,0.00038651945597714687,nan
101,3,0.00038651945597714855,0.0003865197999688356,nan
101,4,0.00038651979996883574,0.0003865197999688372,nan
102,1,0.0003721359438086212,0.00037213562494288303,nan
102,2,0.0003721359438086228,0.00037213562494288157,0.0044569575802252785
102,3,0.0003865193835207151,0.00038651972745702885,nan
102,4,0.0003865193835207137,0.0003865197274570305,nan
103,1,0.0003721355577732497,0.00037213555777325114,nan
103,2,0.00037213587658766666,0.0003721355577732497,nan
103,3,0.00037213555777325125,0.0003721358765876652,0.006675955612472746
103,4,0.00038651931102947555,0.000386519311029477,nan
104,1,0.0003721354905970141,0.00037213549059701554,nan
104,2,0.0003721354905970157,0.0003721354905970141,nan
104,3,0.00037213549059701565,0.00037213549059701424,nan
104,4,0.0003721354905970144,0.00037213549059701576,0.0020836830645789717
105,1,0.00035878381537728663,0.000358783815377288,0.028985361565367823
105,2,0.0003721354282361347,0.00037213513234473267,nan
105,3,0.00037213513234473424,0.00037213542823613324,nan
105,4,0.0003721354282361334,0.00037213542823613476,nan
106,1,0.0003587837574270198,0.000358783482386932,nan
106,2,0.0003587837574270213,0.00035878348238693064,0.04609157065213477
106,3,0.0003721350700223622,0.00037213536586956023,nan
106,4,0.00037213507002236096,0.00037213536586956175,nan
107,1,0.0003587834244519103,0.0003587834244519116,nan
107,2,0.000358783699450918,0.00035878342445191025,nan
107,3,0.00035878342445191166,0.0003587836994509166,0.0013764837588208054
107,4,0.00037213500767220326,0.0003721350076722046,nan
108,1,0.0003587833665116012,0.0003587833665116025,nan
108,2,0.00035878336651160264,0.0003587833665116011,nan
108,3,0.00035878336651160253,0.00035878336651160123,nan
108,4,0.00035878336651160145,0.00035878336651160264,0.017976354898172245
109,1,0.00034635661855463457,0.0003463566185546357,0.24387366427062615
109,2,0.00035878331258087833,0.00035878305666832275,nan
109,3,0.00035878305666832416,0.0003587833125808769,nan
109,4,0.00035878331258087714,0.00035878331258087833,nan
110,1,0.0003463565683080324,0.00034635632981587386,nan
110,2,0.00034635656830803375,0.0003463563298158727,0.2927618425061196
110,3,0.00035878300276858896,0.0003587832586455698,nan
110,4,0.0003587830027685879,0.0003587832586455712,nan
111,1,0.00034635627958157054,0.0003463562795815717,nan
111,2,0.0003463565180405836,0.00034635627958157054,nan
111,3,0.00034635627958157184,0.0003463565180405823,0.02848904729049835
111,4,0.00035878294884648894,0.00035878294884649013,nan
112,1,0.00034635622934299916,0.0003463562293430003,nan
112,2,0.00034635622934300057,0.00034635622934299916,nan
112,3,0.00034635622934300046,0.00034635622934299927,nan
112,4,0.0003463562293429995,0.00034635622934300057,0.07306624522629852
113,1,0.0003347615134859315,0.0003347615134859326,0.05985088187244195
113,2,0.0003463561824647616,0.00034635596000101755,nan
113,3,0.00034635596000101885,0.0003463561824647603,nan
113,4,0.0003463561824647605,0.0003463561824647616,nan
114,1,0.000334761469704302,0.00033476126188571053,nan
114,2,0.0003347614697043033,0.0003347612618857095,0.08260616580233086
114,3,0.00034635591314790767,0.00034635613558280353,nan
114,4,0.0003463559131479067,0.00034635613558280483,nan
115,1,0.00033476121811407697,0.00033476121811407806,nan
115,2,0.0003347614259057261,0.000334761218114077,nan
115,3,0.0003347612181140782,0.0003347614259057249,0.004551395706160079
115,4,0.00034635586627665876,0.0003463558662766598,nan
116,1,0.00033476117433897266,0.00033476117433897375,nan
116,2,0.00033476117433897396,0.0003347611743389727,nan
116,3,0.0003347611743389739,0.00033476117433897277,nan
116,4,0.000334761174338973,0.00033476117433897396,0.026342073631053085
117,1,0.000323917632631295,0.000323917632631296,0.06057274658143687
117,2,0.00033476113339711794,0.00033476093909132437,nan
117,3,0.00033476093909132556,0.00033476113339711675,nan
117,4,0.00033476113339711696,0.00033476113339711794,nan
118,1,0.000323917594307463,0.00032391741238561145,nan
118,2,0.0003239175943074642,0.0003239174123856105,0.08242132198295733
118,3,0.00033476089816998936,0.00033476109245222333,nan
118,4,0.0003347608981699885,0.0003347610924522245,nan
119,1,0.00032391737406996,0.00032391737406996105,nan
119,2,0.00032391755596975933,0.0003239173740699601,nan
119,3,0.00032391737406996116,0.0003239175559697583,0.005076360356278818
119,4,0.0003347608572338392,0.0003347608572338402,nan
120,1,0.00032391733575146673,0.00032391733575146776,nan
120,2,0.000323917335751468,0.0003239173357514668,nan
120,3,0.00032391733575146787,0.00032391733575146695,nan
120,4,0.00032391733575146706,0.000323917335751468,0.02599947403770097
121,1,0.00031375425888764983,0.00031375425888765076,0.05709033616198692
121,2,0.0003239172998353093,0.00032391712936989686,nan
121,3,0.00032391712936989794,0.0003239172998353083,nan
121,4,0.0003239172998353084,0.0003239172998353093,nan
122,1,0.00031375422519700717,0.0003137540652606344,nan
122,2,0.0003137542251970083,0.00031375406526063356,0.07794220057315805
122,3,0.0003239170934706075,0.00032391726391665167,nan
122,4,0.0003239170934706067,0.0003239172639166527,nan
123,1,0.0003137540315767303,0.00031375403157673116,nan
123,2,0.00031375419149493614,0.0003137540315767303,nan
123,3,0.0003137540315767313,0.00031375419149493516,0.004566330767259936
123,4,0.00032391705755913753,0.0003239170575591384,nan
124,1,0.0003137539978904841,0.000313753997890485,nan
124,2,0.0003137539978904852,0.0003137539978904841,nan
124,3,0.00031375399789048514,0.0003137539978904843,nan
124,4,0.0003137539978904844,0.0003137539978904852,0.024591735810069643
125,1,0.00030420928139800527,0.0003042092813980061,0.05159727350900477
125,2,0.00031375396625196744,0.0003137538160800246,nan
125,3,0.0003137538160800256,0.0003137539662519665,nan
125,4,0.0003137539662519666,0.00031375396625196744,nan
126,1,0.0003042092516610405,0.0003042091104868628,nan
126,2,0.0003042092516610415,0.000304209110486862,0.07145285799798201
126,3,0.00031375378445546055,0.0003137539346113818,nan
126,4,0.00031375378445545974,0.0003137539346113827,nan
127,1,0.0003042090807554825,0.00030420908075548336,nan
127,2,0.000304209221914603,0.00030420908075548254,nan
127,3,0.00030420908075548346,0.00030420922191460215,0.003610887318071272
127,4,0.00031375375282081963,0.00031375375282082044,nan
128,1,0.0003042090510221604,0.00030420905102216127,nan
128,2,0.00030420905102216143,0.00030420905102216046,nan
128,3,0.0003042090510221614,0.00030420905102216056,nan
128,4,0.00030420905102216067,0.00030420905102216143,0.022768146116972067
129,1,0.0002952279249477325,0.0002952279249477333,0.044577291799791585
129,2,0.00030420902304295936,0.00030420889023241164,nan
129,3,0.00030420889023241257,0.0003042090230429585,nan
129,4,0.0003042090230429586,0.00030420902304295936,nan
130,1,0.00029522789860109795,0.0002952277735166696,nan
130,2,0.000295227898601099,0.0002952277735166689,0.06346207120708514
130,3,0.0003042088622648189,0.00030420899506203606,nan
130,4,0.0003042088622648182,0.00030420899506203693,nan
131,1,0.0002952277471746895,0.00029522774717469035,nan
131,2,0.00029522787224656703,0.00029522774717468964,nan
131,3,0.00029522774717469046,0.00029522787224656616,0.0024952239313747212
131,4,0.0003042088342888412,0.00030420883428884193,nan
132,1,0.00029522772083109036,0.0002952277208310912,nan
132,2,0.00029522772083109144,0.0002952277208310905,nan
132,3,0.00029522772083109133,0.0002952277208310906,nan
132,4,0.0002952277208310907,0.0002952277208310914,0.020826603271875826
133,1,0.00028676169801755734,0.00028676169801755816,0.03936691858161182
133,2,0.0002952276959971038,0.0002952275781098835,nan
133,3,0.0002952275781098843,0.00029522769599710295,nan
133,4,0.00029522769599710306,0.00029522769599710377,nan
134,1,0.0002867616745915461,0.0002867615633684926,nan
134,2,0.00028676167459154713,0.0002867615633684919,0.05743680991609156
134,3,0.0002952275532856077,0.0002952276711616757,nan
134,4,0.00029522755328560707,0.00029522767116167654,nan
135,1,0.0002867615399463815,0.0002867615399463823,nan
135,2,0.0002867616511589171,0.0002867615399463816,nan
135,3,0.00028676153994638243,0.0002867616511589163,0.0018749549413615298
135,4,0.00029522752845431656,0.0002952275284543173,nan
136,1,0.0002867615165229133,0.00028676151652291414,nan
136,2,0.0002867615165229144,0.00028676151652291343,nan
136,3,0.00028676151652291424,0.0002867615165229136,nan
136,4,0.0002867615165229136,0.0002867615165229143,0.019505085557196333
137,1,0.00027876751681624884,0.0002787675168162496,0.03576982309555318
137,2,0.00028676149440433124,0.00028676138940193964,nan
137,3,0.00028676138940194045,0.0002867614944043304,nan
137,4,0.0002867614944043304,0.00028676149440433113,nan
138,1,0.00027876749591712743,0.0002787673966873888,nan
138,2,0.00027876749591712846,0.00027876739668738815,0.05317024026474202
138,3,0.00028676136729152306,0.0002867614722845363,nan
138,4,0.00028676136729152235,0.000286761472284537,nan
139,1,0.00027876737579155214,0.0002787673757915529,nan
139,2,0.00027876747501243176,0.00027876737579155225,nan
139,3,0.00027876737579155306,0.000278767475012431,0.0015570880672399138
139,4,0.0002867613451752065,0.0002867613451752072,nan
140,1,0.0002787673548945721,0.00027876735489457285,nan
140,2,0.0002787673548945731,0.0002787673548945722,nan
140,3,0.000278767354894573,0.00027876735489457236,nan
140,4,0.0002787673548945724,0.00027876735489457306,0.018601370654731213
141,1,0.0002712069718775894,0.0002712069718775901,0.030477376549388112
141,2,0.00027876733513018296,0.00027876724129933443,nan
141,3,0.00027876724129933525,0.0002787673351301822,nan
141,4,0.00027876733513018225,0.0002787673351301829,nan
142,1,0.0002712069531736395,0.00027120686436329206,nan
142,2,0.0002712069531736405,0.0002712068643632915,0.04720770371791559
142,3,0.00027876722154184495,0.0002787673153647685,nan
142,4,0.00027876722154184435,0.0002787673153647692,nan
143,1,0.00027120684566212184,0.00027120684566212254,nan
143,2,0.00027120693446497184,0.000271206845662122,nan
143,3,0.0002712068456621227,0.00027120693446497113,0.0012542475017009835
143,4,0.0002787672017793695,0.00027876720177937015,nan
144,1,0.00027120682695998375,0.00027120682695998445,nan
144,2,0.0002712068269599848,0.0002712068269599839,nan
144,3,0.0002712068269599846,0.00027120682695998407,nan
144,4,0.00027120682695998407,0.00027120682695998467,0.017723788544901906
145,1,0.00026404571086631164,0.0002640457108663123,0.02630906301749631
145,2,0.000271206809244734,0.0002712067251384015,nan
145,3,0.0002712067251384022,0.0002712068092447333,nan
145,4,0.0002712068092447333,0.0002712068092447339,nan
146,1,0.0002640456940767272,0.0002640456143533397,nan
146,2,0.00026404569407672814,0.00026404561435333917,0.042475291830024534
146,3,0.00027120670742900857,0.00027120679152861345,nan
146,4,0.00027120670742900797,0.00027120679152861405,nan
147,1,0.00026404559756611814,0.00026404559756611884,nan
147,2,0.00026404567728313184,0.0002640455975661183,nan
147,3,0.00026404559756611895,0.0002640456772831312,0.0012197181162895009
147,4,0.00027120668971538264,0.0002712066897153833,nan
148,1,0.00026404558077807366,0.00026404558077807437,nan
148,2,0.0002640455807780746,0.0002640455807780738,nan
148,3,0.0002640455807780745,0.00026404558077807393,nan
148,4,0.00026404558077807393,0.0002640455807780746,0.017198865994092517
149,1,0.00025725291666278964,0.0002572529166627903,0.022663927341382728
149,2,0.00026404556485314,0.0002640454892435047,nan
149,3,0.0002640454892435053,0.00026404556485313933,nan
149,4,0.00026404556485313933,0.00026404556485314,nan
150,1,0.00025725290154878915,0.0002572528297792768,nan
150,2,0.00025725290154879007,0.0002572528297792763,0.03833956300313199
150,3,0.00026404547332356434,0.0002640455489274635,nan
150,4,0.00026404547332356385,0.00026404554892746416,nan
151,1,0.00025725281466729345,0.00025725281466729415,nan
151,2,0.00025725288643136404,0.00025725281466729366,nan
151,3,0.00025725281466729426,0.0002572528864313635,0.0013692196362509069
151,4,0.0002640454574000147,0.00026404545740001535,nan
152,1,0.00025725279955460744,0.00025725279955460815,nan
152,2,0.00025725279955460836,0.00025725279955460766,nan
152,3,0.00025725279955460825,0.0002572527995546078,nan
152,4,0.00025725279955460777,0.0002572527995546084,0.016918224106933128
153,1,0.00025080086399654024,0.00025080086399654095,0.02048780513570034
153,2,0.0002572527851994254,0.00025725271704009345,nan
153,3,0.00025725271704009404,0.00025725278519942487,nan
153,4,0.0002572527851994248,0.00025725278519942547,nan
154,1,0.00025080085035420846,0.00025080078557088837,nan
154,2,0.0002508008503542094,0.0002508007855708879,0.03578461249346011
154,3,0.0002572527026891862,0.0002572527708436072,nan
154,4,0.0002572527026891857,0.00025725277084360777,nan
155,1,0.00025080077193028567,0.0002508007719302863,nan
155,2,0.0002508008367089409,0.00025080077193028583,nan
155,3,0.0002508007719302864,0.00025080083670894033,0.0014975082221684304
155,4,0.0002572526883351886,0.00025725268833518927,nan
156,1,0.0002508007582890805,0.00025080075828908113,nan
156,2,0.0002508007582890814,0.00025080075828908064,nan
156,3,0.00025080075828908124,0.0002508007582890808,nan
156,4,0.00025080075828908075,0.0002508007582890814,0.016707778925012316
157,1,0.00024466454117376743,0.00024466454117376803,0.018381482525833496
157,2,0.00025080074531490585,0.00025080068371038797,nan
157,3,0.00025080068371038857,0.00025080074531490525,nan
157,4,0.0002508007453149052,0.00025080074531490585,nan
158,1,0.0002446645288282577,0.00024466447020135204,nan
158,2,0.00024466452882825854,0.0002446644702013516,0.0333438520195418
158,3,0.0002508006707398874,0.00025080073234018407,nan
158,4,0.0002508006707398869,0.00025080073234018467,nan
159,1,0.0002446644578573302,0.0002446644578573308,nan
159,2,0.00024466451648022134,0.00024466445785733035,nan
159,3,0.0002446644578573309,0.00024466451648022086,0.0016910475785257366
159,4,0.0002508006577667303,0.00025080065776673097,nan
160,1,0.0002446644455127897,0.0002446644455127903,nan
160,2,0.0002446644455127905,0.00024466444551278987,nan
160,3,0.0002446644455127904,0.00024466444551279003,nan
160,4,0.00024466444551279,0.0002446644455127906,0.016602377880107343
161,1,0.00023882132601525826,0.0002388213260152588,0.01630192351263288
161,2,0.000244664433757469,0.0002446643779383898,nan
161,3,0.00024466437793839034,0.0002446644337574685,nan
161,4,0.00024466443375746843,0.00024466443375746903,nan
162,1,0.0002388213148160706,0.0002388212616313128,nan
162,2,0.00023882131481607136,0.0002388212616313124,0.030966949545656826
162,3,0.0002446643661862386,0.00024466442200167613,nan
162,4,0.00024466436618623814,0.0002446644220016767,nan
163,1,0.00023882125043341018,0.0002388212504334107,nan
163,2,0.00023882130361470058,0.00023882125043341032,nan
163,3,0.00023882125043341086,0.0002388213036147001,0.0019708863975840324
163,4,0.0002446643544317955,0.0002446643544317961,nan
164,1,0.0002388212392350596,0.0002388212392350601,nan
164,2,0.00023882123923506035,0.00023882123923505972,nan
164,3,0.00023882123923506027,0.00023882123923505986,nan
164,4,0.00023882123923505978,0.00023882123923506035,0.016616573117858656
165,1,0.00023325070715217422,0.00023325070715217469,0.014488770546142678
165,2,0.0002388212285587604,0.00023882117786161436,nan
165,3,0.0002388211778616149,0.0002388212285587599,nan
165,4,0.00023882122855875982,0.0002388212285587604,nan
166,1,0.00023325069696929034,0.00023325064860959196,nan
166,2,0.0002332506969692911,0.0002332506486095916,0.02890039361739798
166,3,0.0002388211671880592,0.00023882121788205223,nan
166,4,0.00023882116718805874,0.00023882121788205271,nan
167,1,0.00023325063842782184,0.0002332506384278223,nan
167,2,0.00023325068678451492,0.00023325063842782195,nan
167,3,0.00023325063842782247,0.0002332506867845144,0.0022781357926906034
167,4,0.00023882115651251953,0.0002388211565125201,nan
168,1,0.00023325062824566337,0.00023325062824566383,nan
168,2,0.00023325062824566413,0.00023325062824566348,nan
168,3,0.000233250628245664,0.0002332506282456636,nan
168,4,0.00023325062824566359,0.00023325062824566413,0.016696326295384804
169,1,0.0002279340434417538,0.00022793404344175427,0.011897565874796
169,2,0.00023325061852737033,0.00023325057237790858,nan
169,3,0.0002332505723779091,0.00023325061852736982,nan
169,4,0.0002332506185273698,0.00023325061852737033,nan
170,1,0.00022793403416245762,0.00022793399009282702,nan
170,2,0.00022793403416245835,0.00022793399009282664,0.026040765401874916
170,3,0.0002332505626619992,0.00023325060880872176,nan
170,4,0.0002332505626619988,0.00023325060880872227,nan
171,1,0.0002279339808144993,0.00022793398081449978,nan
171,2,0.00022793402488151642,0.0002279339808144994,nan
171,3,0.0002279339808144999,0.00022793402488151593,0.0030271949226253372
171,4,0.00023325055294436576,0.00023325055294436627,nan
172,1,0.0002279339715358338,0.0002279339715358343,nan
172,2,0.00022793397153583454,0.00022793397153583392,nan
172,3,0.0002279339715358344,0.00022793397153583406,nan
172,4,0.00022793397153583406,0.00022793397153583457,0.01720671833423733
173,1,0.0002228543555555472,0.00022285435555554766,0.009859390213589819
173,2,0.0002279339626704594,0.00022793392056999002,nan
173,3,0.0002279339205699905,0.0002279339626704589,nan
173,4,0.0002279339626704589,0.00022793396267045942,nan
174,1,0.000222854347081797,0.0002228543068368743,nan
174,2,0.0002228543470817977,0.00022285430683687395,0.023783338405964145
174,3,0.0002279339117066929,0.00022793395380477498,nan
174,4,0.00022793391170669255,0.0002279339538047755,nan
175,1,0.00022285429836396893,0.00022285429836396939,nan
175,2,0.00022285433860661167,0.00022285429836396903,nan
175,3,0.0002228542983639695,0.0002228543386066112,0.003792323831185245
175,4,0.00022793390284189314,0.00022793390284189365,nan
176,1,0.00022285428989076887,0.00022285428989076933,nan
176,2,0.00022285428989076957,0.00022285428989076897,nan
176,3,0.00022285428989076943,0.0002228542898907691,nan
176,4,0.0002228542898907691,0.0002228542898907696,0.017775342665299284
177,1,0.00021799614483015224,0.0002179961448301527,0.008131803601392373
177,2,0.00022285428178676038,0.0002228542433007999,nan
177,3,0.00022285424330080036,0.00022285428178675992,nan
177,4,0.00022285428178675992,0.0002228542817867604,nan
178,1,0.00021799613707639947,0.00021799610025010867,nan
178,2,0.00021799613707640015,0.00021799610025010832,0.02187223654431164
178,3,0.00022285423519860734,0.00022285427368248074,nan
178,4,0.00022285423519860701,0.00022285427368248122,nan
179,1,0.00021799609249709506,0.00021799609249709555,nan
179,2,0.0002179961293213909,0.0002179960924970952,nan
179,3,0.00021799609249709563,0.00021799612932139043,0.004611576988710611
179,4,0.00022285422709510106,0.00022285422709510152,nan
180,1,0.00021799608474382362,0.0002179960847438241,nan
180,2,0.00021799608474382432,0.00021799608474382375,nan
180,3,0.00021799608474382419,0.00021799608474382386,nan
180,4,0.0002179960847438239,0.00021799608474382432,0.018428262430915356
181,1,0.00021334523530856114,0.0002133452353085616,0.008639735124522034
181,2,0.00021799607732117236,0.00021799604207000436,nan
181,3,0.0002179960420700048,0.0002179960773211719,nan
181,4,0.00021799607732117193,0.00021799607732117236,nan
182,1,0.00021334522819993186,0.0002133451944368535,nan
182,2,0.00021334522819993249,0.00021334519443685313,0.022351250564190416
182,3,0.00021799603464894518,0.00021799606989828318,nan
182,4,0.0002179960346489449,0.00021799606989828364,nan
183,1,0.00021334518732887283,0.0002133451873288733,nan
183,2,0.00021334522109020044,0.0002133451873288729,nan
183,3,0.00021334518732887334,0.0002133452210902,0.003933670843137394
183,4,0.00021799602722673408,0.0002179960272267345,nan
184,1,0.0002133451802206659,0.00021334518022066636,nan
184,2,0.00021334518022066655,0.00021334518022066598,nan
184,3,0.00021334518022066642,0.00021334518022066612,nan
184,4,0.00021334518022066615,0.00021334518022066655,0.01771283268791292
185,1,0.00020888863558076907,0.00020888863558076948,0.0024464561197281563
185,2,0.00021334517340924393,0.00021334514106003145,nan
185,3,0.00021334514106003188,0.0002133451734092435,nan
185,4,0.00021334517340924352,0.00021334517340924393,nan
186,1,0.00020888862905154171,0.00020888859803969126,nan
186,2,0.0002088886290515423,0.0002088885980396909,0.00044864586192955595
186,3,0.00021334513425000931,0.00021334516659761267,nan
186,4,0.00021334513425000904,0.0002133451665976131,nan
187,1,0.00020888859151103472,0.00020888859151103512,nan
187,2,0.00020888862252134443,0.00020888859151103477,nan
187,3,0.00020888859151103518,0.000208888622521344,0.008181356650119905
187,4,0.0002133451274389742,0.00021334512743897464,nan
188,1,0.000208888584982179,0.0002088885849821794,nan
188,2,0.0002088885849821796,0.00020888858498217905,nan
188,3,0.00020888858498217946,0.00020888858498217916,nan
188,4,0.0002088885849821792,0.00020888858498217957,0.006157681001843402
189,1,0.00020461441758750008,0.00020461441758750046,0.0021430703736041736
189,2,0.00020888857872034444,0.0002088885489805144,nan
189,3,0.0002088885489805148,0.000208888578720344,nan
189,4,0.00020888857872034404,0.00020888857872034442,nan
190,1,0.0002046144115798265,0.00020461438304458568,nan
190,2,0.00020461441157982704,0.00020461438304458535,0.004090472658960653
190,3,0.000208888542719914,0.00020888857245832527,nan
190,4,0.00020888854271991372,0.00020888857245832568,nan
191,1,0.00020461437703741576,0.00020461437703741612,nan
191,2,0.00020461440557129702,0.0002046143770374158,nan
191,3,0.00020461437703741617,0.0002046144055712966,0.005831472570118077
191,4,0.00020888853645842042,0.0002088885364584208,nan
192,1,0.00020461437103007007,0.00020461437103007043,nan
192,2,0.00020461437103007062,0.0002046143710300701,nan
192,3,0.00020461437103007048,0.00020461437103007018,nan
192,4,0.0002046143710300702,0.0002046143710300706,0.007776971567635915
193,1,0.00020051161000590262,0.00020051161000590295,0.0623105225354408
193,2,0.0002046143652634929,0.0002046143378751662,nan
193,3,0.00020461433787516658,0.00020461436526349246,nan
193,4,0.00020461436526349248,0.00020461436526349286,nan
194,1,0.0002005116044687292,0.0002005115781677273,nan
194,2,0.00020051160446872971,0.00020051157816772702,0.14043961295334556
194,3,0.0002046143321096799,0.00020461435949675242,nan
194,4,0.00020461433210967962,0.00020461435949675283,nan
195,1,0.00020051157263099945,0.00020051157263099975,nan
195,2,0.00020051159893079862,0.00020051157263099948,nan
195,3,0.00020051157263099983,0.00020051159893079822,0.0004590177652477179
195,4,0.000204614326343404,0.00020461432634340438,nan
196,1,0.00020051156709411608,0.00020051156709411638,nan
196,2,0.00020051156709411657,0.0002005115670941161,nan
196,3,0.00020051156709411646,0.00020051156709411616,nan
196,4,0.0002005115670941162,0.00020051156709411654,0.07891820578737659
197,1,0.00019657010421055747,0.00019657010421055777,0.12140027191188521
197,2,0.00020051156177478582,0.000200511536510071,nan
197,3,0.00020051153651007135,0.00020051156177478541,nan
197,4,0.00020051156177478544,0.0002005115617747858,nan
198,1,0.00019657009909871206,0.0001965700748174932,nan
198,2,0.00019657009909871252,0.00019657007481749294,0.2627075230268304
198,3,0.00020051153119170738,0.00020051155645531082,nan
198,4,0.0002005115311917071,0.0002005115564553112,nan
199,1,0.0001965700697060429,0.0001965700697060432,nan
199,2,0.00019657009398619515,0.00019657006970604294,nan
199,3,0.00019657006970604326,0.00019657009398619475,0.001022879935850289
199,4,0.00020051152587264402,0.00020051152587264437,nan
200,1,0.00019657006459445467,0.00019657006459445497,nan
200,2,0.00019657006459445513,0.0001965700645944547,nan
200,3,0.00019657006459445503,0.00019657006459445473,nan
200,4,0.00019657006459445475,0.00019657006459445508,0.14289084238279784
201,1,0.00019278057111265089,0.00019278057111265118,0.06157445732286668
201,2,0.0001965700596798393,0.0001965700363368418,nan
201,3,0.00019657003633684211,0.0001965700596798389,nan
201,4,0.00019657005967983892,0.00019657005967983925,nan
202,1,0.0001927805663860672,0.00019278054393441038,nan
202,2,0.00019278056638606767,0.00019278054393441013,0.1381388076441714
202,3,0.000196570031423085,0.00019657005476509526,nan
202,4,0.00019657003142308473,0.0001965700547650956,nan
203,1,0.00019278053920817787,0.0001927805392081782,nan
203,2,0.00019278056165888664,0.00019278053920817795,nan
203,3,0.00019278053920817822,0.00019278056165888626,0.00039605690012607447
203,4,0.0001965700265087066,0.00019657002650870693,nan
204,1,0.0001927805344818228,0.00019278053448182312,nan
204,2,0.00019278053448182323,0.00019278053448182288,nan
204,3,0.00019278053448182315,0.00019278053448182285,nan
204,4,0.00019278053448182285,0.00019278053448182315,0.07723640629875099
205,1,0.00018913438743698222,0.00018913438743698252,0.06126027457502226
205,2,0.00019278052993415296,0.00019278050833358013,nan
205,3,0.0001927805083335804,0.00019278052993415258,nan
205,4,0.00019278052993415258,0.00019278052993415288,nan
206,1,0.0001891343830600391,0.00018913436226882218,nan
206,2,0.0001891343830600395,0.00018913436226882196,0.13969373227617857
206,3,0.00019278050378667463,0.00019278052538636853,nan
206,4,0.00019278050378667433,0.00019278052538636883,nan
207,1,0.00018913435789219188,0.0001891343578921922,nan
207,2,0.00018913437868256418,0.000189134357892192,nan
207,3,0.0001891343578921922,0.0001891343786825638,0.0005585925892800863
207,4,0.00019278049923921568,0.00019278049923921597,nan
208,1,0.00018913435351545238,0.0001891343535154527,nan
208,2,0.00018913435351545281,0.0001891343535154525,nan
208,3,0.0001891343535154527,0.00018913435351545243,nan
208,4,0.00018913435351545243,0.00018913435351545273,0.07926447830850525
209,1,0.000185623570210384,0.0001856235702103843,0.06045895866356026
209,2,0.00018913434930111072,0.00018913432928337396,nan
209,3,0.00018913432928337418,0.00018913434930111034,nan
209,4,0.00018913434930111034,0.00018913434930111064,nan
210,1,0.00018562356615134048,0.00018562354686985975,nan
210,2,0.00018562356615134092,0.00018562354686985953,0.135611236409486
210,3,0.00018913432506971418,0.00018913434508666672,nan
210,4,0.00018913432506971394,0.00018913434508666701,nan
211,1,0.00018562354281109552,0.00018562354281109582,nan
211,2,0.0001856235620918222,0.0001856235428110956,nan
211,3,0.0001856235428110958,0.00018562356209182179,0.0004055132871808631
211,4,0.00018913432085556064,0.00018913432085556093,nan
212,1,0.0001856235387522338,0.0001856235387522341,nan
212,2,0.00018562353875223423,0.00018562353875223387,nan
212,3,0.00018562353875223406,0.00018562353875223382,nan
212,4,0.00018562353875223385,0.00018562353875223414,0.07579585619781794
213,1,0.00018224071841395288,0.00018224071841395315,0.059474416120435206
213,2,0.00018562353484123198,0.0001856235162639661,nan
213,3,0.00018562351626396628,0.00018562353484123157,nan
213,4,0.0001856235348412316,0.0001856235348412319,nan
214,1,0.00018224071464446393,0.00018224069673813568,nan
214,2,0.00018224071464446434,0.00018224069673813546,0.12845526207794808
214,3,0.00018562351235357392,0.00018562353093013853,nan
214,4,0.00018562351235357373,0.00018562353093013885,nan
215,1,0.0001822406929688966,0.0001822406929688969,nan
215,2,0.00018224071087455016,0.0001822406929688967,nan
215,3,0.00018224069296889683,0.00018224071087454978,0.00017340027430152985
215,4,0.00018562350844274027,0.00018562350844274057,nan
216,1,0.0001822406891995703,0.00018224068919957059,nan
216,2,0.00018224068919957072,0.00018224068919957037,nan
216,3,0.0001822406891995705,0.00018224068919957034,nan
216,4,0.00018224068919957037,0.00018224068919957064,0.06934581433693635
217,1,0.0001789789609015012,0.00017897896090150148,0.058690084164905724
217,2,0.0001822406855651001,0.00018224066830103318,nan
217,3,0.00018224066830103332,0.00018224068556509972,nan
217,4,0.00018224068556509974,0.0001822406855651,nan
218,1,0.0001789789573962013,0.00017897894074458563,nan
218,2,0.00017897895739620167,0.00017897894074458541,0.12321513283284152
218,3,0.00018224066466710916,0.00018224068193054775,nan
218,4,0.00018224066466710902,0.00018224068193054804,nan
219,1,0.0001789789372395097,0.00017897893723950998,nan
219,2,0.0001789789538905205,0.00017897893723950976,nan
219,3,0.00017897893723950987,0.0001789789538905201,0.00010898250138591646
219,4,0.0001822406610327896,0.0001822406610327899,nan
220,1,0.0001789789337343556,0.00017897893373435586,nan
220,2,0.00017897893373435597,0.00017897893373435564,nan
220,3,0.00017897893373435575,0.0001789789337343556,nan
220,4,0.00017897893373435564,0.00017897893373435594,0.06480009456792506
221,1,0.00017583190981291147,0.00017583190981291174,0.0579395358500986
221,2,0.00017897893035240232,0.00017897891428752136,nan
221,3,0.00017897891428752147,0.00017897893035240194,nan
221,4,0.000178978930352402,0.0001789789303524023,nan
222,1,0.00017583190654905546,0.00017583189104415203,nan
222,2,0.00017583190654905584,0.00017583189104415184,0.11678839894334794
222,3,0.0001789789109060584,0.00017897892697037524,nan
222,4,0.00017897891090605828,0.0001789789269703756,nan
223,1,0.00017583188778049722,0.00017583188778049746,nan
223,2,0.00017583190328485733,0.00017583188778049727,nan
223,3,0.0001758318877804974,0.00017583190328485695,0.00016335898046599654
223,4,0.00017897890752424035,0.00017897890752424067,nan
224,1,0.00017583188451677215,0.0001758318845167724,nan
224,2,0.0001758318845167726,0.0001758318845167722,nan
224,3,0.00017583188451677234,0.0001758318845167722,nan
224,4,0.00017583188451677224,0.00017583188451677256,0.05914825937133197
225,1,0.00017279361881770663,0.00017279361881770687,0.05731522236862237
225,2,0.00017583188136578094,0.00017583186639774783,nan
225,3,0.00017583186639774797,0.00017583188136578056,nan
225,4,0.0001758318813657806,0.0001758318813657809,nan
226,1,0.00017279361577485935,0.00017279360131963387,nan
226,2,0.00017279361577485978,0.0001727936013196337,0.11042830959812477
226,3,0.00017583186324719757,0.00017583187821472318,nan
226,4,0.00017583186324719748,0.00017583187821472354,nan
227,1,0.00017279359827696768,0.00017279359827696792,nan
227,2,0.00017279361273170424,0.00017279359827696776,nan
227,3,0.00017279359827696787,0.00017279361273170386,0.00038983117946345537
227,4,0.00017583186009632792,0.00017583186009632822,nan
228,1,0.00017279359523423825,0.0001727935952342385,nan
228,2,0.0001727935952342387,0.00017279359523423833,nan
228,3,0.00017279359523423844,0.00017279359523423833,nan
228,4,0.0001727935952342384,0.00017279359523423869,0.0536129202760178
229,1,0.0001698585456144794,0.00016985854561447965,0.056721512874772645
229,2,0.00017279359229482486,0.00017279357833160537,nan
229,3,0.00017279357833160548,0.00017279359229482448,nan
229,4,0.00017279359229482454,0.00017279359229482484,nan
230,1,0.00016985854277424653,0.00016985852928135342,nan
230,2,0.000169858542774247,0.00016985852928135323,0.1057851621523215
230,3,0.00017279357539258926,0.0001727935893553514,nan
230,4,0.0001727935753925892,0.00017279358935535176,nan
231,1,0.0001698585264412838,0.00016985852644128404,nan
231,2,0.00016985853993373615,0.00016985852644128385,nan
231,3,0.00016985852644128398,0.0001698585399337358,0.0006267998979840205
231,4,0.00017279357245328535,0.00017279357245328565,nan
232,1,0.0001698585236011572,0.00016985852360115744,nan
232,2,0.00016985852360115763,0.00016985852360115725,nan
232,3,0.00016985852360115739,0.00016985852360115728,nan
232,4,0.00016985852360115736,0.00016985852360115766,0.04978448272331427
233,1,0.00016702151818857313,0.00016702151818857338,0.05628132752190945
233,2,0.0001698585208558573,0.00016985850781453055,nan
233,3,0.00016985850781453069,0.00016985852085585695,nan
233,4,0.00016985852085585703,0.00016985852085585733,nan
234,1,0.00016702151553436734,0.00016702150292503958,nan
234,2,0.00016702151553436772,0.00016702150292503937,0.10022654351370477
234,3,0.00016985850506958931,0.00016985851811050318,nan
234,4,0.0001698585050695893,0.00016985851811050356,nan
235,1,0.0001670215002709812,0.00016702150027098146,nan
235,2,0.00016702151287991085,0.00016702150027098124,nan
235,3,0.00016702150027098135,0.00016702151287991052,0.0010869611989494455
235,4,0.00016985850232438825,0.00016985850232438855,nan
236,1,0.00016702149761687135,0.00016702149761687162,nan
236,2,0.00016702149761687175,0.0001670214976168714,nan
236,3,0.0001670214976168715,0.00016702149761687143,nan
236,4,0.00016702149761687148,0.00016702149761687178,0.04510776058183792
237,1,0.00016427770439580904,0.00016427770439580929,0.05568519327241714
237,2,0.0001670214950499224,0.00016702148285564528,nan
237,3,0.00016702148285564539,0.00016702149504992206,nan
237,4,0.00016702149504992212,0.00016702149504992241,nan
238,1,0.00016427770191264612,0.00016427769011572826,nan
238,2,0.0001642777019126465,0.00016427769011572805,0.09682563185881712
238,3,0.0001670214802890206,0.00016702149248292434,nan
238,4,0.00016702148028902058,0.0001670214924829247,nan
239,1,0.0001642776876326987,0.0001642776876326989,nan
239,2,0.00016427769942925637,0.0001642776876326987,nan
239,3,0.00016427768763269883,0.00016427769942925608,0.0013398951764963232
239,4,0.00016702147772216098,0.00016702147772216125,nan
240,1,0.00016427768514962258,0.0001642776851496228,nan
240,2,0.00016427768514962296,0.00016427768514962258,nan
240,3,0.00016427768514962272,0.00016427768514962266,nan
240,4,0.00016427768514962272,0.00016427768514962296,0.04255101090848382
241,1,0.00016162258449594098,0.0001616225844959412,0.05515665832505783
241,2,0.0001642776827467733,0.00016427767133187708,nan
241,3,0.00016427767133187721,0.000164277682746773,nan
241,4,0.00016427768274677304,0.0001642776827467733,nan
242,1,0.00016162258217026208,0.00016162257112136566,nan
242,2,0.00016162258217026246,0.00016162257112136547,0.093109515842653
242,3,0.00016427766892932152,0.0001642776803438795,nan
242,4,0.00016427766892932152,0.0001642776803438798,nan
243,1,0.00016162256879580762,0.00016162256879580784,nan
243,2,0.00016162257984437766,0.00016162256879580765,nan
243,3,0.00016162256879580775,0.0001616225798443774,0.0017002526396943717
243,4,0.00016427766652655313,0.0001642776665265534,nan
244,1,0.0001616225664702074,0.00016162256647020762,nan
244,2,0.00016162256647020776,0.00016162256647020743,nan
244,3,0.00016162256647020754,0.00016162256647020748,nan
244,4,0.0001616225664702075,0.00016162256647020778,0.039717337488847565
245,1,0.00015905192630740695,0.00015905192630740717,0.05498493662770598
245,2,0.00016162256421855148,0.00016162255352175227,nan
245,3,0.00016162255352175238,0.0001616225642185512,nan
245,4,0.00016162256421855124,0.0001616225642185515,nan
246,1,0.00015905192412692283,0.00015905191376768742,nan
246,2,0.00015905192412692316,0.00015905191376768723,0.08783275282938366
246,3,0.00016162255127036282,0.00016162256196685518,nan
246,4,0.0001616225512703628,0.00016162256196685547,nan
247,1,0.000159051911587313,0.00015905191158731318,nan
247,2,0.00015905192194625212,0.000159051911587313,nan
247,3,0.00015905191158731313,0.0001590519219462519,0.0025089711165063207
247,4,0.00016162254901878027,0.00016162254901878052,nan
248,1,0.00015905190940690027,0.00015905190940690046,nan
248,2,0.00015905190940690057,0.00015905190940690027,nan
248,3,0.0001590519094069004,0.00015905190940690035,nan
248,4,0.0001590519094069004,0.00015905190940690062,0.03540763344425192
249,1,0.0001565617626960834,0.00015656176269608358,0.054593663249647664
249,2,0.00015905190729473054,0.00015905189726043715,nan
249,3,0.0001590518972604373,0.00015905190729473032,nan
249,4,0.00015905190729473037,0.0001590519072947306,nan
250,1,0.00015656176064963786,0.0001565617509270827,nan
250,2,0.00015656176064963816,0.00015656175092708253,0.08420660548700962
250,3,0.0001590518951485096,0.00015905190518252418,nan
250,4,0.0001590518951485096,0.00015905190518252445,nan
251,1,0.00015656174888073688,0.00015656174888073707,nan
251,2,0.0001565617586030227,0.0001565617488807369,nan
251,3,0.000156561748880737,0.0001565617586030225,0.0030521135782209134
251,4,0.00015905189303640658,0.0001590518930364068,nan
252,1,0.00015656174683435623,0.00015656174683435642,nan
252,2,0.00015656174683435653,0.00015656174683435626,nan
252,3,0.00015656174683435637,0.00015656174683435631,nan
252,4,0.00015656174683435634,0.00015656174683435656,0.032711153443875096
253,1,0.00015414837114618112,0.0001541483711461813,0.05483660275127724
253,2,0.0001565617448510368,0.00015656173542874334,nan
253,3,0.00015656173542874345,0.00015656174485103658,nan
253,4,0.0001565617448510366,0.00015656174485103683,nan
254,1,0.000154148369223631,0.00015414836008958532,nan
254,2,0.00015414836922363127,0.00015414836008958516,0.07876223313180848
254,3,0.00015656173344564425,0.00015656174286768397,nan
254,4,0.00015656173344564425,0.00015656174286768422,nan
255,1,0.00015414835816712598,0.00015414835816712614,nan
255,2,0.00015414836730092644,0.00015414835816712598,nan
255,3,0.0001541483581671261,0.00015414836730092625,0.004333788073920842
255,4,0.0001565617314623855,0.0001565617314623857,nan
256,1,0.00015414835624463495,0.0001541483562446351,nan
256,2,0.0001541483562446352,0.00015414835624463495,nan
256,3,0.00015414835624463506,0.000154148356244635,nan
256,4,0.00015414835624463506,0.00015414835624463525,0.0282930038482848
257,1,0.00015180825519200996,0.00015180825519201012,0.05439283483129923
257,2,0.00015414835438048834,0.0001541483455242397,nan
257,3,0.0001541483455242398,0.00015414835438048815,nan
257,4,0.0001541483543804882,0.0001541483543804884,nan
258,1,0.00015180825338411937,0.00015180824479472049,nan
258,2,0.00015180825338411962,0.00015180824479472032,0.07596703021081191
258,3,0.00015414834366029394,0.0001541483525163113,nan
258,4,0.00015414834366029394,0.00015414835251631155,nan
259,1,0.00015180824298691268,0.00015180824298691287,nan
259,2,0.000151808251576088,0.0001518082429869127,nan
259,3,0.00015180824298691278,0.0001518082515760878,0.00482430772530215
259,4,0.00015414834179620264,0.0001541483417962028,nan
260,1,0.00015180824117907597,0.00015180824117907616,nan
260,2,0.00015180824117907622,0.000151808241179076,nan
260,3,0.00015180824117907608,0.00015180824117907603,nan
260,4,0.0001518082411790761,0.00015180824117907627,0.02643298594039354
261,1,0.0001495381275158124,0.00014953812751581258,0.05428210919281964
261,2,0.00015180823942528404,0.00015180823109320462,nan
261,3,0.0001518082310932047,0.00015180823942528385,nan
261,4,0.00015180823942528393,0.0001518082394252841,nan
262,1,0.00014953812581415952,0.00014953811772941005,nan
262,2,0.00014953812581415974,0.00014953811772940986,0.07245890159158058
262,3,0.00015180822933959597,0.00015180823767146434,nan
262,4,0.00015180822933959597,0.0001518082376714646,nan
263,1,0.0001495381160278327,0.00014953811602783288,nan
263,2,0.0001495381241123781,0.0001495381160278327,nan
263,3,0.0001495381160278328,0.00014953812411237793,0.005698797426167051
263,4,0.0001518082275858545,0.0001518082275858547,nan
264,1,0.00014953811432622902,0.0001495381143262292,nan
264,2,0.00014953811432622923,0.00014953811432622902,nan
264,3,0.00014953811432622912,0.00014953811432622907,nan
264,4,0.00014953811432622915,0.00014953811432622931,0.023907974433196002
265,1,0.00014733489453982887,0.00014733489453982906,0.0548100040898253
265,2,0.00014953811267474513,0.00014953810482862243,nan
265,3,0.00014953810482862254,0.00014953811267474497,nan
265,4,0.00014953811267474505,0.00014953811267474522,nan
266,1,0.00014733489293672342,0.00014733488532009943,nan
266,2,0.0001473348929367236,0.00014733488532009924,0.06792591334564607
266,3,0.00014953810317730606,0.00014953811102323588,nan
266,4,0.00014953810317730609,0.00014953811102323613,nan
267,1,0.000147334883717063,0.0001473348837170632,nan
267,2,0.0001473348913335004,0.000147334883717063,nan
267,3,0.0001473348837170631,0.00014733489133350022,0.007283833616247508
267,4,0.0001495381015258683,0.00014953810152586847,nan
268,1,0.00014733488211400253,0.00014733488211400272,nan
268,2,0.00014733488211400272,0.00014733488211400253,nan
268,3,0.0001473348821140026,0.00014733488211400253,nan
268,4,0.00014733488211400263,0.0001473348821140028,0.020425839725820523
269,1,0.00014519564236071728,0.00014519564236071747,0.05519808923784372
269,2,0.000147334880557474,0.00014733487316239023,nan
269,3,0.00014733487316239031,0.0001473348805574738,nan
269,4,0.0001473348805574739,0.00014733488055747407,nan
270,1,0.00014519564084912738,0.00014519563366723176,nan
270,2,0.00014519564084912754,0.00014519563366723157,0.06420810638053444
270,3,0.00014733487160601498,0.0001473348790009222,nan
270,4,0.000147334871606015,0.00014733487900092247,nan
271,1,0.00014519563215570504,0.00014519563215570523,nan
271,2,0.00014519563933742985,0.00014519563215570504,nan
271,3,0.00014519563215570512,0.00014519563933742966,0.008704300992474642
271,4,0.00014733487004952868,0.00014733487004952884,nan
272,1,0.0001451956306441563,0.00014519563064415648,nan
272,2,0.0001451956306441565,0.0001451956306441563,nan
272,3,0.00014519563064415637,0.00014519563064415632,nan
272,4,0.0001451956306441564,0.00014519563064415656,0.01773750071028627
273,1,0.00014311762389184086,0.00014311762389184105,0.05578293559051712
273,2,0.00014519562917585558,0.0001451956221998609,nan
273,3,0.00014519562219986098,0.00014519562917585539,nan
273,4,0.00014519562917585547,0.00014519562917585563,nan
274,1,0.0001431176224653283,0.00014311761568758268,nan
274,2,0.00014311762246532853,0.00014311761568758255,0.06058814380232988
274,3,0.00014519562073170059,0.0001451956277075335,nan
274,4,0.0001451956207317006,0.00014519562770753375,nan
275,1,0.00014311761426112805,0.00014311761426112821,nan
275,2,0.00014311762103871715,0.00014311761426112808,nan
275,3,0.00014311761426112813,0.00014311762103871693,0.01033194443904702
275,4,0.00014519561926343852,0.0001451956192634387,nan
276,1,0.0001431176128346532,0.00014311761283465336,nan
276,2,0.00014311761283465345,0.00014311761283465323,nan
276,3,0.00014311761283465328,0.00014311761283465323,nan
276,4,0.00014311761283465334,0.00014311761283465353,0.015158564577621216
277,1,0.00014109824709411902,0.00014109824709411918,0.05553998574942866
277,2,0.00014311761144841667,0.0001431176048622391,nan
277,3,0.00014311760486223916,0.00014311761144841645,nan
277,4,0.00014311761144841656,0.00014311761144841675,nan
278,1,0.0001410982457467815,0.00014109823934515273,nan
278,2,0.00014109824574678177,0.0001410982393451526,0.05836779082729508
278,3,0.00014311760347613132,0.00014311761006216044,nan
278,4,0.00014311760347613138,0.00014311761006216073,nan
279,1,0.00014109823799786836,0.00014109823799786852,nan
279,2,0.00014109824439935355,0.00014109823799786838,nan
279,3,0.00014109823799786847,0.00014109824439935333,0.011056388635849568
279,4,0.00014311760208993022,0.0001431176020899304,nan
280,1,0.00014109823665056547,0.00014109823665056564,nan
280,2,0.00014109823665056574,0.0001410982366505655,nan
280,3,0.00014109823665056558,0.00014109823665056553,nan
280,4,0.00014109823665056564,0.00014109823665056583,0.013910217285023582
281,1,0.00013913506418941586,0.000139135064189416,0.05669324242183004
281,2,0.00014109823534073907,0.00014109822911752615,nan
281,3,0.00014109822911752623,0.00014109823534073885,nan
281,4,0.00014109823534073896,0.00014109823534073915,nan
282,1,0.00013913506291583574,0.00013913505686459195,nan
282,2,0.000139135062915836,0.0001391350568645918,0.054673027131529495
282,3,0.000141098227807818,0.0001410982340308945,nan
282,4,0.00014109822780781806,0.0001410982340308948,nan
283,1,0.00013913505559106067,0.00013913505559106084,nan
283,2,0.00013913506164217257,0.0001391350555910607,nan
283,3,0.00013913505559106078,0.00013913506164217235,0.013288158823456546
283,4,0.0001410982264980241,0.00014109822649802428,nan
284,1,0.0001391350543175124,0.00013913505431751257,nan
284,2,0.00013913505431751267,0.00013913505431751243,nan
284,3,0.0001391350543175125,0.00013913505431751246,nan
284,4,0.00013913505431751257,0.00013913505431751273,0.011291938632878336
285,1,0.00013722576176208227,0.00013722576176208244,0.05833643924243118
285,2,0.00013913505307890312,0.0001391350471939919,nan
285,3,0.000139135047193992,0.0001391350530789029,nan
285,4,0.000139135053078903,0.00013913505307890317,nan
286,1,0.00013722576055728077,0.00013722575483277402,nan
286,2,0.00013722576055728101,0.0001372257548327739,0.05102294858958746
286,3,0.00013913504595549137,0.0001391350518402771,nan
286,4,0.0001391350459554914,0.00013913505184027738,nan
287,1,0.00013722575362801746,0.0001372257536280176,nan
287,2,0.00013722575935240283,0.00013722575362801748,nan
287,3,0.00013722575362801756,0.00013722575935240264,0.01603105344819092
287,4,0.00013913504471691195,0.00013913504471691211,nan
288,1,0.00013722575242324523,0.00013722575242324536,nan
288,2,0.00013722575242324547,0.00013722575242324525,nan
288,3,0.00013722575242324533,0.00013722575242324528,nan
288,4,0.00013722575242324536,0.00013722575242324552,0.008739472827123305
289,1,0.00013536815166448828,0.00013536815166448842,0.059223514212789236
289,2,0.0001372257512510779,0.0001372257456817893,nan
289,3,0.0001372257456817894,0.00013722575125107772,nan
289,4,0.0001372257512510778,0.00013722575125107796,nan
290,1,0.00013536815052388448,0.00013536814510435653,nan
290,2,0.00013536815052388467,0.00013536814510435637,0.048423780773653835
290,3,0.00013722574450972212,0.0001372257500788952,nan
290,4,0.00013722574450972214,0.00013722575007889544,nan
291,1,0.00013536814396379411,0.00013536814396379422,nan
291,2,0.00013536814938321025,0.00013536814396379406,nan
291,3,0.00013536814396379417,0.00013536814938321003,0.017953653825676538
291,4,0.0001372257433375823,0.00013722574333758245,nan
292,1,0.00013536814282321728,0.0001353681428232174,nan
292,2,0.0001353681428232175,0.00013536814282321722,nan
292,3,0.00013536814282321733,0.00013536814282321728,nan
292,4,0.00013536814282321736,0.0001353681428232175,0.007178418324781836
293,1,0.00013356016265137567,0.00013356016265137578,0.060659772566007186
293,2,0.0001353681417130959,0.00013536813643855102,nan
293,3,0.00013536813643855113,0.00013536814171309568,nan
293,4,0.00013536814171309576,0.0001353681417130959,nan
294,1,0.00013356016157074996,0.00013356015643615837,nan
294,2,0.00013356016157075018,0.00013356015643615823,0.045731151411371
294,3,0.00013536813532852198,0.0001353681406029603,nan
294,4,0.00013536813532852198,0.0001353681406029605,nan
295,1,0.00013356015535557082,0.00013356015535557093,nan
295,2,0.00013356016049005933,0.0001335601553555708,nan
295,3,0.0001335601553555709,0.0001335601604900591,0.020450275282076245
295,4,0.00013536813421842592,0.00013536813421842606,nan
296,1,0.00013356015427496998,0.0001335601542749701,nan
296,2,0.00013356015427497017,0.00013356015427496996,nan
296,3,0.00013356015427497007,0.00013356015427496996,nan
296,4,0.00013356015427497004,0.00013356015427497017,0.0055482141553361425
297,1,0.00013179983267578785,0.00013179983267578796,0.06180124585741472
297,2,0.00013356015322284296,0.00013356014822379876,nan
297,3,0.00013356014822379886,0.00013356015322284274,nan
297,4,0.00013356015322284282,0.00013356015322284296,nan
298,1,0.0001317998316512491,0.00013179982678311147,nan
298,2,0.0001317998316512493,0.00013179982678311134,0.04349740127752811
298,3,0.00013356014717175695,0.0001335601521707028,nan
298,4,0.00013356014717175692,0.00013356015217070303,nan
299,1,0.00013179982575860794,0.00013179982575860805,nan
299,2,0.00013179983062665043,0.0001317998257586079,nan
299,3,0.00013179982575860805,0.00013179983062665027,0.022624907842794265
299,4,0.00013356014611965328,0.00013356014611965342,nan
300,1,0.00013179982473409215,0.00013179982473409226,nan
300,2,0.00013179982473409234,0.00013179982473409213,nan
300,3,0.00013179982473409226,0.00013179982473409218,nan
300,4,0.00013179982473409223,0.00013179982473409237,0.0043518197142646
301,1,0.00013008530178633098,0.00013008530178633109,0.06492113922226103
301,2,0.0001317998237362213,0.00013179981899492273,nan
301,3,0.00013179981899492287,0.00013179982373622115,nan
301,4,0.0001317998237362212,0.00013179982373622134,nan
302,1,0.00013008530081428716,0.00013008529619554118,nan
302,2,0.00013008530081428732,0.00013008529619554105,0.04071009050284593
302,3,0.00013179981799713063,0.00013179982273833838,nan
302,4,0.00013179981799713058,0.00013179982273833857,nan
303,1,0.0001300852952235299,0.00013008529522353,nan
303,2,0.00013008529984218794,0.00013008529522352987,nan
303,3,0.00013008529522352997,0.00013008529984218778,0.02687433509233551
303,4,0.00013179981699928131,0.00013179981699928148,nan
304,1,0.00013008529425150727,0.00013008529425150738,nan
304,2,0.00013008529425150744,0.00013008529425150725,nan
304,3,0.00013008529425150735,0.00013008529425150727,nan
304,4,0.0001300852942515073,0.00013008529425150746,0.0026948008693224975
305,1,0.00012841480557171088,0.000128414805571711,0.06474146495705556
305,2,0.00013008529330443987,0.00013008528880448746,nan
305,3,0.00013008528880448757,0.0001300852933044397,nan
305,4,0.00013008529330443974,0.0001300852933044399,nan
306,1,0.0001284148046488424,0.00012841480026372037,nan
306,2,0.00012841480464884257,0.0001284148002637202,0.03942955164613457
306,3,0.00013008528785749286,0.00013008529235736127,nan
306,4,0.0001300852878574928,0.00013008529235736146,nan
307,1,0.00012841479934088199,0.00012841479934088212,nan
307,2,0.00012841480372592274,0.00012841479934088196,nan
307,3,0.0001284147993408821,0.0001284148037259226,0.02764125841253068
307,4,0.00013008528691044535,0.00013008528691044554,nan
308,1,0.00012841479841803314,0.00012841479841803327,nan
308,2,0.00012841479841803333,0.0001284147984180331,nan
308,3,0.00012841479841803325,0.0001284147984180332,nan
308,4,0.00012841479841803317,0.00012841479841803336,0.002368927063365666
309,1,0.00012678666910397233,0.00012678666910397247,0.06641032502805785
309,2,0.00012841479751857682,0.00012841479324480747,nan
309,3,0.0001284147932448076,0.00012841479751857669,nan
309,4,0.00012841479751857666,0.00012841479751857685,nan
310,1,0.00012678666822720847,0.00012678666406112387,nan
310,2,0.0001267866682272087,0.00012678666406112373,0.03767426069439086
310,3,0.00012841479234541853,0.00012841479661911012,nan
310,4,0.00012841479234541845,0.00012841479661911028,nan
311,1,0.00012678666318438785,0.00012678666318438798,nan
311,2,0.00012678666735039726,0.00012678666318438785,nan
311,3,0.000126786663184388,0.00012678666735039715,0.03034287819107118
311,4,0.00012841479144598056,0.00012841479144598078,nan
312,1,0.00012678666230764218,0.0001267866623076423,nan
312,2,0.0001267866623076424,0.00012678666230764218,nan
312,3,0.00012678666230764234,0.00012678666230764228,nan
312,4,0.00012678666230764223,0.00012678666230764245,0.0016512473919184653
313,1,0.00012519930133673412,0.00012519930133673426,0.06766622261183569
313,2,0.00012678666145284228,0.00012678665739122188,nan
313,3,0.00012678665739122204,0.00012678666145284217,nan
313,4,0.0001267866614528421,0.00012678666145284233,nan
314,1,0.0001251993005032314,0.0001251992965426771,nan
314,2,0.00012519930050323158,0.00012519929654267693,0.03621118804430649
314,3,0.0001267866565364844,0.00012678666059803273,nan
314,4,0.00012678665653648432,0.0001267866605980329,nan
315,1,0.00012519929570920015,0.00012519929570920026,nan
315,2,0.00012519929966968473,0.0001251992957092001,nan
315,3,0.00012519929570920028,0.00012519929966968465,0.0326019703240215
315,4,0.00012678665568170147,0.00012678665568170166,nan
316,1,0.00012519929487571422,0.00012519929487571433,nan
316,2,0.0001251992948757144,0.00012519929487571417,nan
316,3,0.00012519929487571436,0.0001251992948757143,nan
316,4,0.00012519929487571428,0.00012519929487571447,0.0011981346343485667
317,1,0.00012365118991903464,0.00012365118991903475,0.07051683191000038
317,2,0.00012519929406283332,0.00012519929020035988,nan
317,3,0.00012519929020036007,0.00012519929406283324,nan
317,4,0.0001251992940628332,0.0001251992940628334,nan
318,1,0.00012365118912615735,0.00012365118535861356,nan
318,2,0.00012365118912615748,0.00012365118535861337,0.0346677150619809
318,3,0.00012519928938753696,0.00012519929324994353,nan
318,4,0.00012519928938753687,0.0001251992932499437,nan
319,1,0.0001236511845657602,0.0001236511845657603,nan
319,2,0.00012365118833323926,0.00012365118456576012,nan
319,3,0.0001236511845657603,0.00012365118833323918,0.03651842193709774
319,4,0.00012519928857467183,0.000125199288574672,nan
320,1,0.00012365118377289855,0.00012365118377289866,nan
320,2,0.00012365118377289863,0.00012365118377289847,nan
320,3,0.00012365118377289866,0.00012365118377289855,nan
320,4,0.00012365118377289855,0.0001236511837728987,0.0007252500511291161
321,1,0.00012214089638925362,0.00012214089638925372,0.06788399695395508
321,2,0.00012365118299939823,0.00012365117932401436,nan
321,3,0.00012365117932401455,0.00012365118299939815,nan
321,4,0.00012365118299939815,0.0001236511829993983,nan
322,1,0.0001221408956345565,0.00012214089204840755,nan
322,2,0.0001221408956345566,0.00012214089204840738,0.03271321103263223
322,3,0.00012365117855056793,0.0001236511822258897,nan
322,4,0.00012365117855056782,0.00012365118222588985,nan
323,1,0.00012214089129373266,0.00012214089129373277,nan
323,2,0.00012214089487982152,0.0001221408912937326,nan
323,3,0.00012214089129373277,0.00012214089487982141,0.038239336756771304
323,4,0.00012365117777708227,0.0001236511777770824,nan
324,1,0.00012214089053905007,0.00012214089053905018,nan
324,2,0.00012214089053905016,0.00012214089053905002,nan
324,3,0.00012214089053905018,0.00012214089053905005,nan
324,4,0.00012214089053905007,0.0001221408905390502,0.003154274100051489
325,1,0.0001206670517170049,0.000120667051717005,0.06116378779583952
325,2,0.0001221408898025742,0.00012214088630308802,nan
325,3,0.00012214088630308818,0.0001221408898025741,nan
325,4,0.00012214088980257412,0.00012214088980257425,nan
326,1,0.00012066705099821722,0.00012066704758267627,nan
326,2,0.00012066705099821732,0.00012066704758267612,0.0318992249353412
326,3,0.0001221408855666622,0.00012214088906609068,nan
326,4,0.0001221408855666621,0.00012214088906609084,nan
327,1,0.00012066704686390924,0.00012066704686390936,nan
327,2,0.00012066705027939434,0.00012066704686390921,nan
327,3,0.00012066704686390935,0.00012066705027939423,0.042879786675913
327,4,0.00012214088483019993,0.00012214088483020007,nan
328,1,0.00012066704614513504,0.00012066704614513516,nan
328,2,0.00012066704614513513,0.00012066704614513501,nan
328,3,0.00012066704614513515,0.00012066704614513502,nan
328,4,0.00012066704614513504,0.00012066704614513517,0.013784382211008533
329,1,0.00011922835216395749,0.00011922835216395761,0.06893654380669247
329,2,0.00012066704544349462,0.0001206670421095081,nan
329,3,0.00012066704210950824,0.00012066704544349451,nan
329,4,0.00012066704544349452,0.00012066704544349466,nan
330,1,0.00011922835147896864,0.00011922834822400957,nan
330,2,0.00011922835147896875,0.00011922834822400943,0.029784672738715476
330,3,0.00012066704140791421,0.00012066704474184706,nan
330,4,0.00012066704140791409,0.0001206670447418472,nan
331,1,0.0001192283475390399,0.00011922834753904002,nan
331,2,0.00011922835079394705,0.00011922834753903988,nan
331,3,0.00011922834753904002,0.00011922835079394694,0.04171969614474534
331,4,0.0001206670407062864,0.00012066704070628654,nan
332,1,0.00011922834685406358,0.0001192283468540637,nan
332,2,0.00011922834685406369,0.00011922834685406357,nan
332,3,0.0001192283468540637,0.00011922834685406358,nan
332,4,0.00011922834685406358,0.00011922834685406372,0.0026579813848009756
333,1,0.0001178235554372801,0.00011782355543728022,0.06868773782970426
333,2,0.00011922834618522308,0.00011922834300706718,nan
333,3,0.00011922834300706732,0.00011922834618522298,nan
333,4,0.00011922834618522298,0.00011922834618522311,nan
334,1,0.00011782355478412661,0.00011782355168042206,nan
334,2,0.00011782355478412669,0.00011782355168042193,0.027901197198586095
334,3,0.00011922834233826999,0.00011922834551637592,nan
334,4,0.00011922834233826986,0.00011922834551637605,nan
335,1,0.00011782355102728644,0.00011782355102728654,nan
335,2,0.00011782355413094262,0.00011782355102728641,nan
335,3,0.00011782355102728653,0.00011782355413094251,0.04425880622790361
335,4,0.00011922834166944121,0.00011922834166944133,nan
336,1,0.0001178235503741446,0.00011782355037414471,nan
336,2,0.00011782355037414468,0.00011782355037414457,nan
336,3,0.0001178235503741447,0.00011782355037414457,nan
336,4,0.00011782355037414459,0.00011782355037414471,0.003568086615598462
337,1,0.0001164514771118549,0.000116451477111855,0.07399723224309872
337,2,0.00011782354973620954,0.00011782354670488527,nan
337,3,0.0001178235467048854,0.00011782354973620944,nan
337,4,0.00011782354973620945,0.00011782354973620957,nan
338,1,0.00011645147648870857,0.00011645147352757387,nan
338,2,0.00011645147648870866,0.00011645147352757375,0.028480532544340072
338,3,0.00011782354606699056,0.00011782354909826828,nan
338,4,0.00011782354606699044,0.00011782354909826841,nan
339,1,0.00011645147290444419,0.0001164514729044443,nan
339,2,0.00011645147586553385,0.00011645147290444417,nan
339,3,0.0001164514729044443,0.00011645147586553373,0.047388874432864464
339,4,0.00011782354542906643,0.00011782354542906655,nan
340,1,0.00011645147228130875,0.00011645147228130886,nan
340,2,0.00011645147228130884,0.00011645147228130873,nan
340,3,0.00011645147228130886,0.00011645147228130872,nan
340,4,0.00011645147228130872,0.00011645147228130883,0.0019499826388501074
341,1,0.000115110987299603,0.0001151109872996031,0.07298165826428471
341,2,0.00011645147167251451,0.00011645146877963932,nan
341,3,0.00011645146877963944,0.00011645147167251439,nan
341,4,0.00011645147167251439,0.0001164514716725145,nan
342,1,0.00011511098670476022,0.00011511098387810227,nan
342,2,0.00011511098670476031,0.00011511098387810215,0.02525216302437977
342,3,0.00011645146817088269,0.00011645147106371444,nan
342,4,0.00011645146817088255,0.00011645147106371455,nan
343,1,0.000115110983283275,0.00011511098328327512,nan
343,2,0.00011511098610989097,0.000115110983283275,nan
343,3,0.00011511098328327512,0.00011511098610989083,0.05423614815551781
343,4,0.0001164514675620986,0.0001164514675620987,nan
344,1,0.00011511098268844235,0.00011511098268844247,nan
344,2,0.00011511098268844246,0.00011511098268844235,nan
344,3,0.00011511098268844247,0.00011511098268844233,nan
344,4,0.00011511098268844235,0.00011511098268844243,0.00660955919872868
345,1,0.00011380100754623621,0.00011380100754623633,0.06794396080011267
345,2,0.00011511098210714383,0.00011511097934490297,nan
345,3,0.0001151109793449031,0.0001151109821071437,nan
345,4,0.00011511098210714373,0.0001151109821071438,nan
346,1,0.00011380100697810812,0.00011380100427837891,nan
346,2,0.00011380100697810821,0.00011380100427837878,0.023128477611951886
346,3,0.00011511097876363953,0.00011511098152583984,nan
346,4,0.0001151109787636394,0.00011511098152583995,nan
347,1,0.00011380100371026527,0.00011380100371026539,nan
347,2,0.00011380100640995532,0.00011380100371026525,nan
347,3,0.00011380100371026539,0.0001138010064099552,0.06169409430946282
347,4,0.00011511097818235046,0.00011511097818235054,nan
348,1,0.00011380100314214663,0.00011380100314214676,nan
348,2,0.00011380100314214674,0.00011380100314214662,nan
348,3,0.00011380100314214676,0.00011380100314214662,nan
348,4,0.00011380100314214663,0.00011380100314214672,0.017033781781825557
349,1,0.00011252050793752121,0.00011252050793752134,0.06859379514276004
349,2,0.0001138010025868089,0.000113800999947911,nan
349,3,0.00011380099994791114,0.00011380100258680878,nan
349,4,0.0001138010025868088,0.00011380100258680888,nan
350,1,0.00011252050739462478,0.00011252050481477902,nan
350,2,0.00011252050739462488,0.00011252050481477889,0.023604449965129563
350,3,0.00011380099939260604,0.00011380100203146606,nan
350,4,0.00011380099939260592,0.00011380100203146616,nan
351,1,0.00011252050427189609,0.0001125205042718962,nan
351,2,0.00011252050685170527,0.00011252050427189606,nan
351,3,0.0001125205042718962,0.00011252050685170515,0.06766373338221036
351,4,0.00011380099883727712,0.0001138009988372772,nan
352,1,0.00011252050372900848,0.00011252050372900859,nan
352,2,0.00011252050372900859,0.00011252050372900846,nan
352,3,0.00011252050372900859,0.00011252050372900847,nan
352,4,0.00011252050372900847,0.00011252050372900854,0.02284391052877948
353,1,0.00011126850439873722,0.00011126850439873733,0.07189175245653016
353,2,0.00011252050319819832,0.00011252050067583497,nan
353,3,0.0001125205006758351,0.0001125205031981982,nan
353,4,0.0001125205031981982,0.00011252050319819827,nan
354,1,0.00011126850387968713,0.00011126850141314364,nan
354,2,0.00011126850387968723,0.00011126850141314351,0.021132235408218923
354,3,0.00011252050014505543,0.00011252050266738336,nan
354,4,0.00011252050014505531,0.00011252050266738343,nan
355,1,0.00011126850089410617,0.00011126850089410627,nan
355,2,0.00011126850336061548,0.00011126850089410615,nan
355,3,0.00011126850089410628,0.00011126850336061536,0.06092033280350937
355,4,0.00011252049961425349,0.00011252049961425355,nan
356,1,0.00011126850037506435,0.00011126850037506444,nan
356,2,0.00011126850037506444,0.00011126850037506432,nan
356,3,0.00011126850037506445,0.00011126850037506432,nan
356,4,0.00011126850037506432,0.00011126850037506437,0.010235546889878974
357,1,0.00011004405617244515,0.00011004405617244524,0.06980870350643575
357,2,0.00011126849986744242,0.0001112684974552513,nan
357,3,0.00011126849745525144,0.0001112684998674423,nan
357,4,0.0001112684998674423,0.00011126849986744235,nan
358,1,0.00011004405567594635,0.00011004405331655278,nan
358,2,0.00011004405567594643,0.00011004405331655266,0.019856146111376462
358,3,0.00011126849694765804,0.00011126849935981601,nan
358,4,0.00011126849694765789,0.00011126849935981606,nan
359,1,0.00011004405282006579,0.0001100440528200659,nan
359,2,0.00011004405517942737,0.00011004405282006578,nan
359,3,0.00011004405282006591,0.00011004405517942725,0.06073050504796097
359,4,0.00011126849644004377,0.00011126849644004382,nan
360,1,0.00011004405232357472,0.00011004405232357483,nan
360,2,0.0001100440523235748,0.0001100440523235747,nan
360,3,0.00011004405232357484,0.00011004405232357468,nan
360,4,0.00011004405232357468,0.00011004405232357473,0.010851236778042277
361,1,0.00010884626346098145,0.00010884626346098154,0.06845391038668559
361,2,0.00011004405183788853,0.0001100440495299196,nan
361,3,0.00011004404952991974,0.00011004405183788841,nan
361,4,0.00011004405183788841,0.00011004405183788847,nan
362,1,0.0001088462629858224,0.00010884626072782298,nan
362,2,0.00010884626298582247,0.00010884626072782286,0.019638359566688024
362,3,0.00011004404904426025,0.00011004405135219815,nan
362,4,0.00011004404904426009,0.0001100440513521982,nan
363,1,0.00010884626025267498,0.00010884626025267508,nan
363,2,0.00010884626251064446,0.00010884626025267496,nan
363,3,0.00010884626025267508,0.00010884626251064432,0.05951348751964874
363,4,0.0001100440485585812,0.00011004404855858127,nan
364,1,0.00010884625977752316,0.00010884625977752326,nan
364,2,0.00010884625977752323,0.00010884625977752314,nan
364,3,0.00010884625977752326,0.0001088462597775231,nan
364,4,0.0001088462597775231,0.00010884625977752316,0.010764851086346871
365,1,0.00010767426522126128,0.00010767426522126137,0.07198097039683665
365,2,0.00010884625931260052,0.00010884625710328522,nan
365,3,0.00010884625710328534,0.00010884625931260039,nan
365,4,0.00010884625931260039,0.00010884625931260045,nan
366,1,0.0001076742647663077,0.00010767426260431371,nan
366,2,0.00010767426476630778,0.0001076742626043136,0.02327872147434034
366,3,0.00010884625663838771,0.00010884625884767392,nan
366,4,0.00010884625663838754,0.00010884625884767399,nan
367,1,0.00010767426214937049,0.00010767426214937057,nan
367,2,0.00010767426431133642,0.00010767426214937046,nan
367,3,0.00010767426214937058,0.00010767426431133627,0.05235094480191553
367,4,0.00010884625617347175,0.00010884625617347182,nan
368,1,0.00010767426169442369,0.00010767426169442377,nan
368,2,0.00010767426169442374,0.00010767426169442366,nan
368,3,0.00010767426169442378,0.00010767426169442359,nan
368,4,0.0001076742616944236,0.00010767426169442367,0.0036737012949127233
369,1,0.00010652723710053261,0.0001065272371005327,0.070430260652209
369,2,0.00010767426124916676,0.00010767425913328978,nan
369,3,0.0001076742591332899,0.00010767426124916661,nan
369,4,0.00010767426124916663,0.0001076742612491667,nan
370,1,0.00010652723666472181,0.00010652723459368458,nan
370,2,0.00010652723666472186,0.00010652723459368446,0.022754612524080606
370,3,0.00010767425868805644,0.00010767426080390613,nan
370,4,0.00010767425868805626,0.00010767426080390621,nan
371,1,0.00010652723415788349,0.00010652723415788357,nan
371,2,0.00010652723622889439,0.00010652723415788345,nan
371,3,0.00010652723415788359,0.00010652723622889427,0.05143609831636421
371,4,0.00010767425824280577,0.00010767425824280584,nan
372,1,0.00010652723372207904,0.00010652723372207912,nan
372,2,0.00010652723372207908,0.000106527233722079,nan
372,3,0.00010652723372207913,0.00010652723372207895,nan
372,4,0.00010652723372207897,0.00010652723372207902,0.0037836102791893654
373,1,0.00010540438950268147,0.00010540438950268156,0.07320111259132392
373,2,0.00010652723329545894,0.00010652723126813235,nan
373,3,0.00010652723126813248,0.00010652723329545882,nan
373,4,0.00010652723329545883,0.00010652723329545888,nan
374,1,0.00010540438908501713,0.00010540438710020329,nan
374,2,0.00010540438908501718,0.00010540438710020317,0.026932626603969882
374,3,0.0001065272308415344,0.00010652723286883539,nan
374,4,0.00010652723084153423,0.00010652723286883545,nan
375,1,0.00010540438668254805,0.00010540438668254812,nan
375,2,0.0001054043886673372,0.000105404386682548,nan
375,3,0.00010540438668254815,0.00010540438866733708,0.04789867590253618
375,4,0.00010652723041492018,0.00010652723041492024,nan
376,1,0.00010540438626488967,0.00010540438626488974,nan
376,2,0.0001054043862648897,0.00010540438626488962,nan
376,3,0.00010540438626488977,0.00010540438626488958,nan
376,4,0.00010540438626488959,0.00010540438626488964,0.0016444122573242355
377,1,0.00010430496577555622,0.00010430496577555628,0.07573404483932607
377,2,0.00010540438585594142,0.00010540438391258095,nan
377,3,0.0001054043839125811,0.0001054043858559413,nan
377,4,0.00010540438585594131,0.00010540438585594136,nan
378,1,0.0001043049653751036,0.00010430496347207226,nan
378,2,0.00010430496537510362,0.00010430496347207215,0.03163154942853337
378,3,0.00010540438350365353,0.00010540438544698993,nan
378,4,0.00010540438350365334,0.00010540438544699,nan
379,1,0.00010430496307162819,0.00010430496307162826,nan
379,2,0.00010430496497463634,0.00010430496307162815,nan
379,3,0.0001043049630716283,0.0001043049649746362,0.046651798336205474
379,4,0.00010540438309471078,0.00010540438309471083,nan
380,1,0.00010430496267118116,0.00010430496267118122,nan
380,2,0.00010430496267118121,0.00010430496267118112,nan
380,3,0.00010430496267118126,0.00010430496267118108,nan
380,4,0.00010430496267118108,0.00010430496267118113,0.002571813069902313
381,1,0.0001032282405105654,0.00010322824051056546,0.07302464497693842
381,2,0.00010430496227899917,0.00010430496041530239,nan
381,3,0.00010430496041530254,0.00010430496227899903,nan
381,4,0.00010430496227899903,0.00010430496227899909,nan
382,1,0.00010322824012644695,0.00010322823830102896,nan
382,2,0.00010322824012644699,0.00010322823830102885,0.028810895400106548
382,3,0.00010430496002313995,0.00010430496188681409,nan
382,4,0.00010430496002313974,0.00010430496188681415,nan
383,1,0.00010322823791691854,0.00010322823791691861,nan
383,2,0.00010322823974231475,0.0001032282379169185,nan
383,3,0.00010322823791691865,0.00010322823974231462,0.045760092091496125
383,4,0.00010430495963096307,0.00010430495963096312,nan
384,1,0.00010322823753280534,0.0001032282375328054,nan
384,2,0.00010322823753280538,0.0001032282375328053,nan
384,3,0.00010322823753280545,0.00010322823753280524,nan
384,4,0.00010322823753280523,0.00010322823753280528,0.0015593669493923394
385,1,0.00010217351794651963,0.0001021735179465197,0.07298807773881086
385,2,0.00010322823715653907,0.00010322823536846546,nan
385,3,0.00010322823536846561,0.00010322823715653894,nan
385,4,0.00010322823715653892,0.00010322823715653898,nan
386,1,0.00010217351757791095,0.00010217351582618958,nan
386,2,0.00010217351757791098,0.00010217351582618946,0.02951552895003705
386,3,0.00010322823499221757,0.0001032282367802699,nan
386,4,0.00010322823499221736,0.00010322823678026995,nan
387,1,0.00010217351545758844,0.0001021735154575885,nan
387,2,0.00010217351720928934,0.00010217351545758838,nan
387,3,0.00010217351545758854,0.00010217351720928922,0.04489186321604224
387,4,0.00010322823461595609,0.00010322823461595615,nan
388,1,0.0001021735150889847,0.00010217351508898477,nan
388,2,0.00010217351508898472,0.00010217351508898465,nan
388,3,0.00010217351508898481,0.0001021735150889846,nan
388,4,0.00010217351508898458,0.00010217351508898463,0.001430331977758045
389,1,0.0001011401304703365,0.00010114013047033657,0.07361270857531421
389,2,0.0001021735147278349,0.00010217351301158735,nan
389,3,0.00010217351301158751,0.00010217351472783478,nan
389,4,0.00010217351472783476,0.00010217351472783482,nan
390,1,0.00010114013011646263,0.00010114012843475595,nan
390,2,0.00010114013011646263,0.00010114012843475583,0.030865665613032518
390,3,0.00010217351265045488,0.0001021735143666824,nan
390,4,0.00010217351265045465,0.00010217351436668244,nan
391,1,0.00010114012808088918,0.00010114012808088923,nan
391,2,0.00010114012976257658,0.00010114012808088911,nan
391,3,0.00010114012808088929,0.00010114012976257647,0.044051978954452016
391,4,0.00010217351228930958,0.00010217351228930963,nan
392,1,0.00010114012772701994,0.00010114012772702,nan
392,2,0.00010114012772701996,0.00010114012772701988,nan
392,3,0.00010114012772702005,0.00010114012772701985,nan
392,4,0.00010114012772701984,0.00010114012772701989,0.0013131519093338778
393,1,0.00010012743720781966,0.00010012743720781971,0.07371530006137214
393,2,0.00010114012738023506,0.00010114012573224296,nan
393,3,0.00010114012573224314,0.00010114012738023495,nan
393,4,0.00010114012738023494,0.00010114012738023499,nan
394,1,0.00010012743686795162,0.00010012743525279629,nan
394,2,0.00010012743686795163,0.00010012743525279615,0.031663767962733666
394,3,0.00010114012538547441,0.00010114012703344764,nan
394,4,0.00010114012538547419,0.00010114012703344768,nan
395,1,0.00010012743491293493,0.00010012743491293498,nan
395,2,0.00010012743652807212,0.00010012743491293485,nan
395,3,0.00010012743491293504,0.00010012743652807202,0.04329723158179885
395,4,0.00010114012503869375,0.0001011401250386938,nan
396,1,0.00010012743457307127,0.00010012743457307132,nan
396,2,0.00010012743457307128,0.00010012743457307118,nan
396,3,0.00010012743457307137,0.00010012743457307117,nan
396,4,0.00010012743457307116,0.00010012743457307121,0.0012493711727225452
397,1,9.91348226982611e-05,9.913482269826115e-05,0.07659237024404866
397,2,0.00010012743423994413,0.00010012743265684779,nan
397,3,0.00010012743265684798,0.00010012743423994402,nan
397,4,0.00010012743423994401,0.00010012743423994406,nan
398,1,9.913482237171278e-05,9.913482081984901e-05,nan
398,2,9.913482237171278e-05,9.913482081984886e-05,0.03524141288790414
398,3,0.00010012743232373605,0.0001001274339068146,nan
398,4,0.00010012743232373584,0.00010012743390681464,nan
399,1,9.913482049330698e-05,9.913482049330705e-05,nan
399,2,9.913482204515367e-05,9.91348204933069e-05,nan
399,3,9.913482049330709e-05,9.913482204515358e-05,0.04268489979889487
399,4,0.00010012743199061289,0.00010012743199061294,nan
400,1,9.913482016676278e-05,9.913482016676285e-05,nan
400,2,9.91348201667628e-05,9.91348201667627e-05,nan
400,3,9.913482016676289e-05,9.91348201667627e-05,nan
400,4,9.913482016676269e-05,9.913482016676274e-05,0.0013324409775144282
401,1,9.816169564710686e-05,9.816169564710693e-05,0.07899839001090378
401,2,9.913481984662759e-05,9.913481832526384e-05,nan
401,3,9.913481832526403e-05,9.913481984662749e-05,nan
401,4,9.913481984662748e-05,9.913481984662753e-05,nan
402,1,9.816169533323211e-05,9.816169384158985e-05,nan
402,2,9.816169533323212e-05,9.81616938415897e-05,0.038313773053559826
402,3,9.913481800514316e-05,9.913481952649014e-05,nan
402,4,9.913481800514295e-05,9.913481952649018e-05,nan
403,1,9.816169352772101e-05,9.816169352772108e-05,nan
403,2,9.81616950193472e-05,9.816169352772093e-05,nan
403,3,9.816169352772112e-05,9.816169501934709e-05,0.04228078407799222
403,4,9.91348176850117e-05,9.913481768501176e-05,nan
404,1,9.816169321385012e-05,9.816169321385018e-05,nan
404,2,9.816169321385014e-05,9.816169321385004e-05,nan
404,3,9.816169321385023e-05,9.816169321385004e-05,nan
404,4,9.816169321385004e-05,9.816169321385009e-05,0.001586695868934725
405,1,9.720748775137429e-05,9.720748775137436e-05,0.07896806085787808
405,2,9.816169290607965e-05,9.816169144346852e-05,nan
405,3,9.816169144346871e-05,9.816169290607954e-05,nan
405,4,9.816169290607954e-05,9.81616929060796e-05,nan
406,1,9.720748744956417e-05,9.720748601525035e-05,nan
406,2,9.72074874495642e-05,9.720748601525021e-05,0.03889455799891682
406,3,9.816169113571173e-05,9.816169259830703e-05,nan
406,4,9.816169113571154e-05,9.816169259830709e-05,nan
407,1,9.72074857134458e-05,9.720748571344587e-05,nan
407,2,9.720748714774449e-05,9.720748571344573e-05,nan
407,3,9.72074857134459e-05,9.720748714774436e-05,0.0417521788638511
407,4,9.816169082794477e-05,9.816169082794483e-05,nan
408,1,9.720748541163934e-05,9.720748541163941e-05,nan
408,2,9.720748541163938e-05,9.720748541163928e-05,nan
408,3,9.720748541163944e-05,9.720748541163926e-05,nan
408,4,9.720748541163926e-05,9.720748541163932e-05,0.001659399624212463
409,1,9.627165259291768e-05,9.627165259291775e-05,0.08245023128611156
409,2,9.720748511564237e-05,9.720748370897487e-05,nan
409,3,9.720748370897503e-05,9.720748511564224e-05,nan
409,4,9.720748511564224e-05,9.72074851156423e-05,nan
410,1,9.627165230259806e-05,9.627165092288481e-05,nan
410,2,9.62716523025981e-05,9.627165092288467e-05,0.04299304725294652
410,3,9.720748341299077e-05,9.720748481964333e-05,nan
410,4,9.720748341299059e-05,9.720748481964338e-05,nan
411,1,9.627165063257042e-05,9.62716506325705e-05,nan
411,2,9.627165201226941e-05,9.627165063257036e-05,nan
411,3,9.627165063257051e-05,9.62716520122693e-05,0.041762533211643055
411,4,9.72074831169971e-05,9.720748311699715e-05,nan
412,1,9.627165034225425e-05,9.627165034225433e-05,nan
412,2,9.627165034225428e-05,9.62716503422542e-05,nan
412,3,9.627165034225435e-05,9.627165034225417e-05,nan
412,4,9.627165034225417e-05,9.627165034225422e-05,0.0022801956145179735
413,1,9.535366459501385e-05,9.535366459501393e-05,0.08391535489870133
413,2,9.62716500574731e-05,9.62716487040999e-05,nan
413,3,9.627164870410005e-05,9.627165005747299e-05,nan
413,4,9.627165005747299e-05,9.627165005747305e-05,nan
414,1,9.535366431564304e-05,9.535366298795678e-05,nan
414,2,9.535366431564308e-05,9.535366298795664e-05,0.04502736555959545
414,3,9.627164841933091e-05,9.627164977269001e-05,nan
414,4,9.627164841933073e-05,9.627164977269007e-05,nan
415,1,9.53536627085909e-05,9.5353662708591e-05,nan
415,2,9.535366403626374e-05,9.535366270859086e-05,nan
415,3,9.535366270859101e-05,9.535366403626362e-05,0.04161463680302203
415,4,9.627164813455288e-05,9.627164813455292e-05,nan
416,1,9.535366242922335e-05,9.535366242922345e-05,nan
416,2,9.53536624292234e-05,9.535366242922331e-05,nan
416,3,9.535366242922346e-05,9.535366242922328e-05,nan
416,4,9.535366242922331e-05,9.535366242922335e-05,0.002693516886685696
417,1,9.445301803808085e-05,9.445301803808094e-05,0.08723852610316107
417,2,9.535366215513183e-05,9.535366085255267e-05,nan
417,3,9.535366085255282e-05,9.53536621551317e-05,nan
417,4,9.535366215513173e-05,9.535366215513177e-05,nan
418,1,9.445301776914756e-05,9.44530164910589e-05,nan
418,2,9.445301776914759e-05,9.445301649105873e-05,0.048909500949902304
418,3,9.53536605784726e-05,9.535366188103843e-05,nan
418,4,9.535366057847245e-05,9.53536618810385e-05,nan
419,1,9.445301622213026e-05,9.445301622213035e-05,nan
419,2,9.445301750020623e-05,9.445301622213019e-05,nan
419,3,9.445301622213034e-05,9.445301750020612e-05,0.04195013852072668
419,4,9.5353660304384e-05,9.535366030438405e-05,nan
420,1,9.445301595320005e-05,9.445301595320014e-05,nan
420,2,9.445301595320006e-05,9.445301595319998e-05,nan
420,3,9.445301595320013e-05,9.445301595319995e-05,nan
420,4,9.445301595319998e-05,9.445301595320004e-05,0.0035820772831460443
421,1,9.35692261306567e-05,9.35692261306568e-05,0.09007472276015041
421,2,9.445301568930119e-05,9.445301443515534e-05,nan
421,3,9.445301443515549e-05,9.445301568930108e-05,nan
421,4,9.445301568930111e-05,9.445301568930116e-05,nan
422,1,9.356922587167802e-05,9.35692246408924e-05,nan
422,2,9.356922587167802e-05,9.356922464089226e-05,0.05227418458909866
422,3,9.445301417126735e-05,9.44530154254006e-05,nan
422,4,9.44530141712672e-05,9.445301542540069e-05,nan
423,1,9.356922438191811e-05,9.356922438191818e-05,nan
423,2,9.35692256126917e-05,9.356922438191803e-05,nan
423,3,9.356922438191818e-05,9.356922561269159e-05,0.04233850421995189
423,4,9.445301390737129e-05,9.445301390737135e-05,nan
424,1,9.356922412294233e-05,9.35692241229424e-05,nan
424,2,9.356922412294232e-05,9.356922412294225e-05,nan
424,3,9.35692241229424e-05,9.356922412294221e-05,nan
424,4,9.356922412294226e-05,9.356922412294232e-05,0.004492609552229406
425,1,9.27018201320521e-05,9.270182013205217e-05,0.09074711323570236
425,2,9.356922386876673e-05,9.356922266082385e-05,nan
425,3,9.3569222660824e-05,9.356922386876662e-05,nan
425,4,9.356922386876668e-05,9.356922386876673e-05,nan
426,1,9.270181988257164e-05,9.270181869692078e-05,nan
426,2,9.270181988257163e-05,9.270181869692063e-05,0.05343184302124704
426,3,9.356922240665856e-05,9.356922361458952e-05,nan
426,4,9.356922240665842e-05,9.356922361458963e-05,nan
427,1,9.27018184474445e-05,9.270181844744455e-05,nan
427,2,9.270181963308396e-05,9.27018184474444e-05,nan
427,3,9.270181844744456e-05,9.270181963308385e-05,0.04226267949486783
427,4,9.356922215248564e-05,9.356922215248568e-05,nan
428,1,9.270181819796678e-05,9.270181819796684e-05,nan
428,2,9.270181819796677e-05,9.270181819796669e-05,nan
428,3,9.270181819796685e-05,9.270181819796666e-05,nan
428,4,9.270181819796673e-05,9.270181819796677e-05,0.0048939082711383685
429,1,9.18503485233546e-05,9.185034852335465e-05,0.09376302112173113
429,2,9.270181795307075e-05,9.270181678922261e-05,nan
429,3,9.270181678922277e-05,9.270181795307064e-05,nan
429,4,9.27018179530707e-05,9.270181795307075e-05,nan
430,1,9.185034828294088e-05,9.185034714037466e-05,nan
430,2,9.18503482829409e-05,9.185034714037453e-05,0.0569286535751303
430,3,9.270181654433634e-05,9.270181770817318e-05,nan
430,4,9.270181654433622e-05,9.270181770817329e-05,nan
431,1,9.18503468999649e-05,9.185034689996495e-05,nan
431,2,9.185034804252036e-05,9.185034689996483e-05,nan
431,3,9.1850346899965e-05,9.185034804252024e-05,0.042894809528851545
431,4,9.270181629944284e-05,9.270181629944288e-05,nan
432,1,9.185034665955379e-05,9.185034665955384e-05,nan
432,2,9.18503466595538e-05,9.185034665955372e-05,nan
432,3,9.185034665955388e-05,9.185034665955368e-05,nan
432,4,9.185034665955375e-05,9.185034665955379e-05,0.006002184593946604
433,1,9.101437622370403e-05,9.101437622370408e-05,0.09911104326995944
433,2,9.18503464235177e-05,9.18503453017705e-05,nan
433,3,9.185034530177067e-05,9.185034642351758e-05,nan
433,4,9.185034642351765e-05,9.185034642351769e-05,nan
434,1,9.10143759919489e-05,9.101437489052794e-05,nan
434,2,9.101437599194891e-05,9.101437489052782e-05,0.06275364523126103
434,3,9.185034506574365e-05,9.185034618748013e-05,nan
434,4,9.185034506574351e-05,9.185034618748024e-05,nan
435,1,9.101437465877654e-05,9.101437465877661e-05,nan
435,2,9.101437576018734e-05,9.101437465877649e-05,nan
435,3,9.101437465877665e-05,9.101437576018721e-05,0.044406495066031455
435,4,9.185034482970992e-05,9.185034482970996e-05,nan
436,1,9.101437442702388e-05,9.101437442702395e-05,nan
436,2,9.10143744270239e-05,9.101437442702383e-05,nan
436,3,9.101437442702399e-05,9.101437442702378e-05,nan
436,4,9.101437442702384e-05,9.101437442702388e-05,0.00798772739587026
437,1,9.019348384898048e-05,9.019348384898054e-05,0.1014951467430433
437,2,9.101437419945065e-05,9.10143731179178e-05,nan
437,3,9.101437311791796e-05,9.101437419945053e-05,nan
437,4,9.10143741994506e-05,9.101437419945063e-05,nan
438,1,9.019348362549762e-05,9.019348256338637e-05,nan
438,2,9.019348362549765e-05,9.019348256338626e-05,0.06556905083547385
438,3,9.10143728903533e-05,9.101437397187599e-05,nan
438,4,9.101437289035315e-05,9.10143739718761e-05,nan
439,1,9.019348233990702e-05,9.01934823399071e-05,nan
439,2,9.019348340200867e-05,9.0193482339907e-05,nan
439,3,9.019348233990715e-05,9.019348340200855e-05,0.04509700232107318
439,4,9.101437266278227e-05,9.101437266278231e-05,nan
440,1,9.019348211642649e-05,9.019348211642657e-05,nan
440,2,9.019348211642652e-05,9.019348211642646e-05,nan
440,3,9.019348211642661e-05,9.01934821164264e-05,nan
440,4,9.019348211642646e-05,9.01934821164265e-05,0.009103671246657372
441,1,8.938726701025127e-05,8.938726701025136e-05,0.10537806916053537
441,2,9.019348189694021e-05,9.019348085383565e-05,nan
441,3,9.01934808538358e-05,9.019348189694009e-05,nan
441,4,9.019348189694015e-05,9.01934818969402e-05,nan
442,1,8.938726679467487e-05,8.938726577013515e-05,nan
442,2,8.93872667946749e-05,8.938726577013504e-05,0.06987332854463453
442,3,9.019348063435764e-05,9.019348167745256e-05,nan
442,4,9.019348063435748e-05,9.019348167745267e-05,nan
443,1,8.938726555456207e-05,8.938726555456215e-05,nan
443,2,8.938726657909269e-05,8.938726555456204e-05,nan
443,3,8.938726555456219e-05,8.938726657909256e-05,0.046415612574318366
443,4,9.01934804148734e-05,9.019348041487346e-05,nan
444,1,8.938726533898786e-05,8.938726533898794e-05,nan
444,2,8.938726533898789e-05,8.938726533898783e-05,nan
444,3,8.938726533898798e-05,8.938726533898775e-05,nan
444,4,8.938726533898782e-05,8.938726533898787e-05,0.010839586723436991
445,1,8.859533564951109e-05,8.859533564951116e-05,0.11131883468263261
445,2,8.938726512723247e-05,8.938726412086449e-05,nan
445,3,8.938726412086464e-05,8.938726512723233e-05,nan
445,4,8.93872651272324e-05,8.938726512723245e-05,nan
446,1,8.859533544149454e-05,8.85953344528796e-05,nan
446,2,8.859533544149457e-05,8.859533445287951e-05,0.07622914674008155
446,3,8.938726390911693e-05,8.938726491547576e-05,nan
446,4,8.938726390911677e-05,8.938726491547588e-05,nan
447,1,8.859533424486622e-05,8.859533424486628e-05,nan
447,2,8.859533523347253e-05,8.859533424486619e-05,nan
447,3,8.859533424486634e-05,8.859533523347241e-05,0.04868173252779415
447,4,8.938726369736348e-05,8.938726369736354e-05,nan
448,1,8.859533403685177e-05,8.859533403685184e-05,nan
448,2,8.859533403685178e-05,8.859533403685174e-05,nan
448,3,8.859533403685189e-05,8.859533403685166e-05,nan
448,4,8.859533403685173e-05,8.859533403685178e-05,0.013519271347397574
449,1,8.781731341042263e-05,8.78173134104227e-05,0.11554222538094282
449,2,8.859533383248985e-05,8.859533286125535e-05,nan
449,3,8.85953328612555e-05,8.859533383248973e-05,nan
449,4,8.85953338324898e-05,8.859533383248985e-05,nan
450,1,8.781731320963746e-05,8.78173122553864e-05,nan
450,2,8.781731320963747e-05,8.78173122553863e-05,0.08083555610967352
450,3,8.859533265690089e-05,8.85953336281267e-05,nan
450,4,8.859533265690071e-05,8.859533362812682e-05,nan
451,1,8.78173120546042e-05,8.781731205460429e-05,nan
451,2,8.781731300884709e-05,8.781731205460419e-05,nan
451,3,8.781731205460434e-05,8.781731300884697e-05,0.05042081477885105
451,4,8.85953324525408e-05,8.859533245254085e-05,nan
452,1,8.781731185382101e-05,8.781731185382109e-05,nan
452,2,8.781731185382104e-05,8.7817311853821e-05,nan
452,3,8.781731185382114e-05,8.781731185382091e-05,nan
452,4,8.7817311853821e-05,8.781731185382105e-05,0.01563841731926117
453,1,8.705283704192514e-05,8.705283704192523e-05,0.11801969944529721
453,2,8.781731165653271e-05,8.781731071891176e-05,nan
453,3,8.78173107189119e-05,8.781731165653259e-05,nan
453,4,8.781731165653267e-05,8.781731165653272e-05,nan
454,1,8.705283684805982e-05,8.705283592669246e-05,nan
454,2,8.705283684805984e-05,8.705283592669236e-05,0.0836654260293437
454,3,8.781731052163052e-05,8.781731145924322e-05,nan
454,4,8.781731052163038e-05,8.781731145924335e-05,nan
455,1,8.705283573282995e-05,8.705283573283002e-05,nan
455,2,8.705283665418957e-05,8.705283573282992e-05,nan
455,3,8.705283573283009e-05,8.705283665418946e-05,0.05150286445069643
455,4,8.781731032434397e-05,8.781731032434401e-05,nan
456,1,8.705283553896651e-05,8.705283553896658e-05,nan
456,2,8.705283553896651e-05,8.705283553896649e-05,nan
456,3,8.705283553896665e-05,8.70528355389664e-05,nan
456,4,8.70528355389665e-05,8.705283553896654e-05,0.017068246737345083
457,1,8.63015558327251e-05,8.630155583272517e-05,0.11905588883150683
457,2,8.705283534844837e-05,8.705283444299932e-05,nan
457,3,8.705283444299949e-05,8.705283534844826e-05,nan
457,4,8.705283534844835e-05,8.705283534844839e-05,nan
458,1,8.630155564548408e-05,8.6301554755596e-05,nan
458,2,8.630155564548408e-05,8.630155475559592e-05,0.08502794748674436
458,3,8.705283425248793e-05,8.705283515792912e-05,nan
458,4,8.705283425248778e-05,8.705283515792926e-05,nan
459,1,8.630155456835768e-05,8.630155456835772e-05,nan
459,2,8.630155545823835e-05,8.630155456835764e-05,nan
459,3,8.63015545683578e-05,8.630155545823824e-05,0.051992329481473226
459,4,8.705283406197145e-05,8.705283406197149e-05,nan
460,1,8.630155438111843e-05,8.630155438111847e-05,nan
460,2,8.630155438111842e-05,8.630155438111839e-05,nan
460,3,8.630155438111855e-05,8.630155438111831e-05,nan
460,4,8.630155438111839e-05,8.630155438111843e-05,0.01787672743720585
461,1,8.556313107481911e-05,8.556313107481915e-05,0.12356350543027986
461,2,8.630155419708253e-05,8.630155332243727e-05,nan
461,3,8.630155332243743e-05,8.630155419708242e-05,nan
461,4,8.63015541970825e-05,8.630155419708254e-05,nan
462,1,8.556313089392182e-05,8.556313003418009e-05,nan
462,2,8.556313089392183e-05,8.556313003418e-05,0.08776865097123658
462,3,8.630155313840778e-05,8.630155401304559e-05,nan
462,4,8.630155313840762e-05,8.630155401304571e-05,nan
463,1,8.556312985328536e-05,8.556312985328541e-05,nan
463,2,8.55631307130201e-05,8.556312985328533e-05,nan
463,3,8.556312985328551e-05,8.556313071302e-05,0.05369228476967393
463,4,8.630155295437345e-05,8.630155295437349e-05,nan
464,1,8.556312967238978e-05,8.556312967238983e-05,nan
464,2,8.556312967238979e-05,8.556312967238975e-05,nan
464,3,8.556312967238993e-05,8.55631296723897e-05,nan
464,4,8.556312967238976e-05,8.55631296723898e-05,0.017785793852015366
465,1,8.483723555432535e-05,8.483723555432541e-05,0.12966555813676592
465,2,8.556312949456279e-05,8.556312864942241e-05,nan
465,3,8.556312864942258e-05,8.556312949456269e-05,nan
465,4,8.556312949456276e-05,8.55631294945628e-05,nan
466,1,8.483723537950544e-05,8.48372345486442e-05,nan
466,2,8.483723537950545e-05,8.483723454864413e-05,0.08517302107455933
466,3,8.556312847160151e-05,8.556312931673479e-05,nan
466,4,8.556312847160135e-05,8.55631293167349e-05,nan
467,1,8.48372343738267e-05,8.483723437382676e-05,nan
467,2,8.48372352046813e-05,8.483723437382669e-05,nan
467,3,8.483723437382687e-05,8.483723520468121e-05,0.05660592479816196
467,4,8.556312829377599e-05,8.556312829377603e-05,nan
468,1,8.483723419900839e-05,8.483723419900844e-05,nan
468,2,8.48372341990084e-05,8.483723419900837e-05,nan
468,3,8.483723419900855e-05,8.483723419900832e-05,nan
468,4,8.483723419900839e-05,8.483723419900843e-05,0.011920765088049649
469,1,8.412355306801521e-05,8.412355306801526e-05,0.1322900804840956
469,2,8.483723402713063e-05,8.483723321026146e-05,nan
469,3,8.483723321026164e-05,8.483723402713055e-05,nan
469,4,8.483723402713062e-05,8.483723402713066e-05,nan
470,1,8.412355289901954e-05,8.412355209583625e-05,nan
470,2,8.412355289901957e-05,8.412355209583618e-05,0.08983050563355073
470,3,8.483723303838952e-05,8.483723385525194e-05,nan
470,4,8.483723303838935e-05,8.483723385525205e-05,nan
471,1,8.412355192684289e-05,8.412355192684295e-05,nan
471,2,8.41235527300199e-05,8.412355192684289e-05,nan
471,3,8.412355192684306e-05,8.412355273001982e-05,0.05774216146725011
471,4,8.483723286651314e-05,8.483723286651318e-05,nan
472,1,8.412355175784877e-05,8.412355175784884e-05,nan
472,2,8.41235517578488e-05,8.412355175784877e-05,nan
472,3,8.412355175784894e-05,8.412355175784871e-05,nan
472,4,8.412355175784877e-05,8.412355175784881e-05,0.015098036554901202
473,1,8.342177796404406e-05,8.342177796404412e-05,0.14149632444894414
473,2,8.412355159167354e-05,8.412355080190324e-05,nan
473,3,8.412355080190342e-05,8.412355159167345e-05,nan
473,4,8.412355159167351e-05,8.412355159167355e-05,nan
474,1,8.342177780063213e-05,8.342177702398377e-05,nan
474,2,8.342177780063214e-05,8.34217770239837e-05,0.08995775445729055
474,3,8.412355063573352e-05,8.41235514254974e-05,nan
474,4,8.412355063573335e-05,8.412355142549749e-05,nan
475,1,8.342177686057403e-05,8.342177686057408e-05,nan
475,2,8.342177763721639e-05,8.342177686057401e-05,nan
475,3,8.342177686057417e-05,8.342177763721631e-05,0.06279568619641436
475,4,8.412355046955958e-05,8.41235504695596e-05,nan
476,1,8.342177669716355e-05,8.34217766971636e-05,nan
476,2,8.342177669716356e-05,8.342177669716353e-05,nan
476,3,8.34217766971637e-05,8.342177669716348e-05,nan
476,4,8.342177669716355e-05,8.342177669716358e-05,0.010991949587426409
477,1,8.273161470548023e-05,8.273161470548029e-05,0.13893869167581713
477,2,8.342177653645627e-05,8.342177577267037e-05,nan
477,3,8.342177577267054e-05,8.342177653645619e-05,nan
477,4,8.342177653645626e-05,8.342177653645628e-05,nan
478,1,8.273161454742332e-05,8.273161379622305e-05,nan
478,2,8.273161454742333e-05,8.2731613796223e-05,0.10168898573837262
478,3,8.342177561196835e-05,8.342177637574814e-05,nan
478,4,8.34217756119682e-05,8.342177637574824e-05,nan
479,1,8.273161363816822e-05,8.273161363816826e-05,nan
479,2,8.273161438936277e-05,8.273161363816821e-05,nan
479,3,8.273161363816839e-05,8.27316143893627e-05,0.060046861498865074
479,4,8.342177545126233e-05,8.342177545126235e-05,nan
480,1,8.273161348011269e-05,8.273161348011273e-05,nan
480,2,8.27316134801127e-05,8.273161348011268e-05,nan
480,3,8.273161348011285e-05,8.273161348011263e-05,nan
480,4,8.273161348011269e-05,8.27316134801127e-05,0.02262601680468796
481,1,8.205277745532238e-05,8.205277745532242e-05,0.14213727924693403
481,2,8.273161332465032e-05,8.273161258578892e-05,nan
481,3,8.273161258578909e-05,8.273161332465025e-05,nan
481,4,8.273161332465031e-05,8.273161332465032e-05,nan
482,1,8.205277730240288e-05,8.205277657561693e-05,nan
482,2,8.20527773024029e-05,8.205277657561687e-05,0.10883003149056228
482,3,8.273161243033156e-05,8.273161316918714e-05,nan
482,4,8.27316124303314e-05,8.273161316918721e-05,nan
483,1,8.205277642269943e-05,8.205277642269947e-05,nan
483,2,8.205277714947995e-05,8.205277642269941e-05,nan
483,3,8.205277642269959e-05,8.20527771494799e-05,0.061210467593119926
483,4,8.273161227487036e-05,8.273161227487036e-05,nan
484,1,8.205277626978125e-05,8.205277626978129e-05,nan
484,2,8.205277626978126e-05,8.205277626978124e-05,nan
484,3,8.205277626978141e-05,8.205277626978121e-05,nan
484,4,8.205277626978126e-05,8.205277626978126e-05,0.027746475226188137
485,1,8.138498968178096e-05,8.1384989681781e-05,0.1477763698358693
485,2,8.205277611935155e-05,8.205277540440618e-05,nan
485,3,8.205277540440635e-05,8.205277611935149e-05,nan
485,4,8.205277611935155e-05,8.205277611935155e-05,nan
486,1,8.138498953379187e-05,8.138498883043637e-05,nan
486,2,8.138498953379188e-05,8.138498883043633e-05,0.10877755386428102
486,3,8.205277525398126e-05,8.205277596892108e-05,nan
486,4,8.205277525398111e-05,8.205277596892114e-05,nan
487,1,8.138498868244916e-05,8.13849886824492e-05,nan
487,2,8.138498938579948e-05,8.138498868244916e-05,nan
487,3,8.138498868244934e-05,8.138498938579944e-05,0.062284720440809405
487,4,8.205277510355266e-05,8.205277510355266e-05,nan
488,1,8.138498853446132e-05,8.138498853446137e-05,nan
488,2,8.138498853446132e-05,8.138498853446132e-05,nan
488,3,8.13849885344615e-05,8.138498853446128e-05,nan
488,4,8.138498853446132e-05,8.138498853446132e-05,0.02305332058718027
489,1,8.072798378267918e-05,8.072798378267922e-05,0.16218554067374802
489,2,8.138498838886227e-05,8.138498769687307e-05,nan
489,3,8.138498769687324e-05,8.138498838886223e-05,nan
489,4,8.138498838886227e-05,8.138498838886227e-05,nan
490,1,8.072798363942336e-05,8.072798295856167e-05,nan
490,2,8.072798363942337e-05,8.072798295856165e-05,0.10276640639627543
490,3,8.138498755127859e-05,8.138498824326251e-05,nan
490,4,8.138498755127842e-05,8.138498824326255e-05,nan
491,1,8.072798281530767e-05,8.07279828153077e-05,nan
491,2,8.072798349616442e-05,8.072798281530767e-05,nan
491,3,8.072798281530786e-05,8.072798349616438e-05,0.07044787381469556
491,4,8.138498740568057e-05,8.138498740568057e-05,nan
492,1,8.072798267205304e-05,8.072798267205306e-05,nan
492,2,8.072798267205305e-05,8.072798267205304e-05,nan
492,3,8.072798267205323e-05,8.072798267205301e-05,nan
492,4,8.072798267205304e-05,8.072798267205304e-05,0.01062070080962341
493,1,8.008150072790088e-05,8.008150072790091e-05,0.1731879195196086
493,2,8.07279825310923e-05,8.07279818611452e-05,nan
493,3,8.07279818611454e-05,8.072798253109225e-05,nan
493,4,8.072798253109228e-05,8.072798253109228e-05,nan
494,1,8.008150058919059e-05,8.008149992993067e-05,nan
494,2,8.008150058919062e-05,8.008149992993063e-05,0.09992451517729542
494,3,8.072798172018883e-05,8.072798239013087e-05,nan
494,4,8.072798172018864e-05,8.07279823901309e-05,nan
495,1,8.00814997912221e-05,8.008149979122216e-05,nan
495,2,8.008150045047736e-05,8.008149979122212e-05,nan
495,3,8.008149979122229e-05,8.00815004504773e-05,0.07987878200596776
495,4,8.072798157922903e-05,8.072798157922905e-05,nan
496,1,8.008149965251296e-05,8.008149965251302e-05,nan
496,2,8.0081499652513e-05,8.008149965251298e-05,nan
496,3,8.008149965251315e-05,8.008149965251295e-05,nan
496,4,8.008149965251296e-05,8.008149965251298e-05,0.006106640457782689
497,1,7.944528971888238e-05,7.944528971888244e-05,0.17041842793142023
497,2,8.00814995160073e-05,8.008149886723163e-05,nan
497,3,8.00814988672318e-05,8.008149951600725e-05,nan
497,4,8.008149951600726e-05,8.008149951600727e-05,nan
498,1,7.944528958453879e-05,7.944528894603067e-05,nan
498,2,7.944528958453881e-05,7.944528894603063e-05,0.10282131605220117
498,3,8.00814987307301e-05,8.008149937950095e-05,nan
498,4,8.008149873072991e-05,8.008149937950098e-05,nan
499,1,7.94452888116887e-05,7.944528881168874e-05,nan
499,2,7.944528945019235e-05,7.94452888116887e-05,nan
499,3,7.944528881168885e-05,7.94452894501923e-05,0.07489698288954948
499,4,8.008149859422532e-05,8.008149859422532e-05,nan
500,1,7.944528867734618e-05,7.944528867734622e-05,nan
500,2,7.94452886773462e-05,7.944528867734618e-05,nan
500,3,7.944528867734633e-05,7.944528867734614e-05,nan
500,4,7.944528867734616e-05,7.944528867734616e-05,0.006790919579934667
501,1,7.881910786420763e-05,7.881910786420767e-05,0.1793113836004694
501,2,7.944528854512094e-05,7.944528791668696e-05,nan
501,3,7.944528791668711e-05,7.944528854512088e-05,nan
501,4,7.94452885451209e-05,7.94452885451209e-05,nan
502,1,7.88191077340602e-05,7.881910711549377e-05,nan
502,2,7.88191077340602e-05,7.881910711549371e-05,0.10207468046339213
502,3,7.944528778446566e-05,7.944528841289506e-05,nan
502,4,7.944528778446548e-05,7.944528841289507e-05,nan
503,1,7.88191069853479e-05,7.881910698534794e-05,nan
503,2,7.881910760391007e-05,7.881910698534789e-05,nan
503,3,7.881910698534804e-05,7.881910760391003e-05,0.08206975778726688
503,4,7.944528765224128e-05,7.944528765224127e-05,nan
504,1,7.881910685520152e-05,7.881910685520156e-05,nan
504,2,7.88191068552015e-05,7.88191068552015e-05,nan
504,3,7.881910685520165e-05,7.881910685520146e-05,nan
504,4,7.881910685520149e-05,7.881910685520148e-05,0.004249644024334218
505,1,7.820271987042492e-05,7.820271987042496e-05,0.20518607258805294
505,2,7.881910672709021e-05,7.881910611820689e-05,nan
505,3,7.881910611820704e-05,7.881910672709017e-05,nan
505,4,7.88191067270902e-05,7.881910672709018e-05,nan
506,1,7.820271974431113e-05,7.820271914491387e-05,nan
506,2,7.820271974431111e-05,7.820271914491382e-05,0.1001039197357234
506,3,7.881910599009938e-05,7.881910659897833e-05,nan
506,4,7.881910599009922e-05,7.881910659897835e-05,nan
507,1,7.820271901880156e-05,7.82027190188016e-05,nan
507,2,7.820271961819473e-05,7.820271901880155e-05,nan
507,3,7.820271901880169e-05,7.820271961819467e-05,0.10706376488511185
507,4,7.881910586198893e-05,7.881910586198891e-05,nan
508,1,7.820271889268875e-05,7.82027188926888e-05,nan
508,2,7.820271889268874e-05,7.820271889268874e-05,nan
508,3,7.820271889268888e-05,7.820271889268869e-05,nan
508,4,7.820271889268871e-05,7.82027188926887e-05,0.001245459541344205
509,1,7.759589774725889e-05,7.759589774725893e-05,0.18146975151780473
509,2,7.820271876853266e-05,7.820271817844558e-05,nan
509,3,7.820271817844572e-05,7.82027187685326e-05,nan
509,4,7.820271876853263e-05,7.820271876853262e-05,nan
510,1,7.759589762502365e-05,7.759589704405876e-05,nan
510,2,7.759589762502365e-05,7.759589704405871e-05,0.10202695243772329
510,3,7.82027180542931e-05,7.8202718644376e-05,nan
510,4,7.820271805429294e-05,7.820271864437602e-05,nan
511,1,7.759589692182493e-05,7.759589692182498e-05,nan
511,2,7.759589750278595e-05,7.759589692182493e-05,nan
511,3,7.759589692182506e-05,7.75958975027859e-05,0.0825926270321254
511,4,7.820271793013782e-05,7.82027179301378e-05,nan
512,1,7.759589679959063e-05,7.759589679959069e-05,nan
512,2,7.759589679959065e-05,7.759589679959063e-05,nan
512,3,7.759589679959077e-05,7.75958967995906e-05,nan
512,4,7.759589679959062e-05,7.759589679959061e-05,0.0025130233863691342
513,1,7.699842052644137e-05,7.699842052644142e-05,0.21125521483789328
513,2,7.75958966792383e-05,7.759589610722773e-05,nan
513,3,7.759589610722787e-05,7.759589667923824e-05,nan
513,4,7.759589667923827e-05,7.759589667923826e-05,nan
514,1,7.699842040793675e-05,7.69984198447011e-05,nan
514,2,7.699842040793675e-05,7.699841984470105e-05,0.10172554792285224
514,3,7.759589598687884e-05,7.75958965588854e-05,nan
514,4,7.759589598687868e-05,7.759589655888542e-05,nan
515,1,7.69984197261978e-05,7.699841972619785e-05,nan
515,2,7.699842028942975e-05,7.699841972619779e-05,nan
515,3,7.699841972619794e-05,7.699842028942971e-05,0.11083431981766159
515,4,7.759589586652725e-05,7.759589586652722e-05,nan
516,1,7.699841960769407e-05,7.699841960769411e-05,nan
516,2,7.699841960769407e-05,7.699841960769406e-05,nan
516,3,7.699841960769421e-05,7.699841960769403e-05,nan
516,4,7.699841960769405e-05,7.699841960769402e-05,0.0005075099204243786
517,1,7.641007399343299e-05,7.641007399343303e-05,0.1951874408598861
517,2,7.69984194910009e-05,7.699841893637993e-05,nan
517,3,7.699841893638008e-05,7.699841949100087e-05,nan
517,4,7.699841949100088e-05,7.699841949100085e-05,nan
518,1,7.64100738785177e-05,7.641007333234013e-05,nan
518,2,7.64100738785177e-05,7.641007333234007e-05,0.10060753987741973
518,3,7.699841881969007e-05,7.699841937430722e-05,nan
518,4,7.69984188196899e-05,7.699841937430721e-05,nan
519,1,7.641007321742612e-05,7.641007321742616e-05,nan
519,2,7.641007376360018e-05,7.641007321742611e-05,nan
519,3,7.641007321742626e-05,7.641007376360014e-05,0.09589501529647858
519,4,7.699841870299762e-05,7.699841870299758e-05,nan
520,1,7.64100731025117e-05,7.641007310251174e-05,nan
520,2,7.64100731025117e-05,7.641007310251168e-05,nan
520,3,7.641007310251183e-05,7.641007310251166e-05,nan
520,4,7.641007310251168e-05,7.641007310251164e-05,0.0005803129868955695
521,1,7.583065043135093e-05,7.583065043135097e-05,0.18511136735705594
521,2,7.641007298933969e-05,7.641007245145248e-05,nan
521,3,7.641007245145263e-05,7.641007298933965e-05,nan
521,4,7.641007298933968e-05,7.641007298933964e-05,nan
522,1,7.583065031989013e-05,7.58306497901297e-05,nan
522,2,7.583065031989013e-05,7.583064979012966e-05,0.09881217230520652
522,3,7.641007233828365e-05,7.64100728761672e-05,nan
522,4,7.641007233828348e-05,7.641007287616719e-05,nan
523,1,7.583064967867011e-05,7.583064967867018e-05,nan
523,2,7.583065020842718e-05,7.583064967867014e-05,nan
523,3,7.583064967867027e-05,7.583065020842714e-05,0.08737122524847625
523,4,7.641007222511232e-05,7.641007222511228e-05,nan
524,1,7.583064956721014e-05,7.583064956721021e-05,nan
524,2,7.583064956721014e-05,7.583064956721017e-05,nan
524,3,7.58306495672103e-05,7.58306495672101e-05,nan
524,4,7.583064956721014e-05,7.58306495672101e-05,0.0003591882727242439
525,1,7.525994837646038e-05,7.525994837646044e-05,0.1777746128054197
525,2,7.583064945742749e-05,7.58306489356477e-05,nan
525,3,7.583064893564784e-05,7.583064945742745e-05,nan
525,4,7.583064945742749e-05,7.583064945742745e-05,nan
526,1,7.525994826832522e-05,7.525994775436974e-05,nan
526,2,7.525994826832522e-05,7.52599477543697e-05,0.0974301821708242
526,3,7.583064882586807e-05,7.583064934764436e-05,nan
526,4,7.583064882586791e-05,7.583064934764436e-05,nan
527,1,7.525994764623573e-05,7.52599476462358e-05,nan
527,2,7.525994816018801e-05,7.525994764623575e-05,nan
527,3,7.52599476462359e-05,7.525994816018798e-05,0.08143610553711832
527,4,7.583064871608605e-05,7.5830648716086e-05,nan
528,1,7.525994753810135e-05,7.525994753810141e-05,nan
528,2,7.525994753810136e-05,7.525994753810137e-05,nan
528,3,7.525994753810152e-05,7.525994753810133e-05,nan
528,4,7.525994753810137e-05,7.525994753810132e-05,0.00039510259573348976
529,1,7.469777238462424e-05,7.469777238462431e-05,0.1725506807225324
529,2,7.525994743158211e-05,7.525994692531125e-05,nan
529,3,7.52599469253114e-05,7.525994743158209e-05,nan
529,4,7.525994743158213e-05,7.525994743158207e-05,nan
530,1,7.469777227969162e-05,7.469777178095603e-05,nan
530,2,7.469777227969163e-05,7.469777178095598e-05,0.09625143148566866
530,3,7.525994681879491e-05,7.525994732506244e-05,nan
530,4,7.525994681879476e-05,7.525994732506242e-05,nan
531,1,7.469777167602448e-05,7.469777167602456e-05,nan
531,2,7.469777217475704e-05,7.46977716760245e-05,nan
531,3,7.469777167602465e-05,7.469777217475702e-05,0.07748151341828202
531,4,7.525994671227627e-05,7.525994671227623e-05,nan
532,1,7.46977715710926e-05,7.469777157109268e-05,nan
532,2,7.469777157109263e-05,7.469777157109263e-05,nan
532,3,7.469777157109278e-05,7.46977715710926e-05,nan
532,4,7.469777157109264e-05,7.46977715710926e-05,0.0004979538607745807
533,1,7.414393280814304e-05,7.414393280814312e-05,0.1652549555975304
533,2,7.469777146771643e-05,7.469777097638253e-05,nan
533,3,7.469777097638268e-05,7.46977714677164e-05,nan
533,4,7.469777146771644e-05,7.46977714677164e-05,nan
534,1,7.414393270629525e-05,7.414393222222031e-05,nan
534,2,7.414393270629531e-05,7.414393222222027e-05,0.09526205108467553
534,3,7.469777087300911e-05,7.469777136433981e-05,nan
534,4,7.469777087300899e-05,7.469777136433981e-05,nan
535,1,7.414393212037356e-05,7.414393212037364e-05,nan
535,2,7.414393260444565e-05,7.41439321203736e-05,nan
535,3,7.414393212037374e-05,7.414393260444561e-05,0.07150058093163107
535,4,7.469777076963351e-05,7.469777076963347e-05,nan
536,1,7.414393201852651e-05,7.414393201852659e-05,nan
536,2,7.414393201852656e-05,7.414393201852655e-05,nan
536,3,7.414393201852669e-05,7.414393201852652e-05,nan
536,4,7.414393201852655e-05,7.414393201852651e-05,0.0008400932531590545
537,1,7.359824558244927e-05,7.359824558244935e-05,0.15792841457303838
537,2,7.414393191817833e-05,7.414393144123456e-05,nan
537,3,7.41439314412347e-05,7.414393191817829e-05,nan
537,4,7.414393191817831e-05,7.414393191817827e-05,nan
538,1,7.35982454835738e-05,7.359824501362475e-05,nan
538,2,7.359824548357387e-05,7.359824501362471e-05,0.09454174273609484
538,3,7.414393134088898e-05,7.414393181782968e-05,nan
538,4,7.414393134088885e-05,7.414393181782967e-05,nan
539,1,7.359824491475025e-05,7.359824491475034e-05,nan
539,2,7.359824538469661e-05,7.35982449147503e-05,nan
539,3,7.359824491475042e-05,7.359824538469655e-05,0.06545286588506276
539,4,7.414393124054132e-05,7.414393124054128e-05,nan
540,1,7.359824481587547e-05,7.359824481587556e-05,nan
540,2,7.359824481587553e-05,7.359824481587552e-05,nan
540,3,7.359824481587564e-05,7.359824481587548e-05,nan
540,4,7.359824481587552e-05,7.359824481587548e-05,0.0014158903203557772
541,1,7.306053202215246e-05,7.306053202215255e-05,0.15040440069147365
541,2,7.359824471844521e-05,7.359824425536861e-05,nan
541,3,7.359824425536873e-05,7.359824471844516e-05,nan
541,4,7.35982447184452e-05,7.359824471844516e-05,nan
542,1,7.306053192614165e-05,7.306053146980697e-05,nan
542,2,7.306053192614172e-05,7.306053146980693e-05,0.09415271795454558
542,3,7.359824415794082e-05,7.359824462101448e-05,nan
542,4,7.35982441579407e-05,7.359824462101448e-05,nan
543,1,7.306053137379709e-05,7.306053137379719e-05,nan
543,2,7.306053183012919e-05,7.306053137379714e-05,nan
543,3,7.306053137379727e-05,7.306053183012917e-05,0.05918310395024286
543,4,7.359824406051104e-05,7.359824406051101e-05,nan
544,1,7.306053127778695e-05,7.306053127778704e-05,nan
544,2,7.3060531277787e-05,7.3060531277787e-05,nan
544,3,7.306053127778713e-05,7.306053127778698e-05,nan
544,4,7.3060531277787e-05,7.306053127778698e-05,0.0022996350995792693
545,1,7.253061862596007e-05,7.253061862596016e-05,0.1444566118143377
545,2,7.30605311831693e-05,7.306053073345954e-05,nan
545,3,7.306053073345966e-05,7.306053118316928e-05,nan
545,4,7.30605311831693e-05,7.306053118316928e-05,nan
546,1,7.253061853271094e-05,7.253061808950114e-05,nan
546,2,7.2530618532711e-05,7.253061808950112e-05,0.09386300343018246
546,3,7.306053063884426e-05,7.306053108855122e-05,nan
546,4,7.306053063884414e-05,7.306053108855122e-05,nan
547,1,7.25306179962529e-05,7.253061799625299e-05,nan
547,2,7.253061843946023e-05,7.253061799625297e-05,nan
547,3,7.253061799625307e-05,7.25306184394602e-05,0.05438119672698432
547,4,7.306053054422708e-05,7.306053054422704e-05,nan
548,1,7.25306179030044e-05,7.253061790300449e-05,nan
548,2,7.253061790300446e-05,7.253061790300446e-05,nan
548,3,7.253061790300457e-05,7.253061790300444e-05,nan
548,4,7.253061790300445e-05,7.253061790300441e-05,0.00317129130776313
549,1,7.200833689002687e-05,7.200833689002696e-05,0.13914607337942703
549,2,7.253061781109861e-05,7.253061737427682e-05,nan
549,3,7.253061737427693e-05,7.253061781109858e-05,nan
549,4,7.25306178110986e-05,7.253061781109856e-05,nan
550,1,7.200833679944083e-05,7.200833636888745e-05,nan
550,2,7.20083367994409e-05,7.200833636888742e-05,0.09369894205022286
550,3,7.253061728237329e-05,7.25306177191924e-05,nan
550,4,7.253061728237316e-05,7.253061771919238e-05,nan
551,1,7.200833627830223e-05,7.200833627830234e-05,nan
551,2,7.200833670885328e-05,7.200833627830232e-05,nan
551,3,7.20083362783024e-05,7.200833670885326e-05,0.05015146433026307
551,4,7.253061719046792e-05,7.25306171904679e-05,nan
552,1,7.200833618771679e-05,7.20083361877169e-05,nan
552,2,7.200833618771687e-05,7.200833618771687e-05,nan
552,3,7.200833618771695e-05,7.200833618771684e-05,nan
552,4,7.200833618771683e-05,7.20083361877168e-05,0.004102156620641871
553,1,7.149352312931102e-05,7.149352312931112e-05,0.1327476132586816
553,2,7.200833609842641e-05,7.200833567403422e-05,nan
553,3,7.20083356740343e-05,7.200833609842639e-05,nan
553,4,7.200833609842637e-05,7.200833609842634e-05,nan
554,1,7.149352304129367e-05,7.149352262294813e-05,nan
554,2,7.149352304129375e-05,7.149352262294812e-05,0.09405357883189648
554,3,7.200833558474595e-05,7.200833600913561e-05,nan
554,4,7.200833558474583e-05,7.200833600913557e-05,nan
555,1,7.149352253493156e-05,7.149352253493167e-05,nan
555,2,7.149352295327488e-05,7.149352253493165e-05,nan
555,3,7.149352253493173e-05,7.149352295327486e-05,0.04486126262932525
555,4,7.200833549545595e-05,7.200833549545593e-05,nan
556,1,7.149352244691478e-05,7.149352244691489e-05,nan
556,2,7.149352244691486e-05,7.149352244691487e-05,nan
556,3,7.149352244691496e-05,7.149352244691483e-05,nan
556,4,7.149352244691483e-05,7.14935224469148e-05,0.0055821353789856564
557,1,7.098601830653886e-05,7.098601830653897e-05,0.12853670693945285
557,2,7.149352236014742e-05,7.149352194774584e-05,nan
557,3,7.149352194774592e-05,7.14935223601474e-05,nan
557,4,7.14935223601474e-05,7.149352236014737e-05,nan
558,1,7.09860182209998e-05,7.098601781443248e-05,nan
558,2,7.098601822099988e-05,7.098601781443247e-05,0.09409864026971271
558,3,7.14935218609805e-05,7.149352227337964e-05,nan
558,4,7.149352186098039e-05,7.149352227337962e-05,nan
559,1,7.098601772889415e-05,7.098601772889425e-05,nan
559,2,7.098601813545936e-05,7.098601772889424e-05,nan
559,3,7.098601772889432e-05,7.098601813545934e-05,0.04161073955282585
559,4,7.14935217742135e-05,7.149352177421346e-05,nan
560,1,7.098601764335564e-05,7.098601764335574e-05,nan
560,2,7.098601764335572e-05,7.098601764335573e-05,nan
560,3,7.098601764335581e-05,7.098601764335569e-05,nan
560,4,7.09860176433557e-05,7.098601764335566e-05,0.006599020511514622
561,1,7.048566786840323e-05,7.048566786840334e-05,0.12169536137879569
561,2,7.09860175590228e-05,7.098601715819133e-05,nan
561,3,7.098601715819141e-05,7.098601755902277e-05,nan
561,4,7.098601755902279e-05,7.098601755902275e-05,nan
562,1,7.048566778525583e-05,7.048566739005513e-05,nan
562,2,7.04856677852559e-05,7.04856673900551e-05,0.09533048857002419
562,3,7.098601707386043e-05,7.098601747468957e-05,nan
562,4,7.098601707386034e-05,7.098601747468954e-05,nan
563,1,7.048566730690843e-05,7.048566730690854e-05,nan
563,2,7.048566770210712e-05,7.048566730690852e-05,nan
563,3,7.04856673069086e-05,7.04856677021071e-05,0.035854460977499156
563,4,7.098601698952796e-05,7.098601698952791e-05,nan
564,1,7.048566722376157e-05,7.048566722376167e-05,nan
564,2,7.048566722376163e-05,7.048566722376165e-05,nan
564,3,7.048566722376173e-05,7.048566722376162e-05,nan
564,4,7.048566722376163e-05,7.048566722376158e-05,0.008935818685108638
565,1,6.999232158864058e-05,6.999232158864069e-05,0.11730948149948758
565,2,7.048566714177845e-05,7.048566675211417e-05,nan
565,3,7.048566675211425e-05,7.048566714177844e-05,nan
565,4,7.048566714177845e-05,7.04856671417784e-05,nan
566,1,6.999232150780184e-05,6.999232112357328e-05,nan
566,2,6.999232150780191e-05,6.999232112357324e-05,0.09601286849201462
566,3,7.048566667013293e-05,7.048566705979497e-05,nan
566,4,7.048566667013285e-05,7.048566705979493e-05,nan
567,1,6.999232104273522e-05,6.999232104273531e-05,nan
567,2,6.999232142696185e-05,6.999232104273527e-05,nan
567,3,6.999232104273537e-05,6.999232142696182e-05,0.03238615928504679
567,4,7.048566658815018e-05,7.048566658815012e-05,nan
568,1,6.999232096189698e-05,6.999232096189708e-05,nan
568,2,6.999232096189705e-05,6.999232096189704e-05,nan
568,3,6.999232096189713e-05,6.999232096189702e-05,nan
568,4,6.999232096189705e-05,6.999232096189698e-05,0.010548738767744098
569,1,6.950583341765254e-05,6.950583341765263e-05,0.11376181798738609
569,2,6.999232088218233e-05,6.999232050329902e-05,nan
569,3,6.999232050329912e-05,6.99923208821823e-05,nan
569,4,6.999232088218233e-05,6.999232088218227e-05,nan
570,1,6.950583333904288e-05,6.95058329654083e-05,nan
570,2,6.950583333904296e-05,6.950583296540826e-05,0.09654774942861907
570,3,6.999232042358619e-05,6.999232080246733e-05,nan
570,4,6.99923204235861e-05,6.999232080246729e-05,nan
571,1,6.950583288679929e-05,6.95058328867994e-05,nan
571,2,6.950583326043204e-05,6.950583288679936e-05,nan
571,3,6.950583288679945e-05,6.9505833260432e-05,0.02967637026933915
571,4,6.999232034387189e-05,6.999232034387182e-05,nan
572,1,6.950583280819013e-05,6.950583280819024e-05,nan
572,2,6.95058328081902e-05,6.95058328081902e-05,nan
572,3,6.95058328081903e-05,6.950583280819016e-05,nan
572,4,6.950583280819021e-05,6.950583280819016e-05,0.011932583899189586
573,1,6.90260613383555e-05,6.902606133835559e-05,0.11011103191983353
573,2,6.950583273066603e-05,6.950583236219343e-05,nan
573,3,6.950583236219353e-05,6.950583273066599e-05,nan
573,4,6.950583273066605e-05,6.950583273066599e-05,nan
574,1,6.902606126189862e-05,6.90260608984954e-05,nan
574,2,6.902606126189868e-05,6.902606089849537e-05,0.0973600597614255
574,3,6.950583228467107e-05,6.950583265314156e-05,nan
574,4,6.950583228467098e-05,6.950583265314156e-05,nan
575,1,6.902606082203915e-05,6.902606082203926e-05,nan
575,2,6.90260611854406e-05,6.902606082203922e-05,nan
575,3,6.902606082203931e-05,6.902606118544054e-05,0.026845553457374428
575,4,6.950583220714729e-05,6.950583220714722e-05,nan
576,1,6.902606074558274e-05,6.902606074558285e-05,nan
576,2,6.902606074558281e-05,6.902606074558281e-05,nan
576,3,6.902606074558291e-05,6.902606074558276e-05,nan
576,4,6.902606074558283e-05,6.902606074558276e-05,0.01357595928014715
577,1,6.855286722795932e-05,6.855286722795942e-05,0.10565587808737231
577,2,6.902606067017446e-05,6.902606031175742e-05,nan
577,3,6.902606031175751e-05,6.902606067017441e-05,nan
577,4,6.902606067017448e-05,6.902606067017441e-05,nan
578,1,6.855286715358204e-05,6.855286680006237e-05,nan
578,2,6.855286715358211e-05,6.855286680006233e-05,0.09898188015329598
578,3,6.90260602363508e-05,6.902606059476582e-05,nan
578,4,6.902606023635072e-05,6.902606059476582e-05,nan
579,1,6.855286672568566e-05,6.855286672568577e-05,nan
579,2,6.855286707920366e-05,6.855286672568573e-05,nan
579,3,6.855286672568584e-05,6.85528670792036e-05,0.0232456045974669
579,4,6.902606016094282e-05,6.902606016094277e-05,nan
580,1,6.855286665130883e-05,6.855286665130893e-05,nan
580,2,6.855286665130891e-05,6.85528666513089e-05,nan
580,3,6.8552866651309e-05,6.855286665130885e-05,nan
580,4,6.855286665130892e-05,6.855286665130887e-05,0.01606806583584819
581,1,6.808611672539286e-05,6.808611672539297e-05,0.10263540574861318
581,2,6.855286657794467e-05,6.85528662292425e-05,nan
581,3,6.855286622924261e-05,6.855286657794462e-05,nan
581,4,6.855286657794469e-05,6.855286657794463e-05,nan
582,1,6.808611665302494e-05,6.808611630905508e-05,nan
582,2,6.808611665302502e-05,6.808611630905504e-05,0.0999606952125722
582,3,6.855286615587996e-05,6.855286650458016e-05,nan
582,4,6.855286615587987e-05,6.855286650458017e-05,nan
583,1,6.808611623668771e-05,6.808611623668782e-05,nan
583,2,6.808611658065598e-05,6.808611623668778e-05,nan
583,3,6.808611623668789e-05,6.808611658065592e-05,0.020956411331274762
583,4,6.855286608251607e-05,6.855286608251602e-05,nan
584,1,6.808611616432023e-05,6.808611616432034e-05,nan
584,2,6.80861161643203e-05,6.80861161643203e-05,nan
584,3,6.80861161643204e-05,6.808611616432024e-05,nan
584,4,6.808611616432031e-05,6.808611616432027e-05,0.017788472122180498
585,1,6.762567910410859e-05,6.76256791041087e-05,0.16389129769401928
585,2,6.80861160929314e-05,6.808611575361717e-05,nan
585,3,6.808611575361727e-05,6.808611609293134e-05,nan
585,4,6.808611609293141e-05,6.808611609293137e-05,nan
586,1,6.762567903368264e-05,6.762567869894228e-05,nan
586,2,6.762567903368271e-05,6.762567869894224e-05,0.13245824733820627
586,3,6.808611568222988e-05,6.808611602154221e-05,nan
586,4,6.80861156822298e-05,6.808611602154224e-05,nan
587,1,6.762567862851684e-05,6.762567862851695e-05,nan
587,2,6.762567896325567e-05,6.762567862851691e-05,nan
587,3,6.7625678628517e-05,6.76256789632556e-05,0.04676384069422124
587,4,6.80861156108413e-05,6.808611561084127e-05,nan
588,1,6.76256785580913e-05,6.76256785580914e-05,nan
588,2,6.762567855809137e-05,6.762567855809137e-05,nan
588,3,6.762567855809146e-05,6.76256785580913e-05,nan
588,4,6.762567855809138e-05,6.762567855809134e-05,0.014531606372795719
589,1,6.717142715001368e-05,6.717142715001379e-05,0.15940281412247026
589,2,6.762567848861175e-05,6.762567815837165e-05,nan
589,3,6.762567815837175e-05,6.762567848861168e-05,nan
589,4,6.762567848861176e-05,6.762567848861172e-05,nan
590,1,6.717142708146497e-05,6.717142675564663e-05,nan
590,2,6.717142708146505e-05,6.71714267556466e-05,0.13494591041724566
590,3,6.762567808889358e-05,6.762567841913184e-05,nan
590,4,6.76256780888935e-05,6.762567841913188e-05,nan
591,1,6.717142668709843e-05,6.717142668709855e-05,nan
591,2,6.717142701291531e-05,6.717142668709852e-05,nan
591,3,6.717142668709859e-05,6.717142701291525e-05,0.04215074533990014
591,4,6.762567801941429e-05,6.762567801941424e-05,nan
592,1,6.717142661855012e-05,6.717142661855024e-05,nan
592,2,6.71714266185502e-05,6.717142661855022e-05,nan
592,3,6.717142661855029e-05,6.717142661855014e-05,nan
592,4,6.717142661855022e-05,6.717142661855018e-05,0.01691617042309701
593,1,6.672323704428809e-05,6.672323704428822e-05,0.1644274542369206
593,2,6.717142655091648e-05,6.717142622944921e-05,nan
593,3,6.717142622944928e-05,6.717142655091641e-05,nan
593,4,6.71714265509165e-05,6.717142655091645e-05,nan
594,1,6.672323697755451e-05,6.67232366603629e-05,nan
594,2,6.672323697755461e-05,6.672323666036289e-05,0.1408452119426913
594,3,6.717142616181693e-05,6.717142648328247e-05,nan
594,4,6.717142616181688e-05,6.717142648328251e-05,nan
595,1,6.67232365936298e-05,6.67232365936299e-05,nan
595,2,6.672323691082003e-05,6.672323659362989e-05,nan
595,3,6.672323659362996e-05,6.672323691081996e-05,0.04246152026812687
595,4,6.717142609418353e-05,6.717142609418348e-05,nan
596,1,6.67232365268966e-05,6.67232365268967e-05,nan
596,2,6.672323652689668e-05,6.672323652689669e-05,nan
596,3,6.672323652689676e-05,6.672323652689661e-05,nan
596,4,6.672323652689672e-05,6.672323652689667e-05,0.018080525171007465
597,1,6.628098825086279e-05,6.62809882508629e-05,0.2212546656301163
597,2,6.672323646104794e-05,6.67232361480641e-05,nan
597,3,6.672323614806416e-05,6.672323646104788e-05,nan
597,4,6.672323646104799e-05,6.672323646104793e-05,nan
598,1,6.628098818588465e-05,6.628098787703612e-05,nan
598,2,6.628098818588473e-05,6.628098787703611e-05,0.17641637406092855
598,3,6.672323608221676e-05,6.672323639519894e-05,nan
598,4,6.672323608221673e-05,6.6723236395199e-05,nan
599,1,6.628098781205845e-05,6.628098781205855e-05,nan
599,2,6.628098812090564e-05,6.628098781205853e-05,nan
599,3,6.62809878120586e-05,6.628098812090558e-05,0.06377672748660473
599,4,6.672323601636836e-05,6.67232360163683e-05,nan
600,1,6.628098774708067e-05,6.628098774708076e-05,nan
600,2,6.628098774708075e-05,6.628098774708075e-05,nan
600,3,6.628098774708082e-05,6.62809877470807e-05,nan
600,4,6.62809877470808e-05,6.628098774708075e-05,0.017863836963915282
601,1,6.584456340834332e-05,6.584456340834342e-05,0.26297122422170993
601,2,6.62809876829585e-05,6.628098737818005e-05,nan
601,3,6.628098737818012e-05,6.628098768295845e-05,nan
601,4,6.628098768295855e-05,6.62809876829585e-05,nan
602,1,6.584456334506328e-05,6.584456304428531e-05,nan
602,2,6.584456334506336e-05,6.58445630442853e-05,0.2024226212134901
602,3,6.628098731405916e-05,6.6280987618836e-05,nan
602,4,6.628098731405914e-05,6.628098761883606e-05,nan
603,1,6.584456298100571e-05,6.584456298100581e-05,nan
603,2,6.58445632817824e-05,6.58445629810058e-05,nan
603,3,6.584456298100586e-05,6.584456328178234e-05,0.0795874615323801
603,4,6.628098724993725e-05,6.628098724993719e-05,nan
604,1,6.584456291772602e-05,6.584456291772612e-05,nan
604,2,6.58445629177261e-05,6.58445629177261e-05,nan
604,3,6.584456291772617e-05,6.584456291772605e-05,nan
604,4,6.584456291772616e-05,6.58445629177261e-05,0.01777523218710199
605,1,6.541384822617535e-05,6.541384822617545e-05,0.35141367962398073
605,2,6.584456285527412e-05,6.584456255843395e-05,nan
605,3,6.584456255843402e-05,6.584456285527407e-05,nan
605,4,6.584456285527418e-05,6.584456285527412e-05,nan
606,1,6.54138481645383e-05,6.541384787156901e-05,nan
606,2,6.541384816453836e-05,6.541384787156898e-05,0.25408895714330715
606,3,6.584456249598328e-05,6.584456279282191e-05,nan
606,4,6.584456249598327e-05,6.584456279282196e-05,nan
607,1,6.541384780993237e-05,6.541384780993247e-05,nan
607,2,6.541384810290043e-05,6.541384780993244e-05,nan
607,3,6.541384780993252e-05,6.541384810290037e-05,0.1152700746913545
607,4,6.584456243353163e-05,6.584456243353158e-05,nan
608,1,6.541384774829565e-05,6.541384774829575e-05,nan
608,2,6.541384774829572e-05,6.541384774829572e-05,nan
608,3,6.54138477482958e-05,6.541384774829567e-05,nan
608,4,6.541384774829578e-05,6.541384774829572e-05,0.016279711363822308
609,1,6.498873138485902e-05,6.49887313848591e-05,0.4750078920149538
609,2,6.541384768745999e-05,6.54138473983013e-05,nan
609,3,6.541384739830138e-05,6.541384768745993e-05,nan
609,4,6.541384768746004e-05,6.541384768745999e-05,nan
610,1,6.498873132481197e-05,6.498873103939957e-05,nan
610,2,6.498873132481202e-05,6.498873103939954e-05,0.3276925041928509
610,3,6.541384733746684e-05,6.541384762662402e-05,nan
610,4,6.541384733746681e-05,6.541384762662407e-05,nan
611,1,6.498873097935293e-05,6.498873097935302e-05,nan
611,2,6.498873126476412e-05,6.4988730979353e-05,nan
611,3,6.498873097935308e-05,6.498873126476407e-05,0.16527677687623765
611,4,6.54138472766314e-05,6.541384727663135e-05,nan
612,1,6.498873091930621e-05,6.49887309193063e-05,nan
612,2,6.498873091930626e-05,6.498873091930628e-05,nan
612,3,6.498873091930636e-05,6.498873091930621e-05,nan
612,4,6.498873091930632e-05,6.498873091930626e-05,0.015742498714054868
613,1,6.456910444002912e-05,6.456910444002921e-05,0.4787435297034263
613,2,6.498873086003481e-05,6.498873057831077e-05,nan
613,3,6.498873057831086e-05,6.498873086003476e-05,nan
613,4,6.498873086003487e-05,6.498873086003481e-05,nan
614,1,6.456910438152114e-05,6.456910410342355e-05,nan
614,2,6.456910438152117e-05,6.456910410342351e-05,0.331161597835969
614,3,6.498873051904056e-05,6.498873080076315e-05,nan
614,4,6.49887305190405e-05,6.49887308007632e-05,nan
615,1,6.456910404491595e-05,6.456910404491605e-05,nan
615,2,6.456910432301236e-05,6.4569104044916e-05,nan
615,3,6.456910404491609e-05,6.45691043230123e-05,0.16655215685428493
615,4,6.498873045976938e-05,6.498873045976933e-05,nan
616,1,6.456910398640828e-05,6.456910398640838e-05,nan
616,2,6.456910398640831e-05,6.456910398640834e-05,nan
616,3,6.456910398640842e-05,6.456910398640825e-05,nan
616,4,6.456910398640836e-05,6.456910398640831e-05,0.01678667230636551
617,1,6.415486173022762e-05,6.415486173022771e-05,0.5128617784831442
617,2,6.45691039286512e-05,6.456910365412437e-05,nan
617,3,6.456910365412445e-05,6.456910392865115e-05,nan
617,4,6.456910392865126e-05,6.45691039286512e-05,nan
618,1,6.41548616732097e-05,6.415486140219409e-05,nan
618,2,6.415486167320974e-05,6.415486140219405e-05,0.3529938309886842
618,3,6.456910359636845e-05,6.456910387089389e-05,nan
618,4,6.456910359636839e-05,6.456910387089394e-05,nan
619,1,6.415486134517654e-05,6.415486134517663e-05,nan
619,2,6.415486161619103e-05,6.415486134517659e-05,nan
619,3,6.415486134517667e-05,6.415486161619099e-05,0.17979475122058688
619,4,6.456910353861159e-05,6.456910353861155e-05,nan
620,1,6.415486128815893e-05,6.415486128815902e-05,nan
620,2,6.415486128815895e-05,6.415486128815898e-05,nan
620,3,6.415486128815906e-05,6.415486128815891e-05,nan
620,4,6.415486128815901e-05,6.415486128815897e-05,0.01765298232089445
621,1,6.37459002882037e-05,6.374590028820378e-05,0.5028028716536699
621,2,6.415486123186813e-05,6.415486096431014e-05,nan
621,3,6.415486096431022e-05,6.415486123186808e-05,nan
621,4,6.415486123186818e-05,6.415486123186814e-05,nan
622,1,6.374590023262871e-05,6.374589996847104e-05,nan
622,2,6.374590023262874e-05,6.374589996847102e-05,0.34719584437664813
622,3,6.415486090802045e-05,6.41548611755771e-05,nan
622,4,6.415486090802039e-05,6.415486117557715e-05,nan
623,1,6.374589991289642e-05,6.37458999128965e-05,nan
623,2,6.3745900177053e-05,6.374589991289649e-05,nan
623,3,6.374589991289656e-05,6.374590017705294e-05,0.17605062665490592
623,4,6.415486085172986e-05,6.415486085172981e-05,nan
624,1,6.374589985732172e-05,6.37458998573218e-05,nan
624,2,6.374589985732176e-05,6.374589985732179e-05,nan
624,3,6.374589985732186e-05,6.374589985732171e-05,nan
624,4,6.37458998573218e-05,6.374589985732175e-05,0.018296285546061906
625,1,6.334211975558471e-05,6.33421197555848e-05,0.5554651374529695
625,2,6.374589980245098e-05,6.374589954164208e-05,nan
625,3,6.374589954164215e-05,6.374589980245093e-05,nan
625,4,6.374589980245102e-05,6.374589980245097e-05,nan
626,1,6.33421197014073e-05,6.334211944389204e-05,nan
626,2,6.334211970140735e-05,6.334211944389202e-05,0.3790112457444982
626,3,6.374589948677239e-05,6.374589974758e-05,nan
626,4,6.374589948677234e-05,6.374589974758004e-05,nan
627,1,6.334211938971497e-05,6.334211938971505e-05,nan
627,2,6.334211964722921e-05,6.334211938971504e-05,nan
627,3,6.33421193897151e-05,6.334211964722915e-05,0.19788351657633788
627,4,6.374589943190185e-05,6.37458994319018e-05,nan
628,1,6.334211933553783e-05,6.334211933553792e-05,nan
628,2,6.334211933553789e-05,6.33421193355379e-05,nan
628,3,6.334211933553797e-05,6.334211933553783e-05,nan
628,4,6.334211933553794e-05,6.334211933553789e-05,0.01913959136098569
629,1,6.294342230076997e-05,6.294342230077005e-05,0.626187144261677
629,2,6.334211928204265e-05,6.334211902777138e-05,nan
629,3,6.334211902777145e-05,6.33421192820426e-05,nan
629,4,6.33421192820427e-05,6.334211928204265e-05,nan
630,1,6.294342224794648e-05,6.294342199686613e-05,nan
630,2,6.294342224794654e-05,6.294342199686613e-05,0.4208516090887686
630,3,6.33421189742772e-05,6.33421192285472e-05,nan
630,4,6.334211897427716e-05,6.334211922854726e-05,nan
631,1,6.294342194404299e-05,6.294342194404306e-05,nan
631,2,6.294342219512235e-05,6.294342194404306e-05,nan
631,3,6.294342194404312e-05,6.294342219512227e-05,0.22760466456424128
631,4,6.334211892078219e-05,6.334211892078213e-05,nan
632,1,6.294342189121978e-05,6.294342189121985e-05,nan
632,2,6.294342189121982e-05,6.294342189121985e-05,nan
632,3,6.294342189121991e-05,6.294342189121974e-05,nan
632,4,6.294342189121986e-05,6.29434218912198e-05,0.019781640461295588
633,1,6.254971253990578e-05,6.254971253990585e-05,0.6630096459506835
633,2,6.29434218390573e-05,6.29434215911201e-05,nan
633,3,6.294342159112017e-05,6.294342183905721e-05,nan
633,4,6.294342183905733e-05,6.294342183905728e-05,nan
634,1,6.254971248839418e-05,6.2549712243549e-05,nan
634,2,6.254971248839422e-05,6.254971224354901e-05,0.4439460486003543
634,3,6.294342153895859e-05,6.294342178689454e-05,nan
634,4,6.294342153895852e-05,6.29434217868946e-05,nan
635,1,6.254971219203774e-05,6.25497121920378e-05,nan
635,2,6.254971243688195e-05,6.254971219203781e-05,nan
635,3,6.254971219203787e-05,6.254971243688186e-05,0.24216822000233
635,4,6.294342148679625e-05,6.29434214867962e-05,nan
636,1,6.254971214052639e-05,6.254971214052644e-05,nan
636,2,6.254971214052644e-05,6.254971214052645e-05,nan
636,3,6.254971214052652e-05,6.254971214052635e-05,nan
636,4,6.254971214052647e-05,6.254971214052641e-05,0.020588311383852465
637,1,6.216089746080785e-05,6.21608974608079e-05,0.6683048503058342
637,2,6.254971208965538e-05,6.254971184785621e-05,nan
637,3,6.254971184785628e-05,6.254971208965528e-05,nan
637,4,6.25497120896554e-05,6.254971208965535e-05,nan
638,1,6.216089741056767e-05,6.216089717176529e-05,nan
638,2,6.21608974105677e-05,6.216089717176529e-05,0.4424305984826087
638,3,6.254971179698613e-05,6.254971203878408e-05,nan
638,4,6.254971179698607e-05,6.254971203878415e-05,nan
639,1,6.216089712152542e-05,6.216089712152548e-05,nan
639,2,6.216089736032686e-05,6.216089712152548e-05,nan
639,3,6.216089712152555e-05,6.216089736032677e-05,0.24866647583009072
639,4,6.254971174611527e-05,6.254971174611521e-05,nan
640,1,6.216089707128549e-05,6.216089707128554e-05,nan
640,2,6.216089707128553e-05,6.216089707128554e-05,nan
640,3,6.216089707128561e-05,6.216089707128543e-05,nan
640,4,6.216089707128556e-05,6.21608970712855e-05,0.02038575192521886
641,1,6.17768863497038e-05,6.177688634970385e-05,0.8284764375420959
641,2,6.216089702166622e-05,6.216089678581633e-05,nan
641,3,6.21608967858164e-05,6.216089702166612e-05,nan
641,4,6.216089702166624e-05,6.216089702166619e-05,nan
642,1,6.177688630069604e-05,6.177688606775121e-05,nan
642,2,6.177688630069607e-05,6.17768860677512e-05,0.5501673072082778
642,3,6.216089673619795e-05,6.216089697204667e-05,nan
642,4,6.21608967361979e-05,6.216089697204674e-05,nan
643,1,6.177688601874376e-05,6.177688601874382e-05,nan
643,2,6.177688625168768e-05,6.17768860187438e-05,nan
643,3,6.177688601874387e-05,6.17768862516876e-05,0.3055679028421986
643,4,6.216089668657882e-05,6.216089668657878e-05,nan
644,1,6.177688596973625e-05,6.177688596973631e-05,nan
644,2,6.177688596973627e-05,6.17768859697363e-05,nan
644,3,6.177688596973636e-05,6.177688596973619e-05,nan
644,4,6.17768859697363e-05,6.177688596973625e-05,0.02438782876434538
645,1,6.139759072067423e-05,6.139759072067428e-05,0.7977034644912443
645,2,6.177688592133044e-05,6.177688569124798e-05,nan
645,3,6.177688569124804e-05,6.177688592133035e-05,nan
645,4,6.177688592133046e-05,6.177688592133042e-05,nan
646,1,6.139759067286135e-05,6.139759044559554e-05,nan
646,2,6.139759067286135e-05,6.139759044559551e-05,0.5200524844365743
646,3,6.177688564284305e-05,6.177688587292439e-05,nan
646,4,6.1776885642843e-05,6.177688587292445e-05,nan
647,1,6.139759039778297e-05,6.1397590397783e-05,nan
647,2,6.139759062504785e-05,6.139759039778297e-05,nan
647,3,6.139759039778307e-05,6.139759062504778e-05,0.3023506493752859
647,4,6.17768855944374e-05,6.177688559443734e-05,nan
648,1,6.13975903499703e-05,6.139759034997033e-05,nan
648,2,6.13975903499703e-05,6.13975903499703e-05,nan
648,3,6.13975903499704e-05,6.139759034997024e-05,nan
648,4,6.139759034997035e-05,6.139759034997029e-05,0.02209689727901875
649,1,6.102292424767728e-05,6.1022924247677306e-05,0.6934126712710141
649,2,6.139759030274108e-05,6.13975900782508e-05,nan
649,3,6.139759007825089e-05,6.139759030274101e-05,nan
649,4,6.139759030274112e-05,6.139759030274106e-05,nan
650,1,6.1022924201023064e-05,6.102292397926427e-05,nan
650,2,6.1022924201023064e-05,6.102292397926424e-05,0.4376308202032127
650,3,6.139759003102248e-05,6.139759025551166e-05,nan
650,4,6.139759003102242e-05,6.139759025551171e-05,nan
651,1,6.102292393261037e-05,6.102292393261039e-05,nan
651,2,6.1022924154368265e-05,6.1022923932610364e-05,nan
651,3,6.102292393261046e-05,6.1022924154368204e-05,0.27514710244987584
651,4,6.139758998379341e-05,6.139758998379337e-05,nan
652,1,6.102292388595638e-05,6.10229238859564e-05,nan
652,2,6.102292388595637e-05,6.102292388595637e-05,nan
652,3,6.102292388595647e-05,6.102292388595631e-05,nan
652,4,6.1022923885956406e-05,6.1022923885956365e-05,0.01726741131106195
653,1,6.0652802699046976e-05,6.0652802699046996e-05,0.6584730355907054
653,2,6.102292383986822e-05,6.102292362080127e-05,nan
653,3,6.102292362080137e-05,6.102292383986816e-05,nan
653,4,6.102292383986825e-05,6.102292383986821e-05,nan
654,1,6.065280265351654e-05,6.065280243709897e-05,nan
654,2,6.0652802653516536e-05,6.065280243709894e-05,0.4046483060222388
654,3,6.1022923574713994e-05,6.102292379377988e-05,nan
654,4,6.102292357471394e-05,6.1022923793779936e-05,nan
655,1,6.0652802391568846e-05,6.0652802391568866e-05,nan
655,2,6.065280260798555e-05,6.065280239156884e-05,nan
655,3,6.0652802391568934e-05,6.0652802607985486e-05,0.27040524844781993
655,4,6.1022923528626e-05,6.1022923528625955e-05,nan
656,1,6.065280234603863e-05,6.065280234603865e-05,nan
656,2,6.065280234603862e-05,6.065280234603862e-05,nan
656,3,6.065280234603872e-05,6.065280234603856e-05,nan
656,4,6.065280234603866e-05,6.0652802346038616e-05,0.01472228547227913
657,1,6.028714387436087e-05,6.028714387436089e-05,0.6762391683303053
657,2,6.065280230105729e-05,6.065280208725089e-05,nan
657,3,6.065280208725098e-05,6.065280230105723e-05,nan
657,4,6.065280230105733e-05,6.0652802301057284e-05,nan
658,1,6.0287143829920597e-05,6.0287143618684396e-05,nan
658,2,6.028714382992059e-05,6.028714361868437e-05,0.4097836453978341
658,3,6.06528020422704e-05,6.065280225607578e-05,nan
658,4,6.065280204227035e-05,6.0652802256075836e-05,nan
659,1,6.028714357424442e-05,6.028714357424444e-05,nan
659,2,6.028714378547977e-05,6.028714357424441e-05,nan
659,3,6.028714357424451e-05,6.028714378547971e-05,0.2824444144411411
659,4,6.065280199728922e-05,6.065280199728918e-05,nan
660,1,6.028714352980435e-05,6.028714352980437e-05,nan
660,2,6.028714352980435e-05,6.028714352980434e-05,nan
660,3,6.0287143529804436e-05,6.028714352980429e-05,nan
660,4,6.028714352980438e-05,6.028714352980434e-05,0.014186861487538453
661,1,5.992586754357776e-05,5.992586754357778e-05,0.705726810447597
661,2,6.02871434858968e-05,6.028714327719398e-05,nan
661,3,6.028714327719407e-05,6.028714348589674e-05,nan
661,4,6.028714348589684e-05,6.0287143485896796e-05,nan
662,1,5.9925867500195207e-05,5.992586729398625e-05,nan
662,2,5.992586750019519e-05,5.9925867293986215e-05,0.42315486685153014
662,3,6.028714323328726e-05,6.028714344198909e-05,nan
662,4,6.0287143233287204e-05,6.028714344198914e-05,nan
663,1,5.9925867250603986e-05,5.9925867250604e-05,nan
663,2,5.992586745681212e-05,5.9925867250603965e-05,nan
663,3,5.992586725060406e-05,5.992586745681205e-05,0.2986960009419418
663,4,6.028714318937986e-05,6.028714318937982e-05,nan
664,1,5.992586720722163e-05,5.992586720722164e-05,nan
664,2,5.992586720722161e-05,5.992586720722161e-05,nan
664,3,5.99258672072217e-05,5.992586720722154e-05,nan
664,4,5.992586720722164e-05,5.992586720722161e-05,0.01433656266337517
665,1,5.9568895388350584e-05,5.95688953883506e-05,0.8133212712036018
665,2,5.992586716435601e-05,5.992586696060539e-05,nan
665,3,5.9925866960605485e-05,5.992586716435594e-05,nan
665,4,5.992586716435604e-05,5.992586716435601e-05,nan
666,1,5.9568895345994464e-05,5.956889514466408e-05,nan
666,2,5.9568895345994444e-05,5.9568895144664037e-05,0.48673653498834196
666,3,5.992586691774059e-05,5.992586712149023e-05,nan
666,4,5.992586691774053e-05,5.99258671214903e-05,nan
667,1,5.9568895102308235e-05,5.9568895102308256e-05,nan
667,2,5.956889530363782e-05,5.9568895102308215e-05,nan
667,3,5.956889510230831e-05,5.956889530363776e-05,0.345590202832466
667,4,5.9925866874875126e-05,5.9925866874875085e-05,nan
668,1,5.9568895059952305e-05,5.9568895059952326e-05,nan
668,2,5.9568895059952285e-05,5.9568895059952285e-05,nan
668,3,5.956889505995238e-05,5.9568895059952224e-05,nan
668,4,5.9568895059952326e-05,5.9568895059952285e-05,0.01700194493773581
669,1,5.921615094542456e-05,5.921615094542458e-05,0.9067170951658481
669,2,5.95688950180979e-05,5.9568894819153476e-05,nan
669,3,5.956889481915357e-05,5.956889501809784e-05,nan
669,4,5.956889501809794e-05,5.95688950180979e-05,nan
670,1,5.92161509040647e-05,5.9216150707469464e-05,nan
670,2,5.921615090406468e-05,5.921615070746943e-05,0.5339913006807538
670,3,5.9568894777299864e-05,5.956889497624335e-05,nan
670,4,5.956889477729981e-05,5.9568894976243414e-05,nan
671,1,5.921615066610987e-05,5.921615066610989e-05,nan
671,2,5.921615086270434e-05,5.9216150666109854e-05,nan
671,3,5.921615066610994e-05,5.9216150862704263e-05,0.39240022331427993
671,4,5.9568894735445615e-05,5.956889473544557e-05,nan
672,1,5.92161506247502e-05,5.921615062475022e-05,nan
672,2,5.921615062475017e-05,5.9216150624750184e-05,nan
672,3,5.921615062475027e-05,5.9216150624750096e-05,nan
672,4,5.921615062475021e-05,5.9216150624750164e-05,0.017504915407197764
673,1,5.886755955203455e-05,5.8867559552034573e-05,0.9085096868813709
673,2,5.921615058387736e-05,5.921615038959825e-05,nan
673,3,5.921615038959834e-05,5.921615058387729e-05,nan
673,4,5.92161505838774e-05,5.9216150583877355e-05,nan
674,1,5.886755951164183e-05,5.8867559319643346e-05,nan
674,2,5.886755951164181e-05,5.886755931964331e-05,0.5294048598585049
674,3,5.921615034872619e-05,5.9216150543004376e-05,nan
674,4,5.921615034872613e-05,5.9216150543004444e-05,nan
675,1,5.886755927925088e-05,5.88675592792509e-05,nan
675,2,5.8867559471248616e-05,5.8867559279250865e-05,nan
675,3,5.886755927925096e-05,5.886755947124854e-05,0.39739191875656305
675,4,5.92161503078535e-05,5.921615030785345e-05,nan
676,1,5.886755923885834e-05,5.886755923885836e-05,nan
676,2,5.886755923885831e-05,5.8867559238858324e-05,nan
676,3,5.886755923885842e-05,5.8867559238858236e-05,nan
676,4,5.8867559238858365e-05,5.886755923885831e-05,0.016198550123159475
677,1,5.852304829321968e-05,5.85230482932197e-05,0.9113504717711067
677,2,5.886755919893847e-05,5.886755900918871e-05,nan
677,3,5.88675590091888e-05,5.886755919893839e-05,nan
677,4,5.886755919893852e-05,5.886755919893847e-05,nan
678,1,5.8523048253765995e-05,5.852304806623069e-05,nan
678,2,5.852304825376596e-05,5.852304806623066e-05,0.5199727446485647
678,3,5.886755896926959e-05,5.8867559159018455e-05,nan
678,4,5.8867558969269536e-05,5.886755915901853e-05,nan
679,1,5.852304802677725e-05,5.852304802677727e-05,nan
679,2,5.8523048214311824e-05,5.852304802677724e-05,nan
679,3,5.852304802677733e-05,5.852304821431175e-05,0.40596193342672704
679,4,5.886755892934987e-05,5.8867558929349815e-05,nan
680,1,5.852304798732374e-05,5.852304798732376e-05,nan
680,2,5.8523047987323705e-05,5.8523047987323725e-05,nan
680,3,5.852304798732381e-05,5.852304798732363e-05,nan
680,4,5.8523047987323766e-05,5.852304798732371e-05,0.012564746493715017
681,1,5.8182545950977236e-05,5.8182545950977257e-05,0.9184341398401735
681,2,5.8523047948329215e-05,5.852304776297758e-05,nan
681,3,5.852304776297767e-05,5.852304794832914e-05,nan
681,4,5.8523047948329276e-05,5.852304794832922e-05,nan
682,1,5.8182545912435455e-05,5.81825457292344e-05,nan
682,2,5.818254591243542e-05,5.818254572923436e-05,0.5175524621379737
682,3,5.852304772398379e-05,5.852304790933456e-05,nan
682,4,5.852304772398374e-05,5.8523047909334644e-05,nan
683,1,5.818254569069285e-05,5.8182545690692875e-05,nan
683,2,5.8182545873893206e-05,5.8182545690692834e-05,nan
683,3,5.818254569069292e-05,5.818254587389313e-05,0.41354492635901646
683,4,5.852304768498942e-05,5.8523047684989375e-05,nan
684,1,5.8182545652151236e-05,5.818254565215126e-05,nan
684,2,5.818254565215121e-05,5.818254565215122e-05,nan
684,3,5.818254565215131e-05,5.8182545652151134e-05,nan
684,4,5.818254565215126e-05,5.8182545652151216e-05,0.010702059218333124
685,1,5.784598295518132e-05,5.784598295518135e-05,0.9253946323677829
685,2,5.8182545614055414e-05,5.8182545432975206e-05,nan
685,3,5.8182545432975294e-05,5.818254561405534e-05,nan
685,4,5.818254561405547e-05,5.818254561405542e-05,nan
686,1,5.784598291752525e-05,5.784598273853395e-05,nan
686,2,5.784598291752521e-05,5.7845982738533894e-05,0.5151437454092972
686,3,5.818254539488009e-05,5.818254557595946e-05,nan
686,4,5.818254539488004e-05,5.818254557595954e-05,nan
687,1,5.7845982700878095e-05,5.784598270087812e-05,nan
687,2,5.7845982879868714e-05,5.784598270087807e-05,nan
687,3,5.784598270087816e-05,5.7845982879868646e-05,0.4211625522359631
687,4,5.818254535678441e-05,5.818254535678436e-05,nan
688,1,5.784598266322218e-05,5.784598266322221e-05,nan
688,2,5.784598266322215e-05,5.7845982663222155e-05,nan
688,3,5.784598266322225e-05,5.784598266322208e-05,nan
688,4,5.784598266322221e-05,5.784598266322216e-05,0.009007120966257654
689,1,5.751329133619518e-05,5.751329133619521e-05,0.937447573102075
689,2,5.784598262599931e-05,5.7845982449068184e-05,nan
689,3,5.784598244906828e-05,5.7845982625999245e-05,nan
689,4,5.784598262599937e-05,5.7845982625999326e-05,nan
690,1,5.751329129939953e-05,5.751329112449775e-05,nan
690,2,5.751329129939949e-05,5.751329112449769e-05,0.5131563729047032
690,3,5.784598241184601e-05,5.784598258877632e-05,nan
690,4,5.784598241184597e-05,5.78459825887764e-05,nan
691,1,5.7513291087702305e-05,5.751329108770233e-05,nan
691,2,5.751329126260343e-05,5.751329108770227e-05,nan
691,3,5.751329108770236e-05,5.7513291262603354e-05,0.4330607448980555
691,4,5.784598237462329e-05,5.7845982374623244e-05,nan
692,1,5.75132910509068e-05,5.751329105090683e-05,nan
692,2,5.7513291050906774e-05,5.751329105090677e-05,nan
692,3,5.7513291050906855e-05,5.75132910509067e-05,nan
692,4,5.751329105090683e-05,5.751329105090678e-05,0.00691384512575262
693,1,5.718440467910951e-05,5.718440467910954e-05,0.9473126154398739
693,2,5.751329101453203e-05,5.751329084163182e-05,nan
693,3,5.751329084163191e-05,5.7513291014531954e-05,nan
693,4,5.751329101453208e-05,5.7513291014532035e-05,nan
694,1,5.718440464314983e-05,5.718440447222145e-05,nan
694,2,5.7184404643149805e-05,5.718440447222138e-05,0.5111044977650878
694,3,5.751329080525771e-05,5.751329097815713e-05,nan
694,4,5.7513290805257685e-05,5.751329097815721e-05,nan
695,1,5.718440443626197e-05,5.7184404436262e-05,nan
695,2,5.718440460718973e-05,5.718440443626193e-05,nan
695,3,5.7184404436262014e-05,5.718440460718965e-05,0.44332142203973035
695,4,5.751329076888309e-05,5.751329076888305e-05,nan
696,1,5.718440440030245e-05,5.718440440030248e-05,nan
696,2,5.7184404400302416e-05,5.718440440030241e-05,nan
696,3,5.718440440030249e-05,5.7184404400302335e-05,nan
696,4,5.7184404400302464e-05,5.718440440030242e-05,0.005309097487047116
697,1,5.685925807954187e-05,5.6859258079541894e-05,0.9580779684129263
697,2,5.7184404364751745e-05,5.7184404195768334e-05,nan
697,3,5.7184404195768415e-05,5.7184404364751664e-05,nan
697,4,5.718440436475179e-05,5.718440436475175e-05,nan
698,1,5.685925804439456e-05,5.685925787732737e-05,nan
698,2,5.6859258044394526e-05,5.6859257877327306e-05,0.5092314830939599
698,3,5.718440416021828e-05,5.718440432920091e-05,nan
698,4,5.7184404160218246e-05,5.7184404329201e-05,nan
699,1,5.685925784218026e-05,5.6859257842180284e-05,nan
699,2,5.685925800924684e-05,5.685925784218022e-05,nan
699,3,5.685925784218031e-05,5.685925800924676e-05,0.45445605734819383
699,4,5.7184404124667724e-05,5.7184404124667676e-05,nan
700,1,5.685925780703309e-05,5.685925780703312e-05,nan
700,2,5.6859257807033065e-05,5.685925780703306e-05,nan
700,3,5.6859257807033146e-05,5.6859257807032984e-05,nan
700,4,5.685925780703311e-05,5.6859257807033065e-05,0.003856977905321053
701,1,5.6537788100935556e-05,5.653778810093558e-05,0.9492736575234111
701,2,5.685925777228327e-05,5.6859257607106354e-05,nan
701,3,5.685925760710644e-05,5.6859257772283186e-05,nan
701,4,5.6859257772283315e-05,5.685925777228327e-05,nan
702,1,5.6537788066577806e-05,5.65377879032634e-05,nan
702,2,5.6537788066577786e-05,5.6537787903263335e-05,0.5053794673438748
702,3,5.685925757235715e-05,5.685925773753331e-05,nan
702,4,5.6859257572357125e-05,5.685925773753339e-05,nan
703,1,5.6537787868905835e-05,5.653778786890587e-05,nan
703,2,5.653778803221967e-05,5.65377878689058e-05,nan
703,3,5.653778786890589e-05,5.653778803221959e-05,0.4496247023785801
703,4,5.685925753760747e-05,5.6859257537607416e-05,nan
704,1,5.653778783454823e-05,5.653778783454826e-05,nan
704,2,5.6537787834548214e-05,5.6537787834548194e-05,nan
704,3,5.653778783454828e-05,5.653778783454813e-05,nan
704,4,5.6537787834548255e-05,5.65377878345482e-05,0.004031455354619974
705,1,5.621993273329892e-05,5.6219932733298955e-05,0.9430178418490139
705,2,5.653778780057686e-05,5.653778763909986e-05,nan
705,3,5.653778763909995e-05,5.653778780057678e-05,nan
705,4,5.65377878005769e-05,5.6537787800576846e-05,nan
706,1,5.621993269970869e-05,5.621993254004228e-05,nan
706,2,5.6219932699708684e-05,5.621993254004223e-05,0.5018160803913343
706,3,5.653778760512909e-05,5.653778776660535e-05,nan
706,4,5.653778760512906e-05,5.653778776660542e-05,nan
707,1,5.621993250645222e-05,5.6219932506452256e-05,nan
707,2,5.6219932666118095e-05,5.62199325064522e-05,nan
707,3,5.6219932506452276e-05,5.621993266611801e-05,0.4468748255320705
707,4,5.6537787571157844e-05,5.653778757115779e-05,nan
708,1,5.621993247286212e-05,5.6219932472862154e-05,nan
708,2,5.621993247286212e-05,5.62199324728621e-05,nan
708,3,5.6219932472862175e-05,5.621993247286203e-05,nan
708,4,5.6219932472862154e-05,5.62199324728621e-05,0.0040121110555693265
709,1,5.5905631353328634e-05,5.590563135332867e-05,0.9368382905831261
709,2,5.621993243964753e-05,5.621993228176744e-05,nan
709,3,5.621993228176752e-05,5.6219932439647445e-05,nan
709,4,5.621993243964757e-05,5.621993243964751e-05,nan
710,1,5.590563132048459e-05,5.59056311643649e-05,nan
710,2,5.59056313204846e-05,5.590563116436485e-05,0.49829783813838596
710,3,5.621993224855341e-05,5.621993240643279e-05,nan
710,4,5.621993224855338e-05,5.621993240643286e-05,nan
711,1,5.590563113152103e-05,5.590563113152107e-05,nan
711,2,5.590563128764022e-05,5.590563113152102e-05,nan
711,3,5.590563113152109e-05,5.590563128764013e-05,0.44415723340500163
711,4,5.621993221533893e-05,5.621993221533888e-05,nan
712,1,5.590563109867712e-05,5.5905631098677164e-05,nan
712,2,5.590563109867713e-05,5.5905631098677116e-05,nan
712,3,5.5905631098677184e-05,5.590563109867704e-05,nan
712,4,5.5905631098677164e-05,5.5905631098677116e-05,0.00399310305479761
713,1,5.5594824685863134e-05,5.5594824685863175e-05,0.9307336529174535
713,2,5.5905631066198356e-05,5.5905630911815576e-05,nan
713,3,5.5905630911815644e-05,5.590563106619827e-05,nan
713,4,5.590563106619839e-05,5.590563106619834e-05,nan
714,1,5.559482465374469e-05,5.5594824501073776e-05,nan
714,2,5.559482465374471e-05,5.5594824501073735e-05,0.4948239190235215
714,3,5.590563087933733e-05,5.5905631033719427e-05,nan
714,4,5.590563087933732e-05,5.59056310337195e-05,nan
715,1,5.559482446895548e-05,5.5594824468955526e-05,nan
715,2,5.559482462162594e-05,5.5594824468955486e-05,nan
715,3,5.559482446895555e-05,5.559482462162584e-05,0.44147136703948
715,4,5.590563084685867e-05,5.5905630846858625e-05,nan
716,1,5.559482443683716e-05,5.559482443683721e-05,nan
716,2,5.559482443683719e-05,5.559482443683717e-05,nan
716,3,5.559482443683723e-05,5.5594824436837094e-05,nan
716,4,5.559482443683722e-05,5.5594824436837175e-05,0.003974423050456715
717,1,5.5287454766614856e-05,5.52874547666149e-05,0.9247026093355014
717,2,5.559482440507396e-05,5.559482425409218e-05,nan
717,3,5.559482425409224e-05,5.559482440507387e-05,nan
717,4,5.5594824405073995e-05,5.559482440507395e-05,nan
718,1,5.5287454735202084e-05,5.5287454585885225e-05,nan
718,2,5.52874547352021e-05,5.528745458588518e-05,0.4913935209207761
718,3,5.559482422232947e-05,5.559482437331057e-05,nan
718,4,5.5594824222329456e-05,5.559482437331065e-05,nan
719,1,5.52874545544726e-05,5.5287454554472636e-05,nan
719,2,5.5287454703789e-05,5.528745455447259e-05,nan
719,3,5.5287454554472656e-05,5.5287454703788905e-05,0.4388166802367916
719,4,5.559482419056636e-05,5.55948241905663e-05,nan
720,1,5.528745452305995e-05,5.5287454523059985e-05,nan
720,2,5.528745452305996e-05,5.528745452305994e-05,nan
720,3,5.5287454523060005e-05,5.528745452305986e-05,nan
720,4,5.528745452305999e-05,5.528745452305994e-05,0.0039560629883632625
721,1,5.498346490613181e-05,5.498346490613185e-05,0.9187438707190767
721,2,5.528745449199269e-05,5.528745434431877e-05,nan
721,3,5.5287454344318835e-05,5.528745449199259e-05,nan
721,4,5.528745449199272e-05,5.5287454491992667e-05,nan
722,1,5.498346487540543e-05,5.498346472935102e-05,nan
722,2,5.498346487540544e-05,5.498346472935098e-05,0.4880058605751771
722,3,5.5287454313252e-05,5.528745446092525e-05,nan
722,4,5.5287454313251984e-05,5.528745446092533e-05,nan
723,1,5.498346469862479e-05,5.498346469862482e-05,nan
723,2,5.4983464844678746e-05,5.498346469862478e-05,nan
723,3,5.498346469862485e-05,5.498346484467865e-05,0.43619263919663215
723,4,5.528745428218483e-05,5.5287454282184774e-05,nan
724,1,5.4983464667898524e-05,5.498346466789856e-05,nan
724,2,5.498346466789854e-05,5.498346466789852e-05,nan
724,3,5.4983464667898585e-05,5.498346466789844e-05,nan
724,4,5.4983464667898565e-05,5.498346466789851e-05,0.003938015053405923
725,1,5.468279965494165e-05,5.4682799654941685e-05,0.9128561774850275
725,2,5.4983464637508256e-05,5.4983464493052106e-05,nan
725,3,5.4983464493052174e-05,5.498346463750816e-05,nan
725,4,5.498346463750828e-05,5.498346463750823e-05,nan
726,1,5.468279962488302e-05,5.4682799482002454e-05,nan
726,2,5.468279962488302e-05,5.46827994820024e-05,0.4846601730574809
726,3,5.498346446266231e-05,5.498346460711782e-05,nan
726,4,5.498346446266229e-05,5.4983464607117886e-05,nan
727,1,5.4682799451943965e-05,5.468279945194399e-05,nan
727,2,5.4682799594824084e-05,5.468279945194394e-05,nan
727,3,5.468279945194401e-05,5.468279959482399e-05,0.43359872216838014
727,4,5.4983464432272126e-05,5.498346443227208e-05,nan
728,1,5.468279942188544e-05,5.468279942188547e-05,nan
728,2,5.468279942188545e-05,5.4682799421885415e-05,nan
728,3,5.468279942188549e-05,5.4682799421885354e-05,nan
728,4,5.468279942188546e-05,5.4682799421885415e-05,0.003920271661298051
729,1,5.438540476983315e-05,5.438540476983318e-05,0.9070382987510619
729,2,5.468279939215383e-05,5.4682799250828257e-05,nan
729,3,5.468279925082833e-05,5.468279939215373e-05,nan
729,4,5.468279939215384e-05,5.468279939215379e-05,nan
730,1,5.4385404740424215e-05,5.438540460063175e-05,nan
730,2,5.438540474042423e-05,5.438540460063168e-05,0.4813557112376591
730,3,5.4682799221097115e-05,5.468279936242205e-05,nan
730,4,5.468279922109709e-05,5.468279936242211e-05,nan
731,1,5.4385404571222953e-05,5.438540457122299e-05,nan
731,2,5.438540471101501e-05,5.438540457122292e-05,nan
731,3,5.4385404571223e-05,5.438540471101491e-05,0.43103441911415374
731,4,5.4682799191365575e-05,5.4682799191365534e-05,nan
732,1,5.438540454181413e-05,5.4385404541814166e-05,nan
732,2,5.4385404541814146e-05,5.43854045418141e-05,nan
732,3,5.438540454181418e-05,5.438540454181405e-05,nan
732,4,5.438540454181415e-05,5.438540454181411e-05,0.0039028254506502133
733,1,5.4091227181231944e-05,5.409122718123198e-05,0.9012890315295663
733,2,5.438540451272343e-05,5.43854043744441e-05,nan
733,3,5.438540437444418e-05,5.4385404512723334e-05,nan
733,4,5.4385404512723436e-05,5.4385404512723395e-05,nan
734,1,5.409122715245526e-05,5.40912270156679e-05,nan
734,2,5.4091227152455273e-05,5.409122701566784e-05,0.47809174527624154
734,3,5.438540434535386e-05,5.438540448363256e-05,nan
734,4,5.438540434535383e-05,5.438540448363262e-05,nan
735,1,5.4091226986891354e-05,5.409122698689138e-05,nan
735,2,5.4091227123678305e-05,5.409122698689132e-05,nan
735,3,5.4091226986891395e-05,5.409122712367821e-05,0.4284992313830065
735,4,5.4385404316263224e-05,5.4385404316263184e-05,nan
736,1,5.409122695811477e-05,5.40912269581148e-05,nan
736,2,5.409122695811479e-05,5.409122695811474e-05,nan
736,3,5.409122695811481e-05,5.40912269581147e-05,nan
736,4,5.40912269581148e-05,5.409122695811476e-05,0.003885669275352184
737,1,5.380021496162948e-05,5.3800214961629504e-05,0.8956071999482937
737,2,5.4091226929647804e-05,5.4091226794333084e-05,nan
737,3,5.409122679433316e-05,5.409122692964771e-05,nan
737,4,5.409122692964781e-05,5.409122692964777e-05,nan
738,1,5.380021493346813e-05,5.380021479960557e-05,nan
738,2,5.380021493346817e-05,5.380021479960552e-05,0.4748675621328691
738,3,5.409122676586655e-05,5.409122690118066e-05,nan
738,4,5.4091226765866536e-05,5.409122690118072e-05,nan
739,1,5.380021477144436e-05,5.380021477144439e-05,nan
739,2,5.3800214905306556e-05,5.3800214771444336e-05,nan
739,3,5.380021477144442e-05,5.380021490530645e-05,0.4259926713959458
739,4,5.409122673739965e-05,5.409122673739961e-05,nan
740,1,5.3800214743283126e-05,5.380021474328315e-05,nan
740,2,5.380021474328316e-05,5.38002147432831e-05,nan
740,3,5.380021474328318e-05,5.380021474328305e-05,nan
740,4,5.380021474328316e-05,5.380021474328312e-05,0.003868796197257003
741,1,5.351231729502556e-05,5.3512317295025586e-05,0.8899916544968494
741,2,5.380021471542327e-05,5.3800214582994135e-05,nan
741,3,5.3800214582994216e-05,5.380021471542316e-05,nan
741,4,5.380021471542327e-05,5.380021471542323e-05,nan
742,1,5.351231726746321e-05,5.351231713644768e-05,nan
742,2,5.3512317267463236e-05,5.351231713644762e-05,0.4716824650913818
742,3,5.38002145551347e-05,5.380021468756322e-05,nan
742,4,5.380021455513468e-05,5.3800214687563286e-05,nan
743,1,5.351231710888546e-05,5.351231710888548e-05,nan
743,2,5.3512317239900614e-05,5.351231710888542e-05,nan
743,3,5.351231710888551e-05,5.3512317239900506e-05,0.42351426234134687
743,4,5.380021452727489e-05,5.380021452727485e-05,nan
744,1,5.3512317081323205e-05,5.3512317081323226e-05,nan
744,2,5.351231708132323e-05,5.3512317081323165e-05,nan
744,3,5.351231708132325e-05,5.3512317081323124e-05,nan
744,4,5.351231708132323e-05,5.351231708132319e-05,0.003852199479143621
745,1,5.322748444734684e-05,5.322748444734686e-05,0.8844412712980624
745,2,5.351231705405435e-05,5.3512316924434286e-05,nan
745,3,5.3512316924434374e-05,5.351231705405424e-05,nan
745,4,5.351231705405435e-05,5.351231705405431e-05,nan
746,1,5.322748442036763e-05,5.3227484292123857e-05,nan
746,2,5.3227484420367653e-05,5.322748429212379e-05,0.4685357733008283
746,3,5.351231689716585e-05,5.35123170267853e-05,nan
746,4,5.351231689716583e-05,5.351231702678537e-05,nan
747,1,5.322748426514478e-05,5.32274842651448e-05,nan
747,2,5.322748439338819e-05,5.322748426514473e-05,nan
747,3,5.3227484265144814e-05,5.322748439338808e-05,0.4210635378803113
747,4,5.351231686989704e-05,5.3512316869897e-05,nan
748,1,5.322748423816567e-05,5.322748423816569e-05,nan
748,2,5.322748423816568e-05,5.322748423816562e-05,nan
748,3,5.32274842381657e-05,5.3227484238165574e-05,nan
748,4,5.322748423816569e-05,5.322748423816565e-05,0.003835872577951586
749,1,5.2945667737805006e-05,5.294566773780502e-05,0.8789549514032788
749,2,5.322748421147221e-05,5.3227484084587144e-05,nan
749,3,5.3227484084587225e-05,5.3227484211472103e-05,nan
749,4,5.322748421147222e-05,5.322748421147218e-05,nan
750,1,5.2945667711393604e-05,5.294566758584866e-05,nan
750,2,5.2945667711393604e-05,5.294566758584858e-05,0.465426821331701
750,3,5.32274840578941e-05,5.3227484184778585e-05,nan
750,4,5.3227484057894086e-05,5.322748418477866e-05,nan
751,1,5.2945667559437384e-05,5.29456675594374e-05,nan
751,2,5.294566768498195e-05,5.294566755943732e-05,nan
751,3,5.2945667559437404e-05,5.2945667684981856e-05,0.41864004186162057
751,4,5.322748403120071e-05,5.3227484031200677e-05,nan
752,1,5.294566753302607e-05,5.2945667533026084e-05,nan
752,2,5.294566753302608e-05,5.294566753302601e-05,nan
752,3,5.294566753302609e-05,5.294566753302598e-05,nan
752,4,5.294566753302608e-05,5.294566753302604e-05,0.00381980913827662
753,1,5.266681951116007e-05,5.2666819511160085e-05,0.873531620110547
753,2,5.294566750689292e-05,5.294566738267108e-05,nan
753,3,5.294566738267116e-05,5.294566750689283e-05,nan
753,4,5.294566750689292e-05,5.294566750689289e-05,nan
754,1,5.266681948530161e-05,5.266681936238488e-05,nan
754,2,5.266681948530161e-05,5.2666819362384805e-05,0.462354958746892
754,3,5.2945667356538346e-05,5.2945667480759624e-05,nan
754,4,5.294566735653833e-05,5.2945667480759685e-05,nan
755,1,5.266681933652654e-05,5.266681933652656e-05,nan
755,2,5.266681945944291e-05,5.266681933652649e-05,nan
755,3,5.266681933652657e-05,5.266681945944283e-05,0.4162433280459834
755,4,5.294566733040527e-05,5.294566733040524e-05,nan
756,1,5.266681931066817e-05,5.266681931066819e-05,nan
756,2,5.266681931066817e-05,5.266681931066812e-05,nan
756,3,5.26668193106682e-05,5.266681931066809e-05,nan
756,4,5.2666819310668186e-05,5.266681931066815e-05,0.0038040029861123657
757,1,5.2390893110855614e-05,5.2390893110855634e-05,0.8681702263051086
757,2,5.266681928508071e-05,5.2666819163452606e-05,nan
757,3,5.266681916345269e-05,5.266681928508063e-05,nan
757,4,5.266681928508072e-05,5.266681928508069e-05,nan
758,1,5.2390893085535705e-05,5.2390892965178775e-05,nan
758,2,5.2390893085535705e-05,5.239089296517871e-05,0.4593195496868074
758,3,5.266681913786555e-05,5.266681925949312e-05,nan
758,4,5.2666819137865536e-05,5.266681925949318e-05,nan
759,1,5.239089293985899e-05,5.2390892939859e-05,nan
759,2,5.239089306021556e-05,5.2390892939858934e-05,nan
759,3,5.2390892939859015e-05,5.239089306021548e-05,0.4138729598391279
759,4,5.266681911227817e-05,5.2666819112278134e-05,nan
760,1,5.239089291453917e-05,5.239089291453918e-05,nan
760,2,5.239089291453916e-05,5.239089291453911e-05,nan
760,3,5.2390892914539195e-05,5.239089291453908e-05,nan
760,4,5.239089291453918e-05,5.239089291453915e-05,0.003788448122833627
