update_step,landmark_label,cov_x,cov_y,NIS
1,1,0.002824074061617333,0.0028240740616188942,0.0
2,1,0.0028172819100022025,0.0028056107761174343,nan
2,2,0.0028172819100037434,0.0028056107761158947,0.0
3,1,0.002799782150322046,0.002799782150323567,nan
3,2,0.002813824300186231,0.002803418472501022,nan
3,3,0.002803418472502562,0.0028138243001846917,0.0
4,1,0.0027975496652783544,0.0027975496652798753,nan
4,2,0.0027975496652798758,0.0027975496652783544,nan
4,3,0.0027975496652798766,0.0027975496652783553,nan
4,4,0.002797549665278356,0.0027975496652798766,0.0
5,1,0.00160072670038353,0.0016007267003844824,0.0
5,2,0.0027967473548949845,0.002795002763030459,nan
5,3,0.0027950027630319787,0.0027967473548934666,nan
5,4,0.002797240762782682,0.0027972407627842024,nan
6,1,0.001600442437858962,0.0015998802062774224,nan
6,2,0.0016004424378599138,0.0015998802062764704,0.0
6,3,0.0027947201012244603,0.0027964413357870407,nan
6,4,0.0027947201012229425,0.0027964413357885595,nan
7,1,0.0015996020845482596,0.0015996020845492102,nan
7,2,0.0016003420867605012,0.0015997873324826752,nan
7,3,0.0015997873324836275,0.0016003420867595497,0.0
7,4,0.0027939389807901923,0.0027939389807917075,nan
8,1,0.0015995102098472684,0.0015995102098482188,nan
8,2,0.001599510209848219,0.0015995102098472678,nan
8,3,0.001599510209848219,0.0015995102098472684,nan
8,4,0.0015995102098472684,0.0015995102098482193,0.0
9,1,0.0011209555601492207,0.0011209555601499096,0.0
9,2,0.0015993990040922299,0.0015991700611066207,nan
9,3,0.0015991700611075715,0.0015993990040912797,nan
9,4,0.0015994732693642634,0.0015994732693652143,nan
10,1,0.0011208992256844183,0.001120787548183597,nan
10,2,0.001120899225685107,0.001120787548182908,0.0
10,3,0.0015991344949679552,0.0015993622560862447,nan
10,4,0.001599134494967005,0.001599362256087195,nan
11,1,0.0011207316974604425,0.0011207316974611312,nan
11,2,0.0011208811543392194,0.001120770051861596,nan
11,3,0.0011207700518622854,0.001120881154338531,0.0
11,4,0.001599024457893889,0.001599024457894839,nan
12,1,0.0011207142970531816,0.0011207142970538703,nan
12,2,0.00112071429705387,0.0011207142970531812,nan
12,3,0.0011207142970538705,0.0011207142970531816,nan
12,4,0.0011207142970531816,0.0011207142970538703,0.0
13,1,0.0008627510570839664,0.0008627510570845061,0.0
13,2,0.0011206842050643872,0.0011206235306024514,nan
13,3,0.0011206235306031407,0.001120684205063699,nan
13,4,0.0011207048978104884,0.0011207048978111771,nan
14,1,0.0008627329266458783,0.0008626971053762799,nan
14,2,0.0008627329266464178,0.0008626971053757401,0.0
14,3,0.0011206143271007705,0.0011206748356867525,nan
14,4,0.0011206143271000816,0.0011206748356874412,nan
15,1,0.0008626790582391084,0.000862679058239648,nan
15,2,0.0008627273695533571,0.000862691646078696,nan
15,3,0.000862691646079236,0.0008627273695528177,0.0
15,4,0.0011205844048932823,0.001120584404893971,nan
16,1,0.000862673616753106,0.0008626736167536457,nan
16,2,0.0008626736167536455,0.0008626736167531058,nan
16,3,0.0008626736167536457,0.0008626736167531062,nan
16,4,0.000862673616753106,0.0008626736167536457,0.0
17,1,0.0007012948712287904,0.0007012948712292338,0.0
17,2,0.0008626623306493989,0.0008626398211539672,nan
17,3,0.0008626398211545069,0.0008626623306488596,nan
17,4,0.00086267020886052,0.0008626702088610595,nan
18,1,0.0007012873356712376,0.000701272495873259,nan
18,2,0.0007012873356716809,0.0007012724958728154,0.0
18,3,0.0008626364585844308,0.0008626589299856505,nan
18,4,0.0008626364585838913,0.0008626589299861899,nan
19,1,0.000701264981852572,0.0007012649818530153,nan
19,2,0.000701285087066988,0.0007012702723604653,nan
19,3,0.0007012702723609087,0.0007012850870665449,0.0
19,4,0.000862625212207426,0.0008626252122079654,nan
20,1,0.0007012627631343083,0.0007012627631347516,nan
20,2,0.0007012627631347514,0.000701262763134308,nan
20,3,0.0007012627631347515,0.0007012627631343083,nan
20,4,0.0007012627631343082,0.0007012627631347515,0.0
21,1,0.000590764997601155,0.0005907649976015314,0.0
21,2,0.0007012576195020903,0.0007012474291451041,nan
21,3,0.0007012474291455476,0.0007012576195016472,nan
21,4,0.0007012612429116881,0.0007012612429121314,nan
22,1,0.0005907613215476315,0.0005907541015987688,nan
22,2,0.0005907613215480075,0.0005907541015983924,0.0
22,3,0.0007012459229473674,0.0007012561015780036,nan
22,4,0.000701245922946924,0.0007012561015784469,nan
23,1,0.0005907504327083306,0.0005907504327087069,nan
23,2,0.0005907602438656038,0.0005907530322187902,nan
23,3,0.0005907530322191664,0.0005907602438652278,0.0
23,4,0.0007012407916879512,0.0007012407916883945,nan
24,1,0.0005907493649638006,0.0005907493649641769,nan
24,2,0.0005907493649641766,0.0005907493649638006,nan
24,3,0.0005907493649641768,0.0005907493649638006,nan
24,4,0.0005907493649638006,0.0005907493649641767,0.0
25,1,0.0005103416219122395,0.0005103416219125662,0.0
25,2,0.0005907466956591195,0.0005907414311344801,nan
25,3,0.0005907414311348563,0.0005907466956587435,nan
25,4,0.0005907485876167672,0.0005907485876171433,nan
26,1,0.0005103396196429882,0.0005103356954999416,nan
26,2,0.0005103396196433148,0.0005103356954996149,0.0
26,3,0.0005907406590530755,0.0005907459191909657,nan
26,4,0.0005907406590526993,0.0005907459191913418,nan
27,1,0.0005103336960604218,0.0005103336960607486,nan
27,2,0.0005103390399897655,0.0005103351191139968,nan
27,3,0.0005103351191143235,0.0005103390399894389,0.0
27,4,0.0005907379944138391,0.0005907379944142151,nan
28,1,0.000510333120331956,0.0005103331203322827,nan
28,2,0.0005103331203322825,0.0005103331203319561,nan
28,3,0.0005103331203322827,0.000510333120331956,nan
28,4,0.0005103331203319561,0.0005103331203322826,0.0
29,1,0.000449195665774262,0.0004491956657745508,0.0
29,2,0.0005103316002888377,0.0005103286121041811,nan
29,3,0.0005103286121045078,0.0005103316002885111,nan
29,4,0.0005103326824321102,0.0005103326824324368,nan
30,1,0.00044919448356181725,0.00044919217061176636,nan
30,2,0.00044919448356210587,0.0004491921706114777,0.0
30,3,0.0005103281764746393,0.0005103311627728506,nan
30,4,0.0005103281764743126,0.0005103311627731774,nan
31,1,0.0004491909896662952,0.00044919098966658395,nan
31,2,0.00044919414451674035,0.0004491918330253143,nan
31,3,0.000449191833025603,0.0004491941445164517,0.0
31,4,0.0005103266584490728,0.0005103266584493994,nan
32,1,0.00044919065237809515,0.0004491906523783839,nan
32,2,0.0004491906523783837,0.0004491906523780952,nan
32,3,0.0004491906523783839,0.00044919065237809504,nan
32,4,0.00044919065237809526,0.00044919065237838387,0.0
33,1,0.00040113655523529434,0.000401136555235553,0.0
33,2,0.0004491897242578646,0.0004491879041658581,nan
33,3,0.00044918790416614683,0.0004491897242575759,nan
33,4,0.0004491903872007934,0.000449190387201082,nan
34,1,0.0004011358128274541,0.0004011343623965819,nan
34,2,0.0004011358128277126,0.00040113436239632333,0.0
34,3,0.0004491876400746819,0.00044918945926592446,nan
34,4,0.0004491876400743932,0.0004491894592662133,nan
35,1,0.00040113362061270887,0.0004011336206129675,nan
35,2,0.0004011356014615125,0.0004011341517473042,nan
35,3,0.00040113415174756285,0.00040113560146125396,0.0
35,4,0.00044918671292163993,0.0004491867129219286,nan
36,1,0.00040113341011186127,0.0004011334101121199,nan
36,2,0.00040113341011211974,0.0004011334101118613,nan
36,3,0.00040113341011211996,0.0004011334101118612,nan
36,4,0.0004011334101118613,0.0004011334101121199,0.0
37,1,0.00036236846264266713,0.0003623684626429014,0.0
37,2,0.0004011328117734864,0.00040113164063907097,nan
37,3,0.0004011316406393296,0.00040113281177322786,nan
37,4,0.00040113324026766045,0.00040113324026791903,nan
38,1,0.0003623679731686298,0.0003623670180189856,nan
38,2,0.00036236797316886385,0.00036236701801875136,0.0
38,3,0.00040113147135836016,0.0004011326420260953,nan
38,4,0.0004011314713581015,0.000401132642026354,nan
39,1,0.00036236652887615243,0.0003623665288763867,nan
39,2,0.0003623678346237901,0.00036236687985379364,nan
39,3,0.0003623668798540279,0.00036236783462355597,0.0
39,4,0.0004011308735224193,0.0004011308735226779,nan
40,1,0.00036236639079045764,0.0003623663907906919,nan
40,2,0.00036236639079069167,0.0003623663907904577,nan
40,3,0.0003623663907906919,0.00036236639079045754,nan
40,4,0.0003623663907904577,0.00036236639079069183,0.0
41,1,0.00033045136087340147,0.0003304867390944992,4.455842680729304e-05
41,2,0.0003623659885688391,0.00036236520269670335,nan
41,3,0.0003623652018348538,0.0003623659881300679,nan
41,4,0.0003623662772186467,0.0003623662770975684,nan
42,1,0.0003304510256210381,0.0003304857504716052,nan
42,2,0.00033045100429639093,0.00033048567720853837,4.482587888190458e-05
42,3,0.00036236508857339565,0.0003623658744906081,nan
42,4,0.0003623650885716779,0.00036236587449063796,nan
43,1,0.00033045003446263103,0.00033048541461249185,nan
43,2,0.00033045090955976625,0.0003304855827665311,nan
43,3,0.0003304160764657245,0.0003303815214501221,4.566180545330893e-05
43,4,0.00036236468528411293,0.0003623646825678839,nan
44,1,0.0003304499399862981,0.00033048532021579576,nan
44,2,0.0003304499186630969,0.0003304852469531613,nan
44,3,0.000330415740572411,0.0003303805303306609,nan
44,4,0.0003304157618847794,0.0003303806044091119,4.593108808800934e-05
45,1,0.0003037982863090776,0.00030406352980742767,1.2724106727896344e-06
45,2,0.00033044964103149825,0.00033048442845732054,nan
45,3,0.00033041491782286454,0.0003303802505614196,nan
45,4,0.00033041568388350454,0.00033038052577133995,nan
46,1,0.00030379805082439925,0.00030406283661245435,nan
46,2,0.0003037980346204163,0.0003040627675945541,1.274682430155204e-06
46,3,0.0003304148399985663,0.0003303801719539996,nan
46,4,0.000330414861310956,0.00033038024603226993,nan
47,1,0.00030379734286594095,0.0003040625968566585,nan
47,2,0.00030379796694240263,0.0003040627004707764,nan
47,3,0.0003035417179510257,0.00030328105708437556,1.284406024146395e-06
47,4,0.00033041457681018464,0.00033037940495190155,nan
48,1,0.0003037972753460606,0.00030406252976101963,nan
48,2,0.00030379725914204557,0.0003040624607432729,nan
48,3,0.0003035414778959478,0.0003032803482569606,nan
48,4,0.000303541494182726,0.00030328041771992507,1.2865347582388376e-06
49,1,0.00028142923894143877,0.00028261272711631986,0.00027792074420282314
49,2,0.00030379706821494754,0.0003040619005482845,nan
49,3,0.0003035409042528714,0.0003032801506448403,nan
49,4,0.0003035414409538599,0.00030328036238967503,nan
50,1,0.00028142907361317445,0.00028261224267581294,nan
50,2,0.0002814290868283707,0.0002826122926247726,0.0002795105841526559
50,3,0.0003035408511219783,0.0003032800953303694,nan
50,4,0.0003035408674101872,0.00030328016479337926,nan
51,1,0.0002814285391567619,0.0002826120623845983,nan
51,2,0.0002814290352374474,0.00028261224243766967,nan
51,3,0.0002803069923111862,0.00027920131633149276,0.0002840419549353601
51,4,0.00030354065403202346,0.00030327953115547214,nan
52,1,0.00028142848767396384,0.0002826120122182077,nan
52,2,0.00028142850088715593,0.0002826120621667539,nan
52,3,0.00028030681159043307,0.0002792007796711043,nan
52,4,0.00028030677583996445,0.00027920071924194943,0.000285448284456634
53,1,0.0002624903082519849,0.00026560326353258914,0.0013435820103850844
53,2,0.00028142837001208875,0.0002826116802836522,nan
53,3,0.00028030640889518146,0.0002792006387515317,nan
53,4,0.00028030674000888953,0.0002792006797947434,nan
54,1,0.0002624901924581117,0.0002656029256629474,nan
54,2,0.00026249022300546673,0.0002656031473799687,0.0013508045171739683
54,3,0.00028030637311649226,0.00027920059931160795,nan
54,4,0.0002803063373674516,0.0002792005388826811,nan
55,1,0.00026248976608346693,0.000265602781996491,nan
55,2,0.00026249018142365934,0.0002656031076985591,nan
55,3,0.00025959233329333017,0.00025694553417308496,0.0013724508467793397
55,4,0.00028030617016971634,0.00027920003702142446,nan
56,1,0.0002624897245839782,0.00026560274233280914,nan
56,2,0.00026248975512801565,0.0002656029640488986,nan
56,3,0.0002595921924679502,0.0002569451099982909,nan
56,4,0.0002595920511809935,0.00025694484839850276,0.0013776473108207457
57,1,0.0002461694499577562,0.00025204902725755896,0.002635839081453237
57,2,0.000262489662999854,0.00026560269548020466,nan
57,3,0.000259591903522126,0.0002569450085310423,nan
57,4,0.00025959202678580296,0.0002569448197654071,nan
58,1,0.00024616936703216456,0.0002520487849042177,nan
58,2,0.00024616939033442713,0.0002520491702748519,0.0026493854473771472
58,3,0.000259591879155652,0.0002569449799011507,nan
58,4,0.0002595917378696826,0.0002569447183017427,nan
59,1,0.0002461690170888614,0.0002520486655473995,nan
59,2,0.0002461693563033588,0.0002520491376157179,nan
59,3,0.00024075146398890723,0.0002363266645484457,0.002707118816015157
59,4,0.00025959160727908703,0.0002569443197522334,nan
60,1,0.0002461689831221331,0.0002520486329038732,nan
60,2,0.00024616900642084353,0.00025204901827329066,nan
60,3,0.00024075135496123557,0.0002363263286159056,nan
60,4,0.00024075107244586686,0.00023632587562274202,0.0027146469516599854
61,1,0.00023187270952114438,0.00024112170799546947,0.0051019886760016835
61,2,0.00024616893964782445,0.00025204882249815145,nan
61,3,0.00024075114326324446,0.0002363262550492749,nan
61,4,0.00024075105557347723,0.00023632585447997502,nan
62,1,0.0002318726486303047,0.0002411215284500954,nan
62,2,0.0002318726452796796,0.00024112207694844612,0.005127550168451011
62,3,0.0002407511264072227,0.00023632623390784627,nan
62,4,0.00024075084389263508,0.00023632578091516355,nan
63,1,0.0002318723573072688,0.00024112142638863345,nan
63,2,0.00023187261741312152,0.0002411220493013724,nan
63,3,0.0002233968639955035,0.000217412444941312,0.005312980128911
63,4,0.000240750743818515,0.00023632546815707199,nan
64,1,0.00023187232949068318,0.0002411213987550875,nan
64,2,0.00023187232613624552,0.00024112194725195015,nan
64,3,0.00022339678122744097,0.00021741218161219812,nan
64,4,0.00022339630817437694,0.00021741155640924548,0.005323443210367036
65,1,0.00021918237073097451,0.00023217764554061122,0.007452614264902951
65,2,0.00023187227633132337,0.00024112179935962085,nan
65,3,0.00022339662340811582,0.00021741212799995444,nan
65,4,0.00022339629629795812,0.00021741154054566808,nan
66,1,0.00021918232486842267,0.0002321775081484254,nan
66,2,0.000219182282538498,0.00023217819723671143,0.00748860838111856
66,3,0.000223396611541394,0.00021741211213688243,nan
66,4,0.00022339613848902694,0.000217411486934481,nan
67,1,0.00021918208176930338,0.00023217741951585516,nan
67,2,0.00021918225988893156,0.00023217817347015777,nan
67,3,0.00020734764890288008,0.00020033175203610208,0.007920986233452474
67,4,0.0002233960637350778,0.00021741124585918128,nan
68,1,0.0002191820591576532,0.00023217739576064322,nan
68,2,0.0002191820168246113,0.00023217808484743906,nan
68,3,0.00020734758753442823,0.00020033154867800284,nan
68,4,0.00020734692030719814,0.00020033082082671189,0.007931568453183145
69,1,0.00020780198270246104,0.00022475429919082516,0.008186836905396708
69,2,0.00021918197876290068,0.00023217796966128648,nan
69,3,0.0002073474682550239,0.00020033150938546666,nan
69,4,0.00020734691181581512,0.0002003308087372986,nan
70,1,0.00020780194739040766,0.00022475419106989582,nan
70,2,0.00020780186350859639,0.00022475498124221394,0.008224088984829242
70,3,0.0002073474597695662,0.00020033149729620225,nan
70,4,0.00020734679254301452,0.00020033076944547047,nan
71,1,0.00020780174537022867,0.00022475411365276986,nan
71,2,0.00020780184526084108,0.0002247549606862685,nan
71,3,0.00019254202859085942,0.00018513909526561358,0.008894122724661838
71,4,0.0002073467379723944,0.00020033058655660057,nan
72,1,0.00020780172715045462,0.00022475409310600028,nan
72,2,0.0002078016432670933,0.00022475488327715202,nan
72,3,0.0001925419839652485,0.000185138940215543,nan
72,4,0.0001925411896500871,0.00018513820464935373,0.008902215671548457
73,1,0.00019751268888154816,0.00021852239145040493,0.011143942625210151
73,2,0.00020780161360441028,0.00022475479128853586,nan
73,3,0.000192541892748954,0.0001851389111853083,nan
73,4,0.0001925411834983508,0.00018513819528987225,nan
74,1,0.0001975126611986378,0.0002185223043725748,nan
74,2,0.00019751253410547524,0.00021852318226232723,0.011193597131259427
74,3,0.0001925418866009587,0.0001851389018258316,nan
74,4,0.00019254109228641832,0.0001851381662601267,nan
75,1,0.0001975124946931519,0.00021852223685548598,nan
75,2,0.00019751251951472245,0.00021852316449861843,nan
75,3,0.0001789876475961078,0.0001717882681373626,0.012395622369828073
75,4,0.00019254105308503974,0.00018513802906921354,nan
76,1,0.00019751248012244988,0.00021852221909885017,nan
76,2,0.00019751235302868176,0.00021852309698767522,nan
76,3,0.00017898761551432617,0.00017178815093566048,nan
76,4,0.00017898674078040694,0.00017178746086374133,0.012404196405249163
77,1,0.00018814871571318353,0.00021323215054269592,0.014547387563050613
77,2,0.0001975123294961898,0.00021852302187148957,nan
77,3,0.00017898754494740775,0.00017178812924742315,nan
77,4,0.00017898673626240655,0.0001717874535034848,nan
78,1,0.00018814869364637982,0.0002132320789441501,nan
78,2,0.00018814852429041454,0.00021323303164379198,0.014610833458194186
78,3,0.00017898754043183454,0.0001717881218871232,nan
78,4,0.00017898666569845953,0.0001717874318155964,nan
79,1,0.00018814855803710466,0.0002132320205541762,nan
79,2,0.00018814851268065757,0.0002132330164063601,nan
79,3,0.00016674016894345227,0.0001601437716080536,0.01643082337874413
79,4,0.0001789866377164655,0.00017178732951501238,nan
80,1,0.0001881485464413596,0.00021323200532199327,nan
80,2,0.00018814837708577668,0.0002132329580210456,nan
80,3,0.00016674014590253066,0.00016014368338455875,nan
80,4,0.00016673926613093584,0.00016014307195045792,0.01644096960960227
81,1,0.00017958504920778217,0.00020867660090644088,0.018812228545828827
81,2,0.0001881483580432013,0.00021323289529081928,nan
81,3,0.00016674009062052263,0.0001601436669561823,nan
81,4,0.00016673926275128444,0.00016014306607791467,nan
82,1,0.0001795850312815506,0.00020867654078265675,nan
82,2,0.00017958482196186236,0.00020867755806687062,0.018892630042539764
82,3,0.00016674008724249865,0.0001601436610835888,nan
82,4,0.00016673920747134087,0.00016014304964978647,nan
83,1,0.00017958492222535852,0.00020867649092242883,nan
83,2,0.00017958481272152804,0.00020867754514369843,nan
83,3,0.00015585394704394146,0.00014999680471388847,0.02127680912939861
83,4,0.0001667391873761667,0.00016014297325329924,nan
84,1,0.00017958491299465673,0.000208676478003043,nan
84,2,0.0001795847036760574,0.0002086774952869938,nan
84,3,0.00015585393031573858,0.00014999673816847562,nan
84,4,0.00015585312211569233,0.00014999621134352212,0.02128980982147322
85,1,0.00017171421685520928,0.000204732221152449,0.021791188616034657
85,2,0.0001795846881083086,0.00020867744219504395,nan
85,3,0.000155853886403516,0.00014999672551299794,nan
85,4,0.00015585311955829782,0.00014999620659112724,nan
86,1,0.0001717142021513741,0.00020473217002427236,nan
86,2,0.000171713957648982,0.00020473323778717102,0.021881266046271376
86,3,0.00015585388384723378,0.00014999672076056048,nan
86,4,0.00015585307564750832,0.0001499961939358277,nan
87,1,0.00017171411512731757,0.0002047321278901296,nan
87,2,0.00017171395024571294,0.00020473322692147376,nan
87,3,0.00014631134515894208,0.00014110556454152994,0.024187001969559047
87,4,0.00015585306096389066,0.00014999613629849924,nan
88,1,0.00017171410773066388,0.00020473211702715362,nan
88,2,0.0001717138632297402,0.00020473318479005884,nan
88,3,0.00014631133277094607,0.00014110551386282332,nan
88,4,0.00014631066063727178,0.0001411050604451402,0.02420139461538942
89,1,0.00016444306806921504,0.0002012866366546499,0.025688838100413627
89,2,0.0001717138503327053,0.00020473313913329572,nan
89,3,0.00014631129730251048,0.00014110550394182987,nan
89,4,0.00014631065867046073,0.00014110505654873204,nan
90,1,0.00016444305586402446,0.00020128659262110893,nan
90,2,0.0001644611697658588,0.00020128805438727101,0.026130890460101662
90,3,0.0001463112953354212,0.00014110550005433487,nan
90,4,0.00014631062332460916,0.00014110504665150244,nan
91,1,0.0001644429864776561,0.00020128655720349858,nan
91,2,0.0001644611637695316,0.00020128804528030272,nan
91,3,0.00013801597770937569,0.0001332474221995372,0.025654353743757033
91,4,0.00014631061235274937,0.00014110500245798253,nan
92,1,0.00016444298048943066,0.0002012865481561688,nan
92,2,0.00016446109472941411,0.00020128801008743538,nan
92,3,0.00013801596832833374,0.00013324738305685622,nan
92,4,0.00013807087993220567,0.00013324719272474482,0.029730977425784393
93,1,0.00015765357276904324,0.00019824640090593257,0.02985526578454507
93,2,0.0001644610838740256,0.00020128796995539243,nan
93,3,0.00013801593894511958,0.00013324737511224657,nan
93,4,0.00013807087839394012,0.00013324718947647145,nan
94,1,0.00015765356255145722,0.00019824636280298442,nan
94,2,0.00015780738078473048,0.00019825245669016144,0.036264275421851594
94,3,0.00013801593740115717,0.00013324737192155708,nan
94,4,0.00013807084979621727,0.00013324718167868557,nan
95,1,0.00015765350633174555,0.0001982463325923119,nan
95,2,0.00015780737586538026,0.00019825244892678268,nan
95,3,0.00013071003815231732,0.00012624738992042783,0.015272911666302486
95,4,0.000138070841418833,0.00013324714713218604,nan
96,1,0.00015765350142987473,0.0001982463251732555,nan
96,2,0.00015780732145094346,0.0001982524200426138,nan
96,3,0.0001307100309222125,0.00012624735918568137,nan
96,4,0.00013111098890725495,0.0001262480825145626,0.05113163702731298
97,1,0.00015125407077985883,0.0001955201093723629,0.03358997748399357
97,2,0.0001578073121027145,0.0001982523838510948,nan
97,3,0.00013071000602046578,0.00012624735271123163,nan
97,4,0.0001311109876752167,0.00012624807976820826,nan
98,1,0.0001512540621387929,0.00019552007624588393,nan
98,2,0.00015173840476958398,0.00019554297010369444,0.03937953603266153
98,3,0.0001307100047792438,0.00012624735008817954,nan
98,4,0.00013111096442466755,0.0001262480736022276,nan
99,1,0.00015125401583695127,0.0001955200500424438,nan
99,2,0.0001517384006886877,0.00019554296335759863,nan
99,3,0.00012416818147594695,0.00011997421948007238,0.019616372897019826
99,4,0.00013111095790575063,0.00012624804617392325,nan
100,1,0.00015125401178698718,0.00019552004395513413,nan
100,2,0.0001517383574042145,0.00019554293966037278,nan
100,3,0.00012416817584870574,0.00011997419491932433,nan
100,4,0.00012526111963893327,0.0001199917644745346,0.049451734136115894
101,1,0.00014516442351403147,0.00019304305294906365,0.03968122489164091
101,2,0.00015173834918146266,0.00019554290626488003,nan
101,3,0.00012416815430479585,0.00011997418955718564,nan
101,4,0.00012526111863378738,0.00011999176212078273,nan
102,1,0.0001451644161875403,0.00019304302419015436,nan
102,2,0.0001462335853331549,0.00019310733234870298,0.050847843421740105
102,3,0.00012416815328942856,0.00011997418739697724,nan
102,4,0.0001252610996735293,0.00011999175723989683,nan
103,1,0.0001451643776174512,0.00019304300118773397,nan
103,2,0.00014623358191330566,0.00019310732639850583,nan
103,3,0.00011823468533360351,0.0001143210912567505,0.014279547356834659
103,4,0.00012526109451987174,0.00011999173519220061,nan
104,1,0.00014516437425290618,0.00019304299615171676,nan
104,2,0.00014623354693447103,0.00019310730678554869,nan
104,3,0.00011823468093547117,0.00011432107134944114,nan
104,4,0.00012032333856347994,0.0001144014432077957,0.06562641490039112
105,1,0.00013933374942880206,0.00019074647578318002,0.04441693736757796
105,2,0.0001462335394985199,0.00019310727522576704,nan
105,3,0.00011823466200410042,0.00011432106685446363,nan
105,4,0.0001203233377237223,0.00011440144116998443,nan
106,1,0.0001393337431749123,0.0001907464507578519,nan
106,2,0.00014126637612787404,0.0001908900223067123,0.06006041271225397
106,3,0.0001182346611550618,0.00011432106507231454,nan
106,4,0.0001203233222261476,0.00011440143730872915,nan
107,1,0.00013933371081699075,0.0001907464304115855,nan
107,2,0.00014126637323231753,0.000190890017002088,nan
107,3,0.00011280301836202992,0.00010919239537155217,0.013136829294136471
107,4,0.00012032331809207222,0.00011440141938916599,nan
108,1,0.00013933370801253453,0.00019074642618559608,nan
108,2,0.0001412663444357553,0.00019089000049618085,nan
108,3,0.000112803014906719,0.00010919237906687981,nan
108,4,0.00011610080368272924,0.00010940568367096497,0.0743211182914195
109,1,0.00013372904779729075,0.00018856820775913616,0.04845816718126197
109,2,0.00014126633751307413,0.00019088997002594417,nan
109,3,0.00011280299807368606,0.00010919237526223613,nan
109,4,0.00011610080296370733,0.00010940568189332487,nan
110,1,0.00013372904241390384,0.00018856818588836271,nan
110,2,0.0001368053264045642,0.00018884114351034359,0.06752684410594086
110,3,0.00011280299734737462,0.0001091923737895175,nan
110,4,0.00011610079028085259,0.00010940567884073414,nan
111,1,0.0001337290151717289,0.000188568167832531,nan
111,2,0.0001368053239245081,0.00018884113875036675,nan
111,3,0.00010780358321519352,0.00010449768215622949,0.012087846734727833
111,4,0.00011610078691267027,0.00010940566410914309,nan
112,1,0.00013372901282636385,0.00018856816424567448,nan
112,2,0.00013680529986178762,0.00018884112464747025,nan
112,3,0.00010780358047461468,0.00010449766868902237,nan
112,4,0.0001124460622746154,0.0001049269329835255,0.08122239060037842
113,1,0.000128329021075668,0.00018645283363386713,0.04652052936032855
113,2,0.00013680529323211238,0.00018884109468633552,nan
113,3,0.00010780356536957773,0.00010449766544292621,nan
113,4,0.00011244606164339446,0.00010492693142474256,nan
114,1,0.00012832901639285953,0.00018645281439135008,nan
114,2,0.00013281756727595676,0.00018691533205229984,0.06681251037777307
114,3,0.00010780356473368746,0.00010449766422481094,nan
114,4,0.00011244605126211253,0.00010492692901219771,nan
115,1,0.00012832899343000155,0.0001864527983689783,nan
115,2,0.00013281756512256354,0.00018691532776714064,nan
115,3,0.00010319054973138722,0.0001001485502738511,0.014172396445539245
115,4,0.00011244604846695029,0.00010492691674323293,nan
116,1,0.00012832899146085987,0.00018645279530605887,nan
116,2,0.00013281754480693475,0.00018691531559024367,nan
116,3,0.00010319054752722796,0.00010014853906688034,nan
116,4,0.00010925808280032102,0.00010088622803654559,0.07551975029829809
117,1,0.00012312200068583526,0.0001843520653785207,0.0394267512766865
117,2,0.00013281753829514308,0.0001869152857057215,nan
117,3,0.00010319053388000298,0.00010014853627989976,nan
117,4,0.00010925808223205782,0.00010088622666580349,nan
118,1,0.000123121996559892,0.00018435204827805702,nan
118,2,0.00012926897277204527,0.00018507093185055808,0.05812615552602654
118,3,0.00010319053331050304,0.00010014853527248692,nan
118,4,0.00010925807373376936,0.00010088622475825396,nan
119,1,0.0001231219772054302,0.00018435203410114393,nan
119,2,0.00012926897087143924,0.0001850709279907421,nan
119,3,9.893474502015733e-05,9.605935210958423e-05,0.02468560939791166
119,4,0.00010925807136424758,0.00010088621438135281,nan
120,1,0.000123121975545173,0.00018435203148139514,nan
120,2,0.00012926895359974527,0.00018507091740974454,nan
120,3,9.8934743217616e-05,9.605934272309479e-05,nan
120,4,0.00010646639727290814,9.721056210903415e-05,0.05665653831994825
121,1,0.00011811244866763772,0.00018222927830225261,0.04445329430131489
121,2,0.00012926894708621746,0.0001850708873971201,nan
121,3,9.89347308601297e-05,9.605934032315412e-05,nan
121,4,0.00010646639674868303,9.721056090419702e-05,nan
122,1,0.0001181124449741946,0.00018222926285940919,nan
122,2,0.00012611766659753195,0.00018326953790534894,0.07016192746605374
122,3,9.893473033947844e-05,9.605933948971783e-05,nan
122,4,0.00010646638976282246,9.721055939135333e-05,nan
123,1,0.00011811242865178035,0.00018222925036735844,nan
123,2,0.00012611766488954243,0.00018326953443088527,nan
123,3,9.501455606802479e-05,9.215499197332804e-05,0.02132845851960924
123,4,0.00010646638771113173,9.72105504603685e-05,nan
124,1,0.00011811242724603691,0.00018222924812501712,nan
124,2,0.00012611765011971772,0.00018326952518702176,nan
124,3,9.501455456764981e-05,9.215498407167472e-05,nan
124,4,0.00010401308323996636,9.383655075570232e-05,0.07288352122029745
125,1,0.00011329076311908058,0.00018004642088055063,0.0764401237488812
125,2,0.00012611764348282136,0.00018326949475209212,nan
125,3,9.501454330704555e-05,9.215498199701643e-05,nan
125,4,0.00010401308274471255,9.383654969626033e-05,nan
126,1,0.00011329075975962684,0.00018004640671886587,nan
126,2,0.00012333781023906416,0.00018147467253032214,0.11474098066330679
126,3,9.50145428209322e-05,9.215498131081008e-05,nan
126,4,0.00010401307701208587,9.383654849654135e-05,nan
127,1,0.00011329074596407486,0.00018004639576163714,nan
127,2,0.0001233378086681216,0.00018147466940422443,nan
127,3,9.140932985093013e-05,8.835205028822085e-05,0.01607569264196409
127,4,0.00010401307519044055,9.383654063575955e-05,nan
128,1,0.00011329074476949481,0.0001800463938547602,nan
128,2,0.0001233377960219306,0.00018147466134287176,nan
128,3,9.140932858151882e-05,8.835204361719143e-05,nan
128,4,0.00010186526142134319,9.071236338592371e-05,0.1332198059037034
129,1,0.00010865987026855392,0.00017777565302238993,0.06676490611762928
129,2,0.00012333778918064545,0.00018147463037665508,nan
129,3,9.140931829558498e-05,8.83520418243877e-05,nan
129,4,0.00010186526094304163,9.07123624563584e-05,nan
130,1,0.00010865986715981953,0.00017777563976291056,nan
130,2,0.00012089686992668718,0.00017965183806577156,0.10501397204186946
130,3,9.14093178333155e-05,8.835204126230847e-05,nan
130,4,0.0001018652562233069,9.07123615030231e-05,nan
131,1,0.00010865985542434711,0.0001777756301867442,nan
131,2,0.0001208968684454924,0.0001796518352485426,nan
131,3,8.809568769244694e-05,8.458067795828419e-05,0.01408546598352818
131,4,0.00010186525457154347,9.071235441155807e-05,nan
132,1,0.00010865985440610554,0.00017777562857488043,nan
132,2,0.00012089685760577828,0.00017965182822857827,nan
132,3,8.809568660337843e-05,8.458067232412218e-05,nan
132,4,9.99900978059712e-05,8.779591823132281e-05,0.12103793541547306
133,1,0.00010422504424406884,0.00017539722105288787,0.07035391227001717
133,2,0.00012089685050670181,0.0001796517967215602,nan
133,3,8.809567719864926e-05,8.458067078127137e-05,nan
133,4,9.99900973352707e-05,8.779591741826234e-05,nan
134,1,0.00010422504132265885,0.00017539720836343768,nan
134,2,0.00011876188503532145,0.00017777053156073404,0.11079935316599607
134,3,8.809567675230876e-05,8.458067032380149e-05,nan
134,4,9.999009342344764e-05,8.779591665851329e-05,nan
135,1,0.00010422503120462165,0.0001753971999934934,nan
135,2,0.00011876188360399092,0.00017777052900384426,nan
135,3,8.503966891341025e-05,8.07889001735812e-05,0.013670954724581873
135,4,9.999009190386806e-05,8.779591010007185e-05,nan
136,1,0.00010422503033451448,0.00017539719863965511,nan
136,2,0.00011876187430932899,0.00017777052290434556,nan
136,3,8.503966797040155e-05,8.078889542599943e-05,nan
136,4,9.835781963942692e-05,8.505480379231214e-05,0.12879482389024416
137,1,9.999805782582418e-05,0.0001729090513156493,0.07611986500541885
137,2,0.0001187618669535468,0.00017777049105547908,nan
137,3,8.503965939710153e-05,8.078889411124636e-05,nan
137,4,9.83578191706566e-05,8.5054803084011e-05,nan
138,1,9.999805505269838e-05,0.00017290903893057017,nan
138,2,0.000116893385758264,0.0001758102062467918,0.11563078991553452
138,3,8.503965896225807e-05,8.078889374045359e-05,nan
138,4,9.835781587890002e-05,8.50548024746991e-05,nan
139,1,9.999804614599573e-05,0.00017290903156216996,nan
139,2,0.00011689338435057581,0.00017581020389037196,nan
139,3,8.219063145863408e-05,7.696233435806893e-05,0.013624838253176005
139,4,9.835781447646896e-05,8.505479629887165e-05,nan
140,1,9.99980454008007e-05,0.00017290903042760378,nan
140,2,0.00011689337636341216,0.00017581019858666985,nan
140,3,8.219063063960038e-05,7.696233037458828e-05,nan
140,4,9.69355654471525e-05,8.246561038450708e-05,0.134852626769967
141,1,9.597717555703525e-05,0.00017029557127499912,0.08016421029937353
141,2,0.00011689336871243785,0.00017581016639497734,nan
141,3,8.219062281969764e-05,7.696232926846133e-05,nan
141,4,9.693556497328301e-05,8.24656097692354e-05,nan
142,1,9.59771728941332e-05,0.000170295558952726,nan
142,2,0.000115266955203557,0.0001737428264984326,0.11631338902609858
142,3,8.219062239079514e-05,7.696232897065891e-05,nan
142,4,9.693556217082993e-05,8.246560927979952e-05,nan
143,1,9.597716479171893e-05,0.0001702955523518272,nan
143,2,0.00011526695378928344,0.000173742824265158,nan
143,3,7.94753170064572e-05,7.30840556381561e-05,0.012967402787374448
143,4,9.69355608749699e-05,8.246560333906559e-05,nan
144,1,9.5977164152124e-05,0.00017029555140908747,nan
144,2,0.00011526694694863404,0.00017374281968199386,nan
144,3,7.947531629706472e-05,7.308405231953479e-05,nan
144,4,9.570324243329566e-05,8.000807686222725e-05,0.13524082888010666
145,1,9.216618433358938e-05,0.00016755660332220474,0.0782239970714682
145,2,0.00011526693901072928,0.00017374278732446854,nan
145,3,7.94753091952742e-05,7.308405140866821e-05,nan
145,4,9.570324195005453e-05,8.000807632948876e-05,nan
146,1,9.21661817626381e-05,0.00016755659088515075,nan
146,2,0.00011385163857539919,0.00017155001621520149,0.1096994860545184
146,3,7.947530876984558e-05,7.308405117064149e-05,nan
146,4,9.570323951123259e-05,8.000807593446069e-05,nan
147,1,9.216617409966808e-05,0.00016755658478439972,nan
147,2,0.00011385163714182876,0.00017155001401271164,nan
147,3,7.67908978320515e-05,6.919297467409436e-05,0.009757156551623023
147,4,9.57032383302686e-05,8.000807017132927e-05,nan
148,1,9.216617354954537e-05,0.0001675565840032746,nan
148,2,0.00011385163129044154,0.0001715500100620659,nan
148,3,7.679089722454522e-05,6.919297193257098e-05,nan
148,4,9.4636187308814e-05,7.766817433588368e-05,0.12734258293416337
149,1,8.856771668262733e-05,0.00016469930406708702,0.0872719177323924
149,2,0.00011385162309617855,0.00017154997777335843,nan
149,3,7.679089082521556e-05,6.919297120429968e-05,nan
149,4,9.463618681346257e-05,7.766817387574124e-05,nan
150,1,8.856771419726567e-05,0.0001646992913979976,nan
150,2,0.00011261631916299216,0.0001692197009058334,0.11254642881651188
150,3,7.679089040304839e-05,6.919297101404612e-05,nan
150,4,9.463618463004841e-05,7.766817355499098e-05,nan
151,1,8.85677066699794e-05,0.0001646992855139663,nan
151,2,0.00011261631771387509,0.00016921969863421972,nan
151,3,7.400665937249912e-05,6.537489423525852e-05,0.00983871273516491
151,4,9.46361835814799e-05,7.766816798438059e-05,nan
152,1,8.856770619568112e-05,0.00016469928486558121,nan
152,2,0.00011261631271170982,0.00016921969523080613,nan
152,3,7.400665886233621e-05,6.537489198915994e-05,nan
152,4,9.370991817249258e-05,7.54358226639893e-05,0.12736069343053794
153,1,8.518151839332398e-05,0.0001617339197262374,0.09167872834009709
153,2,0.00011261630430202193,0.00016921966325086278,nan
153,3,7.400665316180342e-05,6.53748914281812e-05,nan
153,4,9.370991766312718e-05,7.543582226704692e-05,nan
154,1,8.518151599391639e-05,0.00016173390675681265,nan
154,2,0.00011153162015735297,0.00016674416230326732,0.10947893083212092
154,3,7.400665274492121e-05,6.537489127514089e-05,nan
154,4,9.370991564459196e-05,7.54358220049295e-05,nan
155,1,8.518150838022829e-05,0.00016173390080836855,nan
155,2,0.00011153161871575867,0.00016674415986579237,nan
155,3,7.096848371993389e-05,6.176120233843689e-05,0.007692719992152555
155,4,9.370991474978706e-05,7.543581671118296e-05,nan
156,1,8.518150797017196e-05,0.00016173390026635547,nan
156,2,0.00011153161444087859,0.00016674415693061865,nan
156,3,7.09684833030091e-05,6.176120050939593e-05,nan
156,4,9.29013646129609e-05,7.330366187114876e-05,0.11988689634075625
157,1,8.200524732675279e-05,0.00015867589556176883,0.13428062546059316
157,2,0.00011153160587276624,0.00016674412552217845,nan
157,3,7.096847830867715e-05,6.176120009562486e-05,nan
157,4,9.29013640888917e-05,7.330366152859407e-05,nan
158,1,8.200524502018833e-05,0.00015867588227989565,nan
158,2,0.00011056877012181455,0.00016412261053765868,0.14637972927043216
158,3,7.096847790214577e-05,6.176119997057487e-05,nan
158,4,9.290136215908036e-05,7.33036613127128e-05,nan
159,1,8.20052372353099e-05,0.00015867587603800225,nan
159,2,0.00011056876873489456,0.00016412260786774,nan
159,3,6.752476355444183e-05,5.851823813887765e-05,0.016523743470952677
159,4,9.290136143512572e-05,7.33036564518237e-05,nan
160,1,8.200523687964539e-05,0.0001586758755779736,nan
160,2,0.00011056876507550764,0.000164122605323886,nan
160,3,6.752476322460384e-05,5.851823665063467e-05,nan
160,4,9.218782318119293e-05,7.126667711241199e-05,0.15067091597776264
161,1,7.903497542800264e-05,0.00015555185509690827,0.17213828888890625
161,2,0.00011056875643637318,0.0001641225748113021,nan
161,3,6.752475894837618e-05,5.8518236358130345e-05,nan
161,4,9.218782264424106e-05,7.126667681599342e-05,nan
162,1,7.903497323069814e-05,0.00015555184157968282,nan
162,2,0.00010969858861270158,0.00016136859335024215,0.17633165193214065
162,3,6.75247585611079e-05,5.8518236253133814e-05,nan
162,4,9.218782074293583e-05,7.126667663615882e-05,nan
163,1,7.903496541943389e-05,0.00015555183497991545,nan
163,2,0.00010969858734987794,0.00016136859046384706,nan
163,3,6.360067433460294e-05,5.580323241253697e-05,0.021283238082336755
163,4,9.218782018841213e-05,7.126667241387292e-05,nan
164,1,7.903496510971558e-05,0.00015555183457921596,nan
164,2,0.00010969858419446409,0.00016136858823197084,nan
164,3,6.360067408172993e-05,5.580323119176669e-05,nan
164,4,9.154597804229066e-05,6.932205209039418e-05,0.17135337308433854
165,1,7.626145511805859e-05,0.00015236802874598544,0.16962691222073067
165,2,0.00010969857552013982,0.00016136855873557986,nan
165,3,6.36006705061227e-05,5.580323099027076e-05,nan
165,4,9.154597749075347e-05,6.9322051832827e-05,nan
166,1,7.626145302984067e-05,0.00015236801499646588,nan
166,2,0.00010889928411119514,0.00015848020279184586,0.16450957294725516
166,3,6.360067014601713e-05,5.5803230899789835e-05,nan
166,4,9.154597556742414e-05,6.932205168198219e-05,nan
167,1,7.626144539554574e-05,0.00015236800801093233,nan
167,2,0.000108899283045928,0.0001584801997409818,nan
167,3,5.914465912911309e-05,5.3728998989861975e-05,0.0100324740306725
167,4,9.154597515970839e-05,6.932204828317889e-05,nan
168,1,7.626144512482316e-05,0.00015236800765223134,nan
168,2,0.00010889928031751233,0.00015848019776395342,nan
168,3,5.9144658939104014e-05,5.3728997972816844e-05,nan
168,4,9.095809936733781e-05,6.746638056144304e-05,0.14891727638525804
169,1,7.367552371242297e-05,0.00014914369305939762,0.21849387701589704
169,2,0.00010889927167858598,0.0001584801694892321,nan
169,3,5.914465603567335e-05,5.372899783196547e-05,nan
169,4,9.0958098802338e-05,6.746638033605854e-05,nan
170,1,7.367552174311716e-05,0.00014914367917441128,nan
170,2,0.00010814741986390469,0.0001554728110824439,0.20666150531807295
170,3,5.914465571276024e-05,5.372899775177816e-05,nan
170,4,9.095809681893424e-05,6.746638020794032e-05,nan
171,1,7.367551476486488e-05,0.0001491436720970749,nan
171,2,0.0001081474190589674,0.0001554728080654371,nan
171,3,5.43297071621577e-05,5.226116830179706e-05,0.014627520231712042
171,4,9.095809649321471e-05,6.746637775474184e-05,nan
172,1,7.367551452720028e-05,0.00014914367176413918,nan
172,2,0.0001081474166716121,0.00015547280627980963,nan
172,3,5.432970701857102e-05,5.226116743440891e-05,nan
172,4,9.040467753060192e-05,6.56981095313056e-05,0.17879824413476308
173,1,7.126629354414746e-05,0.00014589601277147923,0.2877046347664217
173,2,0.0001081474081330178,0.00015547277938524631,nan
173,3,5.432970472117388e-05,5.226116732748056e-05,nan
173,4,9.040467695326838e-05,6.569810933221623e-05,nan
174,1,7.126629170075152e-05,0.00014589599886191237,nan
174,2,0.00010742194987605207,0.00015236526621641521,0.26784657272827733
174,3,5.4329704442388375e-05,5.226116725539053e-05,nan
174,4,9.040467488245604e-05,6.569810922176834e-05,nan
175,1,7.126628590833297e-05,0.0001458959922009978,nan
175,2,0.00010742194934079089,0.0001523652635089012,nan
175,3,4.953016008271124e-05,5.116544137437889e-05,0.02047006945392341
175,4,9.040467454202319e-05,6.569810765997836e-05,nan
176,1,7.126628569877035e-05,0.00014589599188050573,nan
176,2,0.00010742194721652748,0.0001523652618574786,nan
176,3,4.953015996903679e-05,5.116544061831791e-05,nan
176,4,8.986763072868125e-05,6.401600552556479e-05,0.22497287054772833
177,1,6.902099269155678e-05,0.00014263170006894674,0.28070170183134413
177,2,0.00010742193881523581,0.00015236523639409178,nan
177,3,4.953015817332568e-05,5.116544052526898e-05,nan
177,4,8.986763013882126e-05,6.40160053478652e-05,nan
178,1,6.902099097586242e-05,0.00014263168623585853,nan
178,2,0.00010670596810328625,0.00014917489990761527,0.2544716369277446
178,3,4.953015793955058e-05,5.116544046095267e-05,nan
178,4,8.986762796311533e-05,6.401600525117279e-05,nan
179,1,6.9020986796596e-05,0.00014263168065739066,nan
179,2,0.0001067059677707965,0.00014917489779839592,nan
179,3,4.530630085911154e-05,5.0051061558890674e-05,0.003707079528801945
179,4,8.986762751457096e-05,6.401600431799735e-05,nan
180,1,6.902098661103499e-05,0.0001426316803395645,nan
180,2,0.00010670596584325936,0.0001491748962345335,nan
180,3,4.530630076120663e-05,5.005106089365902e-05,nan
180,4,8.933167197829563e-05,6.241898089121226e-05,0.19924942762432643
181,1,6.692477517833614e-05,0.0001393400065957224,0.30956402793510607
181,2,0.0001067059575677582,0.0001491748720929647,nan
181,3,4.530629933575597e-05,5.005106080194732e-05,nan
181,4,8.933167137399933e-05,6.24189807313894e-05,nan
182,1,6.69247735879531e-05,0.0001393399929305375,nan
182,2,0.00010599051773344708,0.0001459151322830729,0.27560611722918493
182,3,4.530629914068347e-05,5.005106074613202e-05,nan
182,4,8.933166909047922e-05,6.24189806457827e-05,nan
183,1,6.692477103823037e-05,0.00013933998898038371,nan
183,2,0.00010599051747498037,0.00014591513090879266,nan
183,3,4.2178581591470325e-05,4.863749899499105e-05,0.00024235187608139924
183,4,8.93316685313316e-05,6.241897994393735e-05,nan
184,1,6.692477087319865e-05,0.00013933998866110016,nan
184,2,0.00010599051569612665,0.00014591512940591457,nan
184,3,4.217858150024713e-05,4.863749841313384e-05,nan
184,4,8.878822550211602e-05,6.090569764441516e-05,0.20444238071423848
185,1,6.496373552814374e-05,0.00013598444285068114,0.34445601462368913
185,2,0.00010599050747778109,0.00014591510633882456,nan
185,3,4.217858031787206e-05,4.863749831828497e-05,nan
185,4,8.87882248761891e-05,6.0905697499651055e-05,nan
186,1,6.496373404957863e-05,0.00013598442934095425,nan
186,2,0.00010526734936408896,0.0001425773206682,0.3014230729386217
186,3,4.2178580149453795e-05,4.8637498270970676e-05,nan
186,4,8.878822246762297e-05,6.090569742326584e-05,nan
187,1,6.49637326307541e-05,0.00013598442689989756,nan
187,2,0.00010526734908972435,0.00014257731987474866,nan
187,3,4.0155979719951506e-05,4.697321307519034e-05,0.0022665415563439865
187,4,8.878822187904928e-05,6.090569670226179e-05,nan
188,1,6.496373248358436e-05,0.00013598442657589157,nan
188,2,0.0001052673474274499,0.00014257731841365215,nan
188,3,4.015597963165417e-05,4.697321257459945e-05,nan
188,4,8.822954720504108e-05,5.947540057723671e-05,0.21145249955199627
189,1,6.312584444884438e-05,0.0001325368382339665,0.37308008438094825
189,2,0.0001052673392217624,0.00014257729625433995,nan
189,3,4.0155978602718606e-05,4.697321247836326e-05,nan
189,4,8.82295465524212e-05,5.947540044518493e-05,nan
190,1,6.312584307548366e-05,0.00013253682493256846,nan
190,2,0.00010452863354857909,0.0001391648940212521,0.32192862073790673
190,3,4.0155978450427686e-05,4.6973212438103166e-05,nan
190,4,8.822954401191738e-05,5.947540037611953e-05,nan
191,1,6.312584220658272e-05,0.00013253682347179118,nan
191,2,0.00010452863325103937,0.00013916489354297117,nan
191,3,3.887048183908161e-05,4.531641666707527e-05,0.0057320797162820234
191,4,8.822954348400758e-05,5.947539961921662e-05,nan
192,1,6.31258420749375e-05,0.00013253682314204969,nan
192,2,0.00010452863167324997,0.00013916489210833864,nan
192,3,3.887048175376297e-05,4.5316416240303195e-05,nan
192,4,8.764947033266814e-05,5.812707703316247e-05,0.2159244798728987
193,1,6.140028713908287e-05,0.00012896202085218967,0.40258130331613096
193,2,0.00010452862342447422,0.00013916487067473072,nan
193,3,3.8870480827019156e-05,4.531641614650615e-05,nan
193,4,8.764946964728994e-05,5.812707691196427e-05,nan
194,1,6.140028586386306e-05,0.00012896200780960465,nan
194,2,0.00010376777528136054,0.00013567915747652088,0.3420920320681006
194,3,3.8870480684116363e-05,4.531641611150187e-05,nan
194,4,8.764946696920156e-05,5.812707684858864e-05,nan
195,1,6.140028522161212e-05,0.00012896200688371546,nan
195,2,0.00010376777498958585,0.00013567915713971903,nan
195,3,3.7982559704574744e-05,4.38552522085248e-05,0.008713558164555638
195,4,8.764946653956235e-05,5.8127076127797155e-05,nan
196,1,6.140028510352296e-05,0.00012896200654914538,nan
196,2,0.0001037677734724141,0.0001356791557234011,nan
196,3,3.798255962332751e-05,4.385525184540853e-05,nan
196,4,8.704404744366158e-05,5.685954935988114e-05,0.22047811840084017
197,1,5.9777671665211195e-05,0.00012522087175134317,0.4245491150212374
197,2,0.00010376776512263898,0.0001356791348432625,nan
197,3,3.7982558771542745e-05,4.385525175675453e-05,nan
197,4,8.704404671902554e-05,5.685954924804223e-05,nan
198,1,5.977767048146545e-05,0.00012522085902405908,nan
198,2,0.00010297928661966288,0.00013212092123634372,0.3548315440785782
198,3,3.798255863451741e-05,4.385525172553774e-05,nan
198,4,8.704404389964327e-05,5.685954918890565e-05,nan
199,1,5.977766993709908e-05,0.00012522085837524463,nan
199,2,0.00010297928635589943,0.0001321209209617065,nan
199,3,3.728926759837428e-05,4.2648732219774616e-05,0.012755825976335684
199,4,8.704404356534568e-05,5.685954855340134e-05,nan
200,1,5.977766983087861e-05,0.0001252208580385239,nan
200,2,0.00010297928488332432,0.0001321209195623662,nan
200,3,3.728926752207515e-05,4.2648731910123426e-05,nan
200,4,8.641172386433913e-05,5.567127086739533e-05,0.21864537049759714
201,1,5.825016256648391e-05,0.00012129659784119496,0.4589766594878408
201,2,0.00010297927642885626,0.0001321208992022248,nan
201,3,3.728926673210189e-05,4.264873182756962e-05,nan
201,4,8.641172309882468e-05,5.5671270763600413e-05,nan
202,1,5.825016147212424e-05,0.00012129658554450236,nan
202,2,0.00010215985826378342,0.0001285054062144669,0.3750642438578794
202,3,3.728926659977372e-05,4.264873179903256e-05,nan
202,4,8.641172014941918e-05,5.567127070718396e-05,nan
203,1,5.825016098364799e-05,0.00012129658504441896,nan
203,2,0.00010215985803413827,0.00012850540597241454,nan
203,3,3.668968807347721e-05,4.166896498079935e-05,0.015456086725344383
203,4,8.641171988920848e-05,5.567127016501293e-05,nan
204,1,5.8250160887745366e-05,0.00012129658471002233,nan
204,2,0.00010215985659498451,0.0001285054045943769,nan
204,3,3.668968800251536e-05,4.1668964715062793e-05,nan
204,4,8.575378409376786e-05,5.455915373377661e-05,0.22021913483490074
205,1,5.681081137979974e-05,0.00011714440779630004,0.5206189443893385
205,2,0.00010215984798404977,0.0001285053846285946,nan
205,3,3.668968726600769e-05,4.166896463829154e-05,nan
205,4,8.575378327916184e-05,5.4559153636612815e-05,nan
206,1,5.681081036670165e-05,0.00011714439597497766,nan
206,2,0.00010130231438265316,0.00012483067638274258,0.4106032058646796
206,3,3.668968713756748e-05,4.1668964611674094e-05,nan
206,4,8.575378019104464e-05,5.4559153581467704e-05,nan
207,1,5.6810809921018205e-05,0.00011714439556848867,nan
207,2,0.00010130231418627247,0.00012483067616367706,nan
207,3,3.6142287548740014e-05,4.0878493320811234e-05,0.014199434519360506
207,4,8.575377998796686e-05,5.45591531248247e-05,nan
208,1,5.6810809834301195e-05,0.00011714439523949454,nan
208,2,0.00010130231277122705,0.00012483067480762288,nan
208,3,3.614228748317888e-05,4.087849309258484e-05,nan
208,4,8.506892894944512e-05,5.3521630894090305e-05,0.23096044325894582
209,1,5.545234788450358e-05,0.0001127435099795428,0.5775105475732636
209,2,0.00010130230401176913,0.00012483065525531703,nan
209,3,3.6142286796897036e-05,4.087849302052196e-05,nan
209,4,8.506892808222586e-05,5.352163080197454e-05,nan
210,1,5.5452346948161915e-05,0.00011274349873409691,nan
210,2,0.00010040041410202374,0.00012111053317349908,0.439347188985528
210,3,3.614228667239531e-05,4.0878492995164336e-05,nan
210,4,8.506892486076045e-05,5.352163074639479e-05,nan
211,1,5.545234653953262e-05,0.00011274349839217736,nan
211,2,0.00010040041393426452,0.00012111053297370374,nan
211,3,3.562650250779015e-05,4.023332748508666e-05,0.016436775218376526
211,4,8.506892469913177e-05,5.3521630360113145e-05,nan
212,1,5.545234646100957e-05,0.0001127434980722804,nan
212,2,0.00010040041253324402,0.00012111053164063823,nan
212,3,3.5626502447486924e-05,4.0233327288587554e-05,nan
212,4,8.435628598336216e-05,5.255608825639411e-05,0.2330371959136949
213,1,5.4165358971089155e-05,0.00010808800675153748,0.6360271403057529
213,2,0.00010040040366734842,0.00012111051259248901,nan
213,3,3.562650181055666e-05,4.0233327219683816e-05,nan
213,4,8.435628506293524e-05,5.2556088167607414e-05,nan
214,1,5.4165358106270624e-05,0.00010808799618516479,nan
214,2,9.944956570073147e-05,0.00011736323426873003,0.46588988896948014
214,3,3.5626501690304636e-05,4.02333271950868e-05,nan
214,4,8.435628172016911e-05,5.255608810991997e-05,nan
215,1,5.416535773094897e-05,0.00010808799589205979,nan
215,2,9.944956555693435e-05,0.00011736323408643235,nan
215,3,3.513242058590008e-05,3.9699057963867735e-05,0.015816798334043956
215,4,8.435628158881968e-05,5.255608778021574e-05,nan
216,1,5.416535765983229e-05,0.00010808799558533333,nan
216,2,9.94495641632394e-05,0.0001173632327793632,nan
216,3,3.513242053059561e-05,3.969905779425019e-05,nan
216,4,8.361594938725674e-05,5.165940652821708e-05,0.24227567370917996
217,1,5.293555934488901e-05,0.00010318160829113228,0.6957676065671632
217,2,9.944955525378557e-05,0.00011736321436512165,nan
217,3,3.513241994356244e-05,3.969905772641759e-05,nan
217,4,8.361594841444312e-05,5.165940644064791e-05,nan
218,1,5.293555854372309e-05,0.00010318159848060279,nan
218,2,9.844537831258416e-05,0.00011360459284438648,0.4919211553969031
218,3,3.513241982783656e-05,3.9699057702192424e-05,nan
218,4,8.361594496113304e-05,5.165940637923529e-05,nan
219,1,5.293555819852847e-05,0.00010318159822672814,nan
219,2,9.84453781889781e-05,0.00011360459267838043,nan
219,3,3.465511228388268e-05,3.925138979651629e-05,0.019095928949170914
219,4,8.361594485263945e-05,5.1659406095387957e-05,nan
220,1,5.2935558134291904e-05,0.00010318159793700327,nan
220,2,9.844537679838863e-05,0.00011360459140064337,nan
220,3,3.4655112233272697e-05,3.925138964995699e-05,nan
220,4,8.28480577788573e-05,5.0828656791939e-05,0.24289527028597552
221,1,5.1740324914513266e-05,9.809460137262131e-05,0.7454479492596432
221,2,9.844536801750972e-05,0.00011360457394286378,nan
221,3,3.465511169814582e-05,3.9251389580753834e-05,nan
221,4,8.28480567683419e-05,5.082865670332912e-05,nan
222,1,5.1740324169832493e-05,9.80945924012884e-05,nan
222,2,9.738954186885065e-05,0.00010986261282742765,0.5136563058127108
222,3,3.465511158750372e-05,3.925138955664768e-05,nan
222,4,8.28480532349575e-05,5.082865663686581e-05,nan
223,1,5.1740323851832215e-05,9.809459217958836e-05,nan
223,2,9.738954176181714e-05,0.00010986261267659933,nan
223,3,3.419188778132552e-05,3.8869626718086326e-05,0.02176994274540712
223,4,8.284805314334707e-05,5.0828656389347635e-05,nan
224,1,5.1740323794079e-05,9.809459191097875e-05,nan
224,2,9.738954037599438e-05,0.00010986261143589517,nan
224,3,3.419188773505079e-05,3.886962659078674e-05,nan
224,4,8.20558032943216e-05,5.005930746562431e-05,0.24447948448921708
225,1,5.053638220006464e-05,9.289653602237563e-05,0.7822707641285624
225,2,9.738953188264365e-05,0.00010986259522018695,nan
225,3,3.4191887252959e-05,3.886962651622134e-05,nan
225,4,8.205580225803522e-05,5.005930737194585e-05,nan
226,1,5.053638149856513e-05,9.289652788163589e-05,nan
226,2,9.62768861031816e-05,0.00010614527834668161,0.5343572597141144
226,3,3.4191887147436986e-05,3.88696264919566e-05,nan
226,4,8.205579864789374e-05,5.0059307298926156e-05,nan
227,1,5.0536381205314804e-05,9.28965276863907e-05,nan
227,2,9.627688601059165e-05,0.00010614527820996572,nan
227,3,3.374126087322601e-05,3.8542565645244366e-05,0.026067450283012692
227,4,8.205579857003897e-05,5.005930708199614e-05,nan
228,1,5.0536381154089456e-05,9.289652744086751e-05,nan
228,2,9.627688462748091e-05,0.0001061452770078304,nan
228,3,3.3741260830985446e-05,3.8542565534948656e-05,nan
228,4,8.123854161609446e-05,4.934923988663772e-05,0.24316674560572685
229,1,4.924748565231451e-05,8.778570523871045e-05,0.7952098365953915
229,2,9.627687675333016e-05,0.00010614526258457688,nan
229,3,3.3741260399179305e-05,3.854256544999242e-05,nan
229,4,8.123854059220033e-05,4.9349239782795614e-05,nan
230,1,4.924748498237185e-05,8.778569790979567e-05,nan
230,2,9.51085044237445e-05,0.00010247260429596719,0.5521324384132997
230,3,3.374126029906491e-05,3.854256542539642e-05,nan
230,4,8.123853692818899e-05,4.934923970205819e-05,nan
231,1,4.9247484712088824e-05,8.778569773550428e-05,nan
231,2,9.510850434340142e-05,0.00010247260417227962,nan
231,3,3.330226704907722e-05,3.825938857616818e-05,0.025807749274037613
231,4,8.123853686117063e-05,4.934923951025091e-05,nan
232,1,4.9247484667579316e-05,8.778569751439316e-05,nan
232,2,9.510850296604185e-05,0.00010247260301406879,nan
232,3,3.330226701054441e-05,3.825938848038601e-05,nan
232,4,8.039854416766137e-05,4.869480396619394e-05,0.2503533862924975
233,1,4.7739786088861456e-05,8.307648453902899e-05,0.7501349608457446
233,2,9.51084961470601e-05,0.00010247259102194913,nan
233,3,3.330226661251231e-05,3.825938837852978e-05,nan
233,4,8.039854321799223e-05,4.869480384506172e-05,nan
234,1,4.773978544050793e-05,8.30764779401172e-05,nan
234,2,9.388553468666406e-05,9.88614199908317e-05,0.5657368129280642
234,3,3.3302266517977054e-05,3.8259388353459235e-05,nan
234,4,8.039853952012897e-05,4.869480375557632e-05,nan
235,1,4.773978519271904e-05,8.307647778144261e-05,nan
235,2,9.388553461684296e-05,9.886141987909653e-05,nan
235,3,3.287424493856828e-05,3.8012224278537454e-05,0.028916270136035784
235,4,8.039853946188448e-05,4.869480358475082e-05,nan
236,1,4.773978515528707e-05,8.30764775836409e-05,nan
236,2,9.38855332485317e-05,9.886141876885773e-05,nan
236,3,3.287424490343989e-05,3.801222419523551e-05,nan
236,4,7.953775292670976e-05,4.8092687286644303e-05,0.2500021098221057
237,1,4.581424516287261e-05,7.91629205070562e-05,0.6303354528720296
237,2,9.388552791296828e-05,9.886140965295591e-05,nan
237,3,3.287424449218657e-05,3.801222407061675e-05,nan
237,4,7.953775213511621e-05,4.80926871406568e-05,nan
238,1,4.581424453586792e-05,7.916291450849145e-05,nan
238,2,9.261056573518951e-05,9.532814241457008e-05,0.5738008176422691
238,3,3.287424440335326e-05,3.801222404497198e-05,nan
238,4,7.95377484248632e-05,4.8092687041621395e-05,nan
239,1,4.581424431213653e-05,7.916291436094401e-05,nan
239,2,9.261056567443878e-05,9.532814231373479e-05,nan
239,3,3.2456697727222165e-05,3.7794870944807794e-05,0.03447399949934952
239,4,7.95377483738056e-05,4.809268688844453e-05,nan
240,1,4.581424428199044e-05,7.916291418254185e-05,nan
240,2,9.26105643193722e-05,9.532814125502885e-05,nan
240,3,3.245669769521086e-05,3.7794870872202e-05,nan
240,4,7.8658417357575e-05,4.753954256072658e-05,0.24419507364450577
241,1,4.332565242811414e-05,7.622443618952789e-05,0.48047327474515183
241,2,9.261056046449561e-05,9.53281345274932e-05,nan
241,3,3.245669719283418e-05,3.779487072772536e-05,nan
241,4,7.865841678056586e-05,4.753954239032488e-05,nan
242,1,4.3325651842597656e-05,7.622443067665898e-05,nan
242,2,9.129260397273143e-05,9.189437670103145e-05,0.5756376078480387
242,3,3.245669710987149e-05,3.779487070153866e-05,nan
242,4,7.865841309262414e-05,4.753954228161216e-05,nan
243,1,4.332565164617053e-05,7.622443053856344e-05,nan
243,2,9.129260391965142e-05,9.189437661006206e-05,nan
243,3,3.2049253096610196e-05,3.760154546980243e-05,0.03914862614756453
243,4,7.865841304729247e-05,4.753954214303e-05,nan
244,1,4.3325651622753765e-05,7.622443037392895e-05,nan
244,2,9.129260258551848e-05,9.189437560788221e-05,nan
244,3,3.204925306741712e-05,3.760154540605595e-05,nan
244,4,7.776499210001002e-05,4.703096658163116e-05,0.23891470232087067
245,1,4.031638982159374e-05,7.390199436535672e-05,0.3871670838320047
245,2,9.12925994881467e-05,9.18943695659946e-05,nan
245,3,3.2049252394821186e-05,3.760154525686798e-05,nan
245,4,7.776499170270605e-05,4.703096639937372e-05,nan
246,1,4.031638931504767e-05,7.390198927421552e-05,nan
246,2,8.993189032921156e-05,8.856729179487972e-05,0.5758998607850121
246,3,3.204925231761513e-05,3.760154523003738e-05,nan
246,4,7.776498804614192e-05,4.703096628035611e-05,nan
247,1,4.031638914922361e-05,7.390198914840366e-05,nan
247,2,8.993189028293336e-05,8.856729171283289e-05,nan
247,3,3.165152783940663e-05,3.742920893161898e-05,0.041671133867032716
247,4,7.77649880058016e-05,4.703096615455825e-05,nan
248,1,4.03163891311565e-05,7.390198899159325e-05,nan
248,2,8.993188897152549e-05,8.856729076681969e-05,nan
248,3,3.165152781280661e-05,3.7429208875652055e-05,nan
248,4,7.685815425390303e-05,4.6564704447827386e-05,0.2370984835806962
249,1,3.728820819813067e-05,7.133327423839191e-05,0.4133265644538231
249,2,8.99318855306352e-05,8.85672835841309e-05,nan
249,3,3.16515270116278e-05,3.742920874986977e-05,nan
249,4,7.685815388960916e-05,4.6564704284542825e-05,nan
250,1,3.728820780003636e-05,7.133326963146797e-05,nan
250,2,8.85332249426962e-05,8.535806129515956e-05,0.5932580613739467
250,3,3.16515269401137e-05,3.742920872237942e-05,nan
250,4,7.685815028311358e-05,4.6564704155096174e-05,nan
251,1,3.7288207663700986e-05,7.133326952309728e-05,nan
251,2,8.853322490236294e-05,8.535806122114963e-05,nan
251,3,3.126316148190043e-05,3.727480923996593e-05,0.04659812517720849
251,4,7.685815024701397e-05,4.656470404037663e-05,nan
252,1,3.728820764898518e-05,7.133326937242139e-05,nan
252,2,8.853322361731724e-05,8.53580603317985e-05,nan
252,3,3.126316145766603e-05,3.727480919062454e-05,nan
252,4,7.593988408389808e-05,4.613782174548345e-05,0.24473061558982254
253,1,3.4741237904575615e-05,6.807008365934642e-05,0.4915776953440013
253,2,8.853321951463045e-05,8.535805196422442e-05,nan
253,3,3.126316066363188e-05,3.727480910154546e-05,nan
253,4,7.593988364612629e-05,4.613782162051425e-05,nan
254,1,3.474123761231343e-05,6.807007961674046e-05,nan
254,2,8.709923512038062e-05,8.227591149071923e-05,0.6000679882810762
254,3,3.1263160597690916e-05,3.727480907330075e-05,nan
254,4,7.593988010370512e-05,4.613782148040949e-05,nan
255,1,3.47412375002354e-05,6.807007952792507e-05,nan
255,2,8.709923508543837e-05,8.227591142398092e-05,nan
255,3,3.0883445072123466e-05,3.7136311239473564e-05,0.048901390048824996
255,4,7.593988007124891e-05,4.613782137594384e-05,nan
256,1,3.474123748726202e-05,6.807007938491148e-05,nan
256,2,8.709923382333269e-05,8.227591058735185e-05,nan
256,3,3.088344505007574e-05,3.713631119574512e-05,nan
256,4,7.500840927003004e-05,4.574845375308107e-05,0.25540504918923057
257,1,3.285465238779935e-05,6.427382795123838e-05,0.6641938150134241
257,2,8.709922944326868e-05,8.227590206842349e-05,nan
257,3,3.08834443678165e-05,3.713631113920882e-05,nan
257,4,7.500840875641858e-05,4.574845366687085e-05,nan
258,1,3.285465217821084e-05,6.42738244893847e-05,nan
258,2,8.562919109597276e-05,7.932648218798569e-05,0.5813650358742664
258,3,3.088344430726099e-05,3.713631111002762e-05,nan
258,4,7.500840528480621e-05,4.574845351563978e-05,nan
259,1,3.285465208419872e-05,6.4273824418367e-05,nan
259,2,8.562919106605103e-05,7.932648212784828e-05,nan
259,3,3.051158242501182e-05,3.701248209430696e-05,0.06147939681598036
259,4,7.500840525556066e-05,4.574845342120419e-05,nan
260,1,3.2854652072049264e-05,6.427382428509713e-05,nan
260,2,8.562918981890121e-05,7.932648133765465e-05,nan
260,3,3.051158240501703e-05,3.701248205528009e-05,nan
260,4,7.405907067921407e-05,4.539572491337133e-05,0.23321466070991326
261,1,3.154930836665798e-05,6.041305002062465e-05,0.6670715085967809
261,2,8.562918573678205e-05,7.932647375133831e-05,nan
261,3,3.051158187480115e-05,3.701248201970435e-05,nan
261,4,7.405907014974512e-05,4.539572485603927e-05,nan
262,1,3.154930821388688e-05,6.041304709498771e-05,nan
262,2,8.413261387353585e-05,7.651916153535081e-05,0.5776650414471862
262,3,3.0511581819443077e-05,3.701248198964808e-05,nan
262,4,7.4059066773141e-05,4.539572469447272e-05,nan
263,1,3.154930813271738e-05,6.041304703802049e-05,nan
263,2,8.413261384802805e-05,7.651916148115134e-05,nan
263,3,3.0147169364329355e-05,3.69012259468594e-05,0.06528257471446836
263,4,7.405906674652484e-05,4.539572460930961e-05,nan
264,1,3.154930812101699e-05,6.0413046915922406e-05,nan
264,2,8.413261261624362e-05,7.651916073593048e-05,nan
264,3,3.0147169346212605e-05,3.69012259113756e-05,nan
264,4,7.309218004745028e-05,4.5076801201863196e-05,0.23892198848614934
265,1,3.067661089004576e-05,5.680979674350954e-05,0.6675387114105653
265,2,8.41326091206723e-05,7.65191545084331e-05,nan
265,3,3.0147168959551212e-05,3.690122588746894e-05,nan
265,4,7.309217954909794e-05,4.507680116383688e-05,nan
266,1,3.06766107736304e-05,5.680979426719097e-05,nan
266,2,8.260869887862264e-05,7.385469143068246e-05,0.5553639024636152
266,3,3.014716890910451e-05,3.6901225856380464e-05,nan
266,4,7.309217627013255e-05,4.50768009917695e-05,nan
267,1,3.067661070167964e-05,5.680979422045088e-05,nan
267,2,8.260869885711089e-05,7.385469138184351e-05,nan
267,3,2.9789906246076424e-05,3.68014505478616e-05,0.06663494360779558
267,4,7.309217624582121e-05,4.50768009156598e-05,nan
268,1,3.067661069045037e-05,5.680979410919072e-05,nan
268,2,8.26086976353407e-05,7.385469067702149e-05,nan
268,3,2.978990622972793e-05,3.6801450515046115e-05,nan
268,4,7.210412876423175e-05,4.4790648271849765e-05,0.2315076852566613
269,1,3.007461045078276e-05,5.365351116577081e-05,0.5985363582705806
269,2,8.260869482033959e-05,7.385468584360388e-05,nan
269,3,2.9789905955687008e-05,3.680145049614499e-05,nan
269,4,7.210412832738855e-05,4.479064824486081e-05,nan
270,1,3.007461035739097e-05,5.365350905380858e-05,nan
270,2,8.106283309221467e-05,7.133529556241364e-05,0.5434402063633104
270,3,2.9789905909860367e-05,3.680145046401939e-05,nan
270,4,7.210412515840195e-05,4.47906480629735e-05,nan
271,1,3.0074610292361434e-05,5.3653509014241065e-05,nan
271,2,8.1062833074144e-05,7.133529551838782e-05,nan
271,3,2.9439794741909043e-05,3.671144933131375e-05,0.07109963711661559
271,4,7.210412513595886e-05,4.479064799533768e-05,nan
272,1,3.0074610281748118e-05,5.3653508912840115e-05,nan
272,2,8.106283186236591e-05,7.133529485220161e-05,nan
272,3,2.943979472719595e-05,3.6711449300167514e-05,nan
272,4,7.109455031020876e-05,4.4534975972325395e-05,0.23144255197012467
273,1,2.962366953755235e-05,5.09927540941436e-05,0.5356703723384504
273,2,8.106282967681876e-05,7.133529121602416e-05,nan
273,3,2.943979453282698e-05,3.671144928275415e-05,nan
273,4,7.109454994427123e-05,4.453497595104219e-05,nan
274,1,2.9623669459079752e-05,5.099275227258491e-05,nan
274,2,7.950079621229589e-05,6.896118312137011e-05,0.5399062862401951
274,3,2.9439794491298936e-05,3.6711449249610414e-05,nan
274,4,7.109454689616371e-05,4.453497576023743e-05,nan
275,1,2.962366939962683e-05,5.099275223800356e-05,nan
275,2,7.95007961970986e-05,6.896118308165724e-05,nan
275,3,2.9097030590034733e-05,3.6629409986301586e-05,0.07939075440347895
275,4,7.109454687514781e-05,4.453497570042942e-05,nan
276,1,2.9623669389786176e-05,5.099275214510119e-05,nan
276,2,7.950079499646327e-05,6.896118245277274e-05,nan
276,3,2.9097030576829164e-05,3.662940995585872e-05,nan
276,4,7.006386459597104e-05,4.430727087247119e-05,0.23166818339539838
277,1,2.9247362241176335e-05,4.879399994805732e-05,0.46404458816013894
277,2,7.9500793330188e-05,6.896117975022796e-05,nan
277,3,2.9097030434967524e-05,3.662940993845719e-05,nan
277,4,7.006386429743246e-05,4.430727085382881e-05,nan
278,1,2.924736217290369e-05,4.8793998358810924e-05,nan
278,2,7.792991373218424e-05,6.673084864769631e-05,0.530054540117276
278,3,2.909703039739019e-05,3.662940990437161e-05,nan
278,4,7.006386138126473e-05,4.4307270655373454e-05,nan
279,1,2.9247362118254246e-05,4.8793998327755484e-05,nan
279,2,7.79299137192771e-05,6.673084861183481e-05,nan
279,3,2.876197001227866e-05,3.65533482369027e-05,0.08406287012311162
279,4,7.00638613612199e-05,4.430727060260806e-05,nan
280,1,2.9247362109282094e-05,4.879399824202638e-05,nan
280,2,7.792991253292171e-05,6.673084801961318e-05,nan
280,3,2.876197000044899e-05,3.655334820625391e-05,nan
280,4,6.901395970134864e-05,4.4104587820965314e-05,0.23257753984424775
281,1,2.890265447446215e-05,4.6981145555927645e-05,0.3833835032316285
281,2,7.792991126298092e-05,6.673084599668713e-05,nan
281,3,2.876196989113983e-05,3.655334818852499e-05,nan
281,4,6.901395945989181e-05,4.4104587803410055e-05,nan
282,1,2.8902654413703337e-05,4.6981144156285246e-05,nan
282,2,7.636105848432015e-05,6.464099414242493e-05,0.5300890063228767
282,3,2.876196985713474e-05,3.6553348153698125e-05,nan
282,4,6.901395668890172e-05,4.4104587599206925e-05,nan
283,1,2.890265436335063e-05,4.698114412784169e-05,nan
283,2,7.636105847311201e-05,6.464099410997407e-05,nan
283,3,2.8435035127712074e-05,3.64811352820462e-05,0.08880256062546471
283,4,6.901395666938057e-05,4.410458755246332e-05,nan
284,1,2.8902654355254106e-05,4.6981144048262335e-05,nan
284,2,7.636105730774878e-05,6.464099355495006e-05,nan
284,3,2.8435035117108983e-05,3.648113525043573e-05,nan
284,4,6.794949425681988e-05,4.392326386922646e-05,0.2418827973196085
285,1,2.8569224962974346e-05,4.548890722017219e-05,0.320175469037731
285,2,7.636105633987148e-05,6.464099203033917e-05,nan
285,3,2.8435035028503154e-05,3.648113523244928e-05,nan
285,4,6.794949406279738e-05,4.392326385208674e-05,nan
286,1,2.856922490812991e-05,4.548890597546521e-05,nan
286,2,7.479685171784929e-05,6.268550989384632e-05,0.5242273981575085
286,3,2.843503499770515e-05,3.6481135196864824e-05,nan
286,4,6.794949143732601e-05,4.3923263643054375e-05,nan
287,1,2.8569224861858375e-05,4.548890594901308e-05,nan
287,2,7.479685170786498e-05,6.268550986445603e-05,nan
287,3,2.811674663838179e-05,3.6410902919861754e-05,0.0916047412313022
287,4,6.794949141791112e-05,4.3923263601662084e-05,nan
288,1,2.8569224854629603e-05,4.548890587449653e-05,nan
288,2,7.47968505641148e-05,6.268550934456376e-05,nan
288,3,2.811674662890359e-05,3.641090288653227e-05,nan
288,4,6.687130636059221e-05,4.376083567138591e-05,0.249601926451479
289,1,2.823813977615387e-05,4.4246816288271185e-05,0.24647779799817568
289,2,7.479684981688264e-05,6.268550817043337e-05,nan
289,3,2.8116746552788562e-05,3.641090286856205e-05,nan
289,4,6.687130620375249e-05,4.376083565442282e-05,nan
290,1,2.8238139726254485e-05,4.424681517370825e-05,nan
290,2,7.324375090617505e-05,6.0857312459493626e-05,0.5374860499641907
290,3,2.8116746524816864e-05,3.641090283232669e-05,nan
290,4,6.687130372784571e-05,4.376083544208488e-05,nan
291,1,2.8238139683855604e-05,4.4246815148878e-05,nan
291,2,7.324375089693959e-05,6.08573124328314e-05,nan
291,3,2.7807644243809474e-05,3.63406032198318e-05,0.09661405608488095
291,4,6.687130370812091e-05,4.376083540512101e-05,nan
292,1,2.8238139677425303e-05,4.424681507870734e-05,nan
292,2,7.324374977904743e-05,6.085731194730651e-05,nan
292,3,2.7807644235332524e-05,3.6340603184173346e-05,nan
292,4,6.578304395656068e-05,4.361408160263496e-05,0.27550152989122956
293,1,2.790754018389136e-05,4.3195601504820686e-05,0.20963446742823122
293,2,7.324374919152342e-05,6.085731101799684e-05,nan
293,3,2.7807644166767125e-05,3.6340603166517825e-05,nan
293,4,6.578304382825387e-05,4.361408158585072e-05,nan
294,1,2.790754013829411e-05,4.319560050148144e-05,nan
294,2,7.17071323264999e-05,5.914788536322781e-05,0.5549333674562643
294,3,2.780764414124565e-05,3.634060312972395e-05,nan
294,4,6.578304150318119e-05,4.361408137164287e-05,nan
295,1,2.7907540099577206e-05,4.3195600478053134e-05,nan
295,2,7.170713231759766e-05,5.9147885338999054e-05,nan
295,3,2.7508251860398194e-05,3.626825995082016e-05,0.09778825093263846
295,4,6.578304148276834e-05,4.3614081338165484e-05,nan
296,1,2.7907540093852883e-05,4.319560041170143e-05,nan
296,2,7.17071312297121e-05,5.9147884886904705e-05,nan
296,3,2.750825185280173e-05,3.626825991235209e-05,nan
296,4,6.468868846727725e-05,4.347982452731718e-05,0.3044509700445056
297,1,2.758056731159147e-05,4.2296922235424925e-05,0.20578343211693106
297,2,7.170713076227085e-05,5.9147884134345354e-05,nan
297,3,2.7508251788965157e-05,3.626825989544346e-05,nan
297,4,6.468868836177055e-05,4.347982451090889e-05,nan
298,1,2.7580567269891475e-05,4.2296921327254976e-05,nan
298,2,7.018620877474307e-05,5.75482716041627e-05,0.5545093360092203
298,3,2.7508251765575915e-05,3.626825985803583e-05,nan
298,4,6.468868618049823e-05,4.3479824295415475e-05,nan
299,1,2.7580567234658814e-05,4.229692130509992e-05,nan
299,2,7.018620876587382e-05,5.754827158210421e-05,nan
299,3,2.7219018830149423e-05,3.619240847668099e-05,0.08687085113802447
299,4,6.468868615916818e-05,4.34798242646189e-05,nan
300,1,2.7580567229554644e-05,4.2296921242086606e-05,nan
300,2,7.018620771007312e-05,5.754827116171362e-05,nan
300,3,2.7219018823339803e-05,3.619240843505599e-05,nan
300,4,6.359080618030774e-05,4.335573374710067e-05,0.3191134510298181
301,1,2.7263810690234215e-05,4.1516166489499115e-05,0.19526664357101353
301,2,7.018620733164076e-05,5.754827053476754e-05,nan
301,3,2.7219018762771964e-05,3.6192408419346664e-05,nan
301,4,6.359080609254163e-05,4.3355733731394396e-05,nan
302,1,2.7263810652169242e-05,4.1516165663482336e-05,nan
302,2,6.867822644750014e-05,5.605016699967089e-05,0.553813677123153
302,3,2.7219018741258462e-05,3.619240838125292e-05,nan
302,4,6.359080404527088e-05,4.335573351490166e-05,nan
303,1,2.726381062014733e-05,4.151616564252993e-05,nan
303,2,6.867822643849139e-05,5.605016697952695e-05,nan
303,3,2.6940127946053413e-05,3.611230284158511e-05,0.07937786846733819
303,4,6.359080402299988e-05,4.335573348609357e-05,nan
304,1,2.72638106155807e-05,4.151616558249274e-05,nan
304,2,6.8678225417112e-05,5.605016658918444e-05,nan
304,3,2.694012793995e-05,3.611230279668071e-05,nan
304,4,6.249212388582655e-05,4.324002677886428e-05,0.336153200574962
305,1,2.6964121652870057e-05,4.082466431444077e-05,0.19302340393610737
305,2,6.867822510462524e-05,5.605016605207985e-05,nan
305,3,2.6940127882157415e-05,3.611230278249933e-05,nan
305,4,6.249212381163106e-05,4.324002676416916e-05,nan
306,1,2.696412161822161e-05,4.082466356013646e-05,nan
306,2,6.717436898867745e-05,5.464626634195517e-05,0.5584190738246735
306,3,2.6940127862296386e-05,3.611230274341889e-05,nan
306,4,6.249212188451988e-05,4.324002654602136e-05,nan
307,1,2.696412158927761e-05,4.082466354034169e-05,nan
307,2,6.717436897937513e-05,5.4646266323549157e-05,nan
307,3,2.6672056353395232e-05,3.602690456038201e-05,0.0724326844522771
307,4,6.249212186117322e-05,4.324002651870237e-05,nan
308,1,2.6964121585192633e-05,4.082466348288003e-05,nan
308,2,6.71743679899397e-05,5.464626596029149e-05,nan
308,3,2.6672056347951978e-05,3.6026904511727206e-05,nan
308,4,6.139168070024401e-05,4.313149341720243e-05,0.3552194924582454
309,1,2.668637399743128e-05,4.019477997078564e-05,0.19222478345748978
309,2,6.717436772468155e-05,5.464626548627937e-05,nan
309,3,2.6672056292954356e-05,3.6026904499168954e-05,nan
309,4,6.139168063577991e-05,4.313149340371428e-05,nan
310,1,2.668637396592927e-05,4.019477928054776e-05,nan
310,2,6.567045934707844e-05,5.332938333161698e-05,0.5581010176703192
310,3,2.667205627452306e-05,3.6026904458951226e-05,nan
310,4,6.139167882052186e-05,4.313149318392047e-05,nan
311,1,2.6686373939841563e-05,4.019477926188283e-05,nan
311,2,6.567045933739303e-05,5.3329383314771014e-05,nan
311,3,2.6415026173552112e-05,3.5935489704497656e-05,0.06620863380974662
311,4,6.139167879607085e-05,4.313149315754682e-05,nan
312,1,2.6686373936175012e-05,4.0194779206794034e-05,nan
312,2,6.567045838041511e-05,5.33293829766487e-05,nan
312,3,2.641502616870617e-05,3.593548965182772e-05,nan
312,4,6.029076503468226e-05,4.30285632904541e-05,0.37190517187799144
313,1,2.643304496187397e-05,3.9606542406705196e-05,0.19888192121950077
313,2,6.567045814972012e-05,5.3329382548875224e-05,nan
313,3,2.64150261166973e-05,3.59354896408433e-05,nan
313,4,6.0290764977201634e-05,4.302856327825404e-05,nan
314,1,2.6433044933187297e-05,3.9606541774544e-05,nan
314,2,6.416359385426917e-05,5.209212439486984e-05,0.562618181587354
314,3,2.6415026099471343e-05,3.5935489599367505e-05,nan
314,4,6.029076326754493e-05,4.302856305699128e-05,nan
315,1,2.643304490973856e-05,3.96065417569831e-05,nan
315,2,6.416359384415286e-05,5.209212437943212e-05,nan
315,3,2.616920421134409e-05,3.583742638640155e-05,0.06085061939431262
315,4,6.02907632419848e-05,4.302856303106978e-05,nan
316,1,2.6433044906436228e-05,3.960654170414146e-05,nan
316,2,6.416359292009486e-05,5.2092124064578023e-05,nan
316,3,2.616920420703378e-05,3.583742632945812e-05,nan
316,4,5.919071397977835e-05,4.292965205861109e-05,0.3896841092907049
317,1,2.62044862561904e-05,3.904658027627123e-05,0.20439580213659167
317,2,6.416359271566487e-05,5.209212367277287e-05,nan
317,3,2.6169204158175394e-05,3.583742631990794e-05,nan
317,4,5.9190713927440495e-05,4.292965204768534e-05,nan
318,1,2.620448622991833e-05,3.9046579697248014e-05,nan
318,2,6.265356309275162e-05,5.0926118935572145e-05,0.5605579097392065
318,3,2.6169204141915618e-05,3.583742627713743e-05,nan
318,4,5.919071231983196e-05,4.2929651825516585e-05,nan
319,1,2.6204486208887854e-05,3.9046579680761046e-05,nan
319,2,6.265356308219918e-05,5.0926118921411096e-05,nan
319,3,2.5934654569177113e-05,3.57322364571416e-05,0.05601018692884592
319,4,5.919071229319799e-05,4.292965179960425e-05,nan
320,1,2.620448620590207e-05,3.904657963010358e-05,nan
320,2,6.265356219181044e-05,5.092611862812582e-05,nan
320,3,2.593465456533867e-05,3.57322363957253e-05,nan
320,4,5.809326465742696e-05,4.2833140539873936e-05,0.4044693162753947
321,1,2.5998886183729528e-05,3.850650888995732e-05,0.205388336925306
321,2,6.26535620082348e-05,5.092611826612216e-05,nan
321,3,2.593465451963803e-05,3.573223638739069e-05,nan
321,4,5.809326460905103e-05,4.2833140530113027e-05,nan
322,1,2.599888615941142e-05,3.8506508359573255e-05,nan
322,2,6.114665528661753e-05,4.9821130768138223e-05,0.5483210905877104
322,3,2.5934654504090772e-05,3.573223634354139e-05,nan
322,4,5.809326310403384e-05,4.283314030855065e-05,nan
323,1,2.5998886140529608e-05,3.850650834411742e-05,nan
323,2,6.114665527569123e-05,4.982113075512382e-05,nan
323,3,2.5711090216209335e-05,3.561993881983569e-05,0.05146549923333387
323,4,5.80932630764817e-05,4.283314028229317e-05,nan
324,1,2.599888613781098e-05,3.8506508295659225e-05,nan
324,2,6.11466544213979e-05,4.982113048220918e-05,nan
324,3,2.571109021276771e-05,3.5619938754068586e-05,nan
324,4,5.700188310201607e-05,4.2737430757372576e-05,0.41450756955153867
325,1,2.5815481398124068e-05,3.798156588423244e-05,0.22346046506222333
325,2,6.114665425510552e-05,4.9821130145995065e-05,nan
325,3,2.57110901702422e-05,3.561993874683513e-05,nan
325,4,5.700188305690099e-05,4.2737430748726965e-05,nan
326,1,2.5815481375194628e-05,3.79815653979107e-05,nan
326,2,5.964577055344902e-05,4.876365080922984e-05,0.5547345546029098
326,3,2.5711090155083992e-05,3.561993870194835e-05,nan
326,4,5.700188165309564e-05,4.273743052872092e-05,nan
327,1,2.5815481358334824e-05,3.7981565383452466e-05,nan
327,2,5.964577054215742e-05,4.876365079729984e-05,nan
327,3,2.5498759795410936e-05,3.549984558353181e-05,0.04856979987857663
327,4,5.700188162459897e-05,4.2737430501760326e-05,nan
328,1,2.581548135585796e-05,3.798156533712442e-05,nan
328,2,5.9645769722024246e-05,4.876365054267511e-05,nan
328,3,2.5498759792315088e-05,3.549984551296609e-05,nan
328,4,5.591665703572552e-05,4.264095158594062e-05,0.4302954993401612
329,1,2.5652079655010653e-05,3.7468858202230595e-05,0.23270352090085047
329,2,5.964576957039719e-05,4.876365022958602e-05,nan
329,3,2.549875975283967e-05,3.54998455066655e-05,nan
329,4,5.591665699340766e-05,4.2640951578296376e-05,nan
330,1,2.565207963281525e-05,3.746885775451251e-05,nan
330,2,5.8163895846105175e-05,4.773480056532966e-05,0.5463898027580795
330,3,2.549875973769376e-05,3.549984546120398e-05,nan
330,4,5.5916655693906036e-05,4.2640951362271024e-05,nan
331,1,2.565207961778233e-05,3.7468857741006525e-05,nan
331,2,5.816389583451947e-05,4.773480055441557e-05,nan
331,3,2.5297492497284984e-05,3.5371854731243496e-05,0.04546178418767802
331,4,5.591665566458354e-05,4.264095133433337e-05,nan
332,1,2.5652079615513324e-05,3.7468857696814235e-05,nan
332,2,5.8163895048859964e-05,4.7734800316723694e-05,nan
332,3,2.529749249446755e-05,3.537185465584172e-05,nan
332,4,5.4839988346687154e-05,4.254212525926697e-05,0.4400688958314435
333,1,2.550651949085966e-05,3.696681552555749e-05,0.2422938762331018
333,2,5.8163894909892046e-05,4.773480002487927e-05,nan
333,3,2.529749245787236e-05,3.537185465033086e-05,nan
333,4,5.4839988306868636e-05,4.254212525251541e-05,nan
334,1,2.5506519468645805e-05,3.696681510912128e-05,nan
334,2,5.671924865214929e-05,4.67084945975605e-05,0.5374319781552079
334,3,2.5297492442290008e-05,3.537185460501685e-05,nan
334,4,5.4839987114496196e-05,4.254212504357953e-05,nan
335,1,2.550651945526428e-05,3.696681509652026e-05,nan
335,2,5.6719248640339956e-05,4.670849458761625e-05,nan
335,3,2.510709218841045e-05,3.5235919298920175e-05,0.04282542793509953
335,4,5.483998708447261e-05,4.25421250144422e-05,nan
336,1,2.5506519453172777e-05,3.696681505446694e-05,nan
336,2,5.6719247888796e-05,4.670849436564993e-05,nan
336,3,2.5107092185804738e-05,3.523591921866487e-05,nan
336,4,5.377420887746557e-05,4.243942153389626e-05,0.4475866129062989
337,1,2.5376740663566e-05,3.6474626713513174e-05,0.25414494488697714
337,2,5.6719247760856993e-05,4.6708494093727217e-05,nan
337,3,2.5107092151893713e-05,3.523591921382191e-05,nan
337,4,5.3774208839942e-05,4.243942152793569e-05,nan
338,1,2.5376740640535917e-05,3.647462631814083e-05,nan
338,2,5.5333563278957955e-05,4.5650653037099255e-05,0.5344831881859381
338,3,2.51070921353818e-05,3.5235919169651664e-05,nan
338,4,5.3774207754003105e-05,4.243942132960144e-05,nan
339,1,2.537674062864356e-05,3.6474626306396234e-05,nan
339,2,5.5333563266985314e-05,4.565065302809483e-05,nan
339,3,2.4927316664932483e-05,3.5092075470406334e-05,0.04086221831265058
339,4,5.377420772341462e-05,4.2439421299093476e-05,nan
340,1,2.5376740626701046e-05,3.647462626648311e-05,nan
340,2,5.533356254874143e-05,4.565065282097655e-05,nan
340,3,2.492731666247167e-05,3.509207538533124e-05,nan
340,4,5.272171543337138e-05,4.2331375148283266e-05,0.4531260107699984
341,1,2.526081369594564e-05,3.599191673128282e-05,0.26239056623111195
341,2,5.533356243049482e-05,4.5650652568139904e-05,nan
341,3,2.492731663103517e-05,3.509207538105213e-05,nan
341,4,5.272171539799096e-05,4.23313751430193e-05,nan
342,1,2.5260813671425625e-05,3.59919163435997e-05,nan
342,2,5.402550169769755e-05,4.4522977369673284e-05,0.5380086267343296
342,3,2.4927316613163828e-05,3.509207533914726e-05,nan
342,4,5.2721714408963606e-05,4.233137495824455e-05,nan
343,1,2.526081366086911e-05,3.599191633266201e-05,nan
343,2,5.40255016856032e-05,4.4522977361583895e-05,nan
343,3,2.47578582439932e-05,3.494047189011635e-05,0.03887647389852444
343,4,5.272171437796152e-05,4.233137492625148e-05,nan
344,1,2.526081365904802e-05,3.5991916294886966e-05,nan
344,2,5.402550099972531e-05,4.452297716895259e-05,nan
344,3,2.47578582416106e-05,3.494047180033941e-05,nan
344,4,5.168503306133222e-05,4.22166352136492e-05,0.45525178659597487
345,1,2.5156639916121646e-05,3.551867715146167e-05,0.27031705651899474
345,2,5.402550089017775e-05,4.4522976934839996e-05,nan
345,3,2.4757858212399682e-05,3.494047179652089e-05,nan
345,4,5.168503302798146e-05,4.2216635208980085e-05,nan
346,1,2.5156639889999648e-05,3.551867675858853e-05,nan
346,2,5.279829263142803e-05,4.3301086847336036e-05,0.5588013144845321
346,3,2.4757858193105542e-05,3.494047175769181e-05,nan
346,4,5.168503211367076e-05,4.221663503845743e-05,nan
347,1,2.51566398806045e-05,3.5518676748400965e-05,nan
347,2,5.2798292619258236e-05,4.330108684011379e-05,nan
347,3,2.4598117227560803e-05,3.4781714778236895e-05,0.037313369613775814
347,4,5.1685032082483396e-05,4.2216635004999406e-05,nan
348,1,2.5156639878875852e-05,3.551867671276186e-05,nan
348,2,5.279829196600865e-05,4.330108666229547e-05,nan
348,3,2.4598117225191428e-05,3.478171468424959e-05,nan
348,4,5.066745668561573e-05,4.209435895642661e-05,0.4544354439543972
349,1,2.506316758029072e-05,3.505467411529943e-05,0.27989075070644553
349,2,5.279829186445703e-05,4.330108644674545e-05,nan
349,3,2.4598117198058547e-05,3.4781714680841306e-05,nan
349,4,5.0667456654169104e-05,4.209435895229957e-05,nan
350,1,2.5063167552897582e-05,3.505467370517456e-05,nan
350,2,5.163207222803861e-05,4.197370513632538e-05,0.6068761849425045
350,3,2.4598117177556656e-05,3.478171464522044e-05,nan
350,4,5.066745577955184e-05,4.209435879352301e-05,nan
351,1,2.5063167544574216e-05,3.505467369569768e-05,nan
351,2,5.1632072215758685e-05,4.1973705129929685e-05,nan
351,3,2.4448011142227332e-05,3.4615647429509174e-05,0.03615143141901035
351,4,5.066745574824623e-05,4.209435875848153e-05,nan
352,1,2.506316754291659e-05,3.5054673662162356e-05,nan
352,2,5.163207159403855e-05,4.1973704967426035e-05,nan
352,3,2.4448011139809643e-05,3.4615647331192664e-05,nan
352,4,4.9670415129298365e-05,4.1963073403891795e-05,0.45192479086688647
353,1,2.497908325883399e-05,3.459988073384614e-05,0.29149482012531897
353,2,5.1632071500231466e-05,4.1973704770442905e-05,nan
353,3,2.4448011114571567e-05,3.4615647328135654e-05,nan
353,4,4.967041509965151e-05,4.196307340024178e-05,nan
354,1,2.497908323155844e-05,3.4599880307490875e-05,nan
354,2,5.048295722543809e-05,4.0582159278264384e-05,0.6756149789208645
354,3,2.4448011093837014e-05,3.461564729480148e-05,nan
354,4,4.9670414230894164e-05,4.196307324755632e-05,nan
355,1,2.4979083224188987e-05,3.459988029867866e-05,nan
355,2,5.0482957213050836e-05,4.058215927260701e-05,nan
355,3,2.430716100293758e-05,3.4442572744780964e-05,0.03556847781518417
355,4,4.96704141996177e-05,4.196307321093825e-05,nan
356,1,2.497908322257813e-05,3.459988026722023e-05,nan
356,2,5.048295662398819e-05,4.058215912612975e-05,nan
356,3,2.430716100041091e-05,3.4442572642403914e-05,nan
356,4,4.8696233217674925e-05,4.1821800001327165e-05,0.4470406258176865
357,1,2.490326696808194e-05,3.415426353096629e-05,0.31287935300275244
357,2,5.04829565379647e-05,4.058215894733503e-05,nan
357,3,2.430716097690142e-05,3.444257263965017e-05,nan
357,4,4.869623318972635e-05,4.182179999809784e-05,nan
358,1,2.4903266942801606e-05,3.415426310516231e-05,nan
358,2,4.930896135057191e-05,3.9211913946570335e-05,0.7570735487476947
358,3,2.430716095731673e-05,3.4442572607127776e-05,nan
358,4,4.8696232315559425e-05,4.1821799846221046e-05,nan
359,1,2.490326693628014e-05,3.415426309697114e-05,nan
359,2,4.930896133810638e-05,3.9211913941538675e-05,nan
359,3,2.4175191060215522e-05,3.426280306941482e-05,0.03672065044146923
359,4,4.869623228444819e-05,4.182179980805863e-05,nan
360,1,2.4903266934692895e-05,3.415426306755361e-05,nan
360,2,4.930896078330937e-05,3.9211913811152935e-05,nan
360,3,2.417519105752225e-05,3.426280296327023e-05,nan
360,4,4.7747069420469016e-05,4.166967524612718e-05,0.4395602088161194
361,1,2.4834708617680023e-05,3.371779172537683e-05,0.33145545995175857
361,2,4.930896070510499e-05,3.921191364941129e-05,nan
361,3,2.417519103558467e-05,3.426280296077814e-05,nan
361,4,4.774706939412053e-05,4.166967524326707e-05,nan
362,1,2.483470859588804e-05,3.3717791326598686e-05,nan
362,2,4.810344408963808e-05,3.795783701905171e-05,0.7963564920866694
362,3,2.4175191018341117e-05,3.4262802928122154e-05,nan
362,4,4.774706853720512e-05,4.166967509150908e-05,nan
363,1,2.4834708590113922e-05,3.371779131898583e-05,nan
363,2,4.810344407715943e-05,3.7957837014529135e-05,nan
363,3,2.4051678301946153e-05,3.407673987355155e-05,0.03783408836981894
363,4,4.774706850639641e-05,4.1669675051877966e-05,nan
364,1,2.4834708588528354e-05,3.371779129156326e-05,nan
364,2,4.8103443557694795e-05,3.7957836899272996e-05,nan
364,3,2.4051678299033763e-05,3.4076739764025025e-05,nan
364,4,4.682498715674747e-05,4.150608466446939e-05,0.429041907777271
365,1,2.4772363650023667e-05,3.3290398085627296e-05,0.33944059562311724
365,2,4.810344348701834e-05,3.795783675267541e-05,nan
365,3,2.4051678278512306e-05,3.4076739761750585e-05,nan
365,4,4.6824987131901106e-05,4.1506084661924964e-05,nan
366,1,2.4772363632031427e-05,3.3290397733929465e-05,nan
366,2,4.6900778434615854e-05,3.687099347322663e-05,0.7568545898352789
366,3,2.405167826398172e-05,3.407673972920248e-05,nan
366,4,4.682498633164811e-05,4.150608451461107e-05,nan
367,1,2.4772363626893437e-05,3.329039772684865e-05,nan
367,2,4.6900778422217054e-05,3.687099346911078e-05,nan
367,3,2.3936000923184187e-05,3.388507854410949e-05,0.038788832939400754
367,4,4.68249863013087e-05,4.150608447367942e-05,nan
368,1,2.4772363625289628e-05,3.329039770135349e-05,nan
368,2,4.6900777938137264e-05,3.6870993367257596e-05,nan
368,3,2.3936000920013464e-05,3.3885078431929576e-05,nan
368,4,4.593202764901802e-05,4.133118031295828e-05,0.4148473097372148
369,1,2.471607666831407e-05,3.2871165839074e-05,0.34627356200117143
369,2,4.690077787416342e-05,3.687099323360335e-05,nan
369,3,2.3936000900927593e-05,3.388507842985133e-05,nan
369,4,4.5932027625519405e-05,4.1331180310710456e-05,nan
370,1,2.4716076653525272e-05,3.287116553656849e-05,nan
370,2,4.5726954237093153e-05,3.5944988478976074e-05,0.6511501285009148
370,3,2.3936000888772646e-05,3.3885078397862006e-05,nan
370,4,4.5932026898241426e-05,4.1331180170905763e-05,nan
371,1,2.471607664897611e-05,3.287116553000055e-05,nan
371,2,4.57269542247692e-05,3.594498847521758e-05,nan
371,3,2.382832059732717e-05,3.3686954056301886e-05,0.04496011649174167
371,4,4.593202686829274e-05,4.133118012837975e-05,nan
372,1,2.4716076647320427e-05,3.287116550637666e-05,nan
372,2,4.5726953774086195e-05,3.5944988384886116e-05,nan
372,3,2.3828320593826703e-05,3.368695394141529e-05,nan
372,4,4.506940587038433e-05,4.1143282774806245e-05,0.3958283231602957
373,1,2.4665539767569323e-05,3.245930385862934e-05,0.3639349837163239
373,2,4.572695371591405e-05,3.5944988262260824e-05,nan
373,3,2.3828320576196837e-05,3.368695393950285e-05,nan
373,4,4.5069405848093595e-05,4.11432827728255e-05,nan
374,1,2.4665539755163387e-05,3.245930359987157e-05,nan
374,2,4.460025364815209e-05,3.515148486152142e-05,0.5325371615605793
374,3,2.3828320565871106e-05,3.368695390854767e-05,nan
374,4,4.506940519724934e-05,4.1143282642511184e-05,nan
375,1,2.466553975113198e-05,3.245930359379485e-05,nan
375,2,4.460025363590527e-05,3.515148485808413e-05,nan
375,3,2.3728626292660847e-05,3.3481679493215316e-05,0.05878682111424141
375,4,4.506940516765191e-05,4.1143282598135914e-05,nan
376,1,2.466553974938886e-05,3.245930357197018e-05,nan
376,2,4.460025321676237e-05,3.515148477763433e-05,nan
376,3,2.3728626288766135e-05,3.3481679375892945e-05,nan
376,4,4.4238422987864304e-05,4.094127656784278e-05,0.38773587611167654
377,1,2.4620322049978924e-05,3.205437557274161e-05,0.37715446299271044
377,2,4.460025316357805e-05,3.515148466454305e-05,nan
377,3,2.3728626272592244e-05,3.348167937411467e-05,nan
377,4,4.423842296666973e-05,4.094127656609234e-05,nan
378,1,2.462032203928701e-05,3.205437535116618e-05,nan
378,2,4.353243919839305e-05,3.446287470228853e-05,0.49557402400676404
378,3,2.372862626363525e-05,3.348167934457581e-05,nan
378,4,4.423842238986943e-05,4.094127644632687e-05,nan
379,1,2.4620322035692693e-05,3.205437534555773e-05,nan
379,2,4.3532439186230924e-05,3.446287469914619e-05,nan
379,3,2.3636790546729782e-05,3.326878911641629e-05,0.05915864885199859
379,4,4.423842236062004e-05,4.0941276399920285e-05,nan
380,1,2.4620322033829414e-05,3.205437532544878e-05,nan
380,2,4.3532438796648576e-05,3.446287462718194e-05,nan
380,3,2.363679054238632e-05,3.326878899703926e-05,nan
380,4,4.344009348460633e-05,4.0724423903785e-05,0.386687458352001
381,1,2.4579833094483112e-05,3.165629974176727e-05,0.3718748904807341
381,2,4.353243874776276e-05,3.446287452247776e-05,nan
381,3,2.363679052763632e-05,3.3268788995361626e-05,nan
381,4,4.34400934644223e-05,4.0724423902220636e-05,nan
382,1,2.4579833084991477e-05,3.165629955085959e-05,nan
382,2,4.2529838723661654e-05,3.385480950620966e-05,0.483261108321351
382,3,2.363679051968149e-05,3.326878896750486e-05,nan
382,4,4.344009295597857e-05,4.0724423793334727e-05,nan
383,1,2.4579833081744688e-05,3.165629954569327e-05,nan
383,2,4.252983871160123e-05,3.3854809503339765e-05,nan
383,3,2.355251343690985e-05,3.3048168691649475e-05,0.04914250403954673
383,4,4.3440092927119285e-05,4.0724423744833274e-05,nan
384,1,2.4579833079734262e-05,3.165629952720093e-05,nan
384,2,4.25298383496251e-05,3.385480943869251e-05,nan
384,3,2.3552513432079662e-05,3.3048168570751006e-05,nan
384,4,4.2675015172684487e-05,4.0492576510394014e-05,0.3761870673054793
385,1,2.4543306998072846e-05,3.126529930502728e-05,0.3828683529322954
385,2,4.252983830447727e-05,3.3854809341481696e-05,nan
385,3,2.355251341867743e-05,3.3048168569139136e-05,nan
385,4,4.267501515344781e-05,4.049257650896547e-05,nan
386,1,2.454330698940016e-05,3.12652991385573e-05,nan
386,2,4.159278486698788e-05,3.330636983048931e-05,0.44811164674766646
386,3,2.3552513411438696e-05,3.3048168543075105e-05,nan
386,4,4.267501470512365e-05,4.0492576410579015e-05,nan
387,1,2.4543306986405137e-05,3.126529913380108e-05,nan
387,2,4.159278485506218e-05,3.330636982786758e-05,nan
387,3,2.3475250057658914e-05,3.2820231292671675e-05,0.051242750184262165
387,4,4.267501467675204e-05,4.0492576360099375e-05,nan
388,1,2.4543306984231182e-05,3.126529911680384e-05,nan
388,2,4.1592784518871284e-05,3.330636976955913e-05,nan
388,3,2.347525005233128e-05,3.282023117100707e-05,nan
388,4,4.194314079288645e-05,4.024653130304379e-05,0.37778393320713577
389,1,2.451016263668481e-05,3.088157346672457e-05,0.38189638462365727
389,2,4.1592784476983825e-05,3.330636967922137e-05,nan
389,3,2.347525004025225e-05,3.282023116942943e-05,nan
389,4,4.194314077453162e-05,4.0246531301705804e-05,nan
390,1,2.451016262858736e-05,3.08815733200798e-05,nan
390,2,4.071918081102177e-05,3.280334589412517e-05,0.42597394067771877
390,3,2.3475250033545136e-05,3.282023114516767e-05,nan
390,4,4.194314037869064e-05,4.024653121314099e-05,nan
391,1,2.4510162625763876e-05,3.088157331571381e-05,nan
391,2,4.0719180799226184e-05,3.280334589174024e-05,nan
391,3,2.340476651269752e-05,3.258474397537356e-05,0.048455903140836074
391,4,4.194314035081803e-05,4.024653116059603e-05,nan
392,1,2.4510162623399367e-05,3.0881573300108576e-05,nan
392,2,4.071918048681862e-05,3.280334583897958e-05,nan
392,3,2.3404766506838858e-05,3.258474385327308e-05,nan
392,4,4.124430870741649e-05,3.9985922778740475e-05,0.37374290897023477
393,1,2.447961812383121e-05,3.0505566609434197e-05,0.379620058648161
393,2,4.071918044782271e-05,3.2803345755014305e-05,nan
393,3,2.3404766496010595e-05,3.2584743851695156e-05,nan
393,4,4.1244308689896e-05,3.99859227774423e-05,nan
394,1,2.447961811613088e-05,3.050556647845894e-05,nan
394,2,3.990375282623916e-05,3.233386278807422e-05,0.420414554576916
394,3,2.3404766489691814e-05,3.258474382915211e-05,nan
394,4,4.1244308338425376e-05,3.998592269773429e-05,nan
395,1,2.447961811339145e-05,3.05055664744562e-05,nan
395,2,3.990375281459096e-05,3.233386278590811e-05,nan
395,3,2.3340551749074428e-05,3.234205167726309e-05,0.04414857825641992
395,4,4.124430831112115e-05,3.99859226432321e-05,nan
396,1,2.4479618110820307e-05,3.05055664601168e-05,nan
396,2,3.990375252424168e-05,3.2333862738013195e-05,nan
396,3,2.3340551742680356e-05,3.23420515553183e-05,nan
396,4,4.057769130204446e-05,3.9711416153804355e-05,0.3769424707946485
397,1,2.445083566999725e-05,3.013781609360792e-05,0.37143430760987195
397,2,3.990375248785059e-05,3.233386266001481e-05,nan
397,3,2.3340551733010424e-05,3.234205155370627e-05,nan
397,4,4.057769128531964e-05,3.971141615249598e-05,nan
398,1,2.445083566257683e-05,3.013781597500532e-05,nan
398,2,3.913961274004941e-05,3.1889295804632287e-05,0.40180120957009685
398,3,2.334055172698179e-05,3.234205153273539e-05,nan
398,4,4.057769097074599e-05,3.971141608056668e-05,nan
399,1,2.4450835659838326e-05,3.013781597133693e-05,nan
399,2,3.9139612728571907e-05,3.188929580266497e-05,nan
399,3,2.32819916603996e-05,3.209274508975181e-05,0.0435329120978973
399,4,4.057769094409087e-05,3.971141602430359e-05,nan
400,1,2.445083565705082e-05,3.0137815958127033e-05,nan
400,2,3.913961245867304e-05,3.188929575904049e-05,nan
400,3,2.328199165348214e-05,3.209274496859788e-05,nan
400,4,3.994186182721732e-05,3.94241064631774e-05,0.37764256959131626
401,1,2.442296491468089e-05,2.977888578977555e-05,0.3745733979418521
401,2,3.913961242466253e-05,3.188929568666512e-05,nan
401,3,2.3281991644866055e-05,3.209274496691962e-05,nan
401,4,3.9941861811255195e-05,3.942410646181189e-05,nan
402,1,2.442296490746451e-05,2.9778885681065433e-05,nan
402,2,3.841939041757386e-05,3.1463727696087396e-05,0.3392473783793525
402,3,2.3281991639062917e-05,3.20927449473427e-05,nan
402,4,3.994186152716336e-05,3.942410639659282e-05,nan
403,1,2.44229649046516e-05,2.977888567770178e-05,nan
403,2,3.8419390406293075e-05,3.146372769429784e-05,nan
403,3,2.3228415637090062e-05,3.183757102694885e-05,0.06746365087160698
403,4,3.994186150123663e-05,3.9424106338822283e-05,nan
404,1,2.4422964901642803e-05,2.9778885665479197e-05,nan
404,2,3.841939015531785e-05,3.146372765441126e-05,nan
404,3,2.3228415629673377e-05,3.183757090720909e-05,nan
404,4,3.9334831894095114e-05,3.9125343870730904e-05,0.3786378941912039
405,1,2.4395176642775947e-05,2.9429272664763634e-05,0.37381778430863044
405,2,3.841939012350975e-05,3.146372758728868e-05,nan
405,3,2.3228415621970483e-05,3.183757090544014e-05,nan
405,4,3.933483187886849e-05,3.9125343869270036e-05,nan
406,1,2.4395176635713237e-05,2.942927256407527e-05,nan
406,2,3.773556675850351e-05,3.105310556990376e-05,0.30032553851304616
406,3,2.3228415616349793e-05,3.1837570887062463e-05,nan
406,4,3.933483161980808e-05,3.912534380974163e-05,nan
407,1,2.439517663276687e-05,2.9429272560981355e-05,nan
407,2,3.773556674746095e-05,3.105310556826657e-05,nan
407,3,2.317899001973762e-05,3.157777268423646e-05,0.095226120111478
407,4,3.93348315947148e-05,3.9125343750893915e-05,nan
408,1,2.4395176629546776e-05,2.9429272549594712e-05,nan
408,2,3.773556651395366e-05,3.1053105531616834e-05,nan
408,3,2.3178990011875787e-05,3.157777256663437e-05,nan
408,4,3.8753886865610226e-05,3.8817337602732585e-05,0.38697168054476977
409,1,2.4366666110877723e-05,2.9089513102221734e-05,0.33450021617478826
409,2,3.773556648420004e-05,3.1053105469527686e-05,nan
409,3,2.3178990005003487e-05,3.157777256474196e-05,nan
409,4,3.8753886851090754e-05,3.881733760113535e-05,nan
410,1,2.4366666103924683e-05,2.9089513008381115e-05,nan
410,2,3.7083103240637567e-05,3.0654795135985505e-05,0.31339064091448177
410,3,2.317898999953349e-05,3.1577772547418974e-05,nan
410,4,3.8753886613436334e-05,3.881733754653743e-05,nan
411,1,2.4366666100782906e-05,2.908951300553356e-05,nan
411,2,3.708310322984319e-05,3.0654795134484434e-05,nan
411,3,2.313315963456619e-05,3.131381536685789e-05,0.08113473129195652
411,4,3.8753886589196284e-05,3.881733748676385e-05,nan
412,1,2.4366666097338897e-05,2.908951299484617e-05,nan
412,2,3.708310301238056e-05,3.065479510063574e-05,nan
412,3,2.3133159626272273e-05,3.131381525174529e-05,nan
412,4,3.8196356038816124e-05,3.850075955368236e-05,0.39378428690474104
413,1,2.4336711802577806e-05,2.8760056008509133e-05,0.2975351770649125
413,2,3.708310298455525e-05,3.0654795043300124e-05,nan
413,3,2.313315962011559e-05,3.1313815249707785e-05,nan
413,4,3.8196356024981406e-05,3.8500759551919916e-05,nan
414,1,2.4336711795700925e-05,2.876005592062453e-05,nan
414,2,3.646156573993538e-05,3.0266499829735392e-05,0.3149650543775155
414,3,2.3133159614769305e-05,3.131381523342568e-05,nan
414,4,3.8196355806771326e-05,3.850075950193252e-05,nan
415,1,2.4336711792319214e-05,2.8760055917997093e-05,nan
415,2,3.6461565729407136e-05,3.0266499828352357e-05,nan
415,3,2.3090296175525315e-05,3.1046506852747456e-05,0.07604885973978263
415,4,3.8196355783421304e-05,3.850075944150925e-05,nan
416,1,2.4336711788645794e-05,2.876005590788075e-05,nan
416,2,3.646156552660248e-05,3.0266499796909396e-05,nan
416,3,2.3090296166822835e-05,3.104650674045122e-05,nan
416,4,3.765939518554823e-05,3.817649851165485e-05,0.4052302326760339
417,1,2.430481886442826e-05,2.844131955474619e-05,0.2689079289203735
417,2,3.64615655005905e-05,3.0266499744082536e-05,nan
417,3,2.3090296161295182e-05,3.1046506738257116e-05,nan
417,4,3.765939517237832e-05,3.8176498509710415e-05,nan
418,1,2.4304818857647413e-05,2.84413194720414e-05,nan
418,2,3.587928668788393e-05,2.9886791979570725e-05,0.3075860765057544
418,3,2.3090296156069382e-05,3.1046506723264925e-05,nan
418,4,3.765939497365243e-05,3.817649846477628e-05,nan
419,1,2.4304818853988308e-05,2.84413194696204e-05,nan
419,2,3.587928667760827e-05,2.9886791978297255e-05,nan
419,3,2.3050123329648263e-05,3.077600199067841e-05,0.08046027162460223
419,4,3.765939495116967e-05,3.817649840376087e-05,nan
420,1,2.4304818850056547e-05,2.844131946000288e-05,nan
420,2,3.587928648811992e-05,2.9886791949007313e-05,nan
420,3,2.3050123320502398e-05,3.0776001881002446e-05,nan
420,4,3.714152758282639e-05,3.784329753059482e-05,0.4108110153621008
421,1,2.4270546458332594e-05,2.813369744345189e-05,0.24220881514055684
421,2,3.587928646381356e-05,2.9886791900467193e-05,nan
421,3,2.3050123315524548e-05,3.077600187864261e-05,nan
421,4,3.7141527570302944e-05,3.784329752845665e-05,nan
422,1,2.427054645172745e-05,2.8133697365096323e-05,nan
422,2,3.533864076044305e-05,2.9516489949593588e-05,0.3026468331916922
422,3,2.3050123310454612e-05,3.077600186503017e-05,nan
422,4,3.7141527389212795e-05,3.784329748853659e-05,nan
423,1,2.427054644775145e-05,2.8133697362871096e-05,nan
423,2,3.5338640750398614e-05,2.9516489948422067e-05,nan
423,3,2.3012421697971047e-05,3.0502322224468235e-05,0.08663182863458092
423,4,3.714152736756397e-05,3.784329742694248e-05,nan
424,1,2.4270546443522524e-05,2.813369735368898e-05,nan
424,2,3.5338640573015156e-05,2.9516489921087806e-05,nan
424,3,2.3012421688327546e-05,3.0502322117124556e-05,nan
424,4,3.664148741252173e-05,3.749926980868068e-05,0.4169868580298376
425,1,2.423360298819709e-05,2.7837347082032963e-05,0.2171839422570237
425,2,3.5338640550311705e-05,2.9516489876550085e-05,nan
425,3,2.3012421683805965e-05,3.0502322114600987e-05,nan
425,4,3.664148740062398e-05,3.749926980635012e-05,nan
426,1,2.4233602981870896e-05,2.7837347007497604e-05,nan
426,2,3.483453784389638e-05,2.9158651465642792e-05,0.302183922361879
426,3,2.3012421678952202e-05,3.0502322102238684e-05,nan
426,4,3.664148723397145e-05,3.749926977082877e-05,nan
427,1,2.423360297755257e-05,2.78373470054538e-05,nan
427,2,3.483453783407462e-05,2.915865146456222e-05,nan
427,3,2.297688156340075e-05,3.0225851684914166e-05,0.09429034689276536
427,4,3.664148721314619e-05,3.7499269708804465e-05,nan
428,1,2.423360297299936e-05,2.7837346996642992e-05,nan
428,2,3.483453766774602e-05,2.9158651439003426e-05,nan
428,3,2.2976881553225886e-05,3.0225851579748266e-05,nan
428,4,3.6157819045793176e-05,3.7143191844837664e-05,0.4302659434102419
429,1,2.4193491094903916e-05,2.7552750360492796e-05,0.19314669761676168
429,2,3.48345376465798e-05,2.9158651398322375e-05,nan
429,3,2.297688154909985e-05,3.022585157704593e-05,nan
429,4,3.615781903450834e-05,3.7143191842303396e-05,nan
430,1,2.419349108897111e-05,2.7552750289655223e-05,nan
430,2,3.4360324349967786e-05,2.8817901327229478e-05,0.3046409962519919
430,3,2.2976881544536948e-05,3.022585156575011e-05,nan
430,4,3.615781887942799e-05,3.714319181048362e-05,nan
431,1,2.419349108425215e-05,2.7552750287786537e-05,nan
431,2,3.4360324340345064e-05,2.8817901326233198e-05,nan
431,3,2.2943314515934273e-05,2.9946330486684532e-05,0.10453219090850333
431,4,3.6157818859374126e-05,3.714319174793928e-05,nan
432,1,2.419349107930701e-05,2.7552750279270257e-05,nan
432,2,3.4360324184194236e-05,2.8817901302271063e-05,nan
432,3,2.294331450512956e-05,2.9946330383332198e-05,nan
432,4,3.568887722495806e-05,3.6771899852244365e-05,0.4482824789642739
433,1,2.4149871902293016e-05,2.728013814570999e-05,0.17173115579571765
433,2,3.436032416450029e-05,2.881790126521687e-05,nan
433,3,2.2943314501321047e-05,2.994633038044841e-05,nan
433,4,3.568887721427127e-05,3.677189984950939e-05,nan
434,1,2.4149871896832963e-05,2.728013807873971e-05,nan
434,2,3.3908057871858396e-05,2.849863403720074e-05,0.3071140925772456
434,3,2.2943314497108345e-05,2.994633036998411e-05,nan
434,4,3.568887706842303e-05,3.6771899820618946e-05,nan
435,1,2.414987189166991e-05,2.7280138077035248e-05,nan
435,2,3.390805786242897e-05,2.8498634036279324e-05,nan
435,3,2.291142103853351e-05,2.9663919792930304e-05,0.11699399661349096
435,4,3.5688877049114074e-05,3.677189975762232e-05,nan
436,1,2.4149871886275927e-05,2.728013806872679e-05,nan
436,2,3.39080577156852e-05,2.8498634013710792e-05,nan
436,3,2.2911421027022184e-05,2.9663919691196365e-05,nan
436,4,3.523249022627304e-05,3.638294323922135e-05,0.4645519985459721
437,1,2.410246409944328e-05,2.7019653353169262e-05,0.15334660705834918
437,2,3.390805769740165e-05,2.8498633980041056e-05,nan
437,3,2.2911421023455125e-05,2.9663919688131712e-05,nan
437,4,3.523249021617021e-05,3.638294323629472e-05,nan
438,1,2.4102464094493284e-05,2.7019653290322216e-05,nan
438,2,3.347133625866828e-05,2.8203922720181723e-05,0.30540446645855757
438,3,2.2911421019626156e-05,2.9663919678298032e-05,nan
438,4,3.523249007808553e-05,3.638294320969798e-05,nan
439,1,2.4102464088843947e-05,2.701965328877047e-05,nan
439,2,3.347133624943308e-05,2.820392271932604e-05,nan
439,3,2.2880870462432516e-05,2.9378860742638283e-05,0.13081662974284966
439,4,3.5232490059496697e-05,3.638294314634675e-05,nan
440,1,2.4102464082940053e-05,2.701965328056534e-05,nan
440,2,3.3471336111378095e-05,2.8203922697909263e-05,nan
440,3,2.2880870450136118e-05,2.9378860642402603e-05,nan
440,4,3.4785743417495e-05,3.597387529183714e-05,0.4708247553344961
441,1,2.4050993869485326e-05,2.677142884952789e-05,0.13572453203932125
441,2,3.347133609444538e-05,2.8203922667394447e-05,nan
441,3,2.2880870446739425e-05,2.9378860639157663e-05,nan
441,4,3.4785743407965056e-05,3.5973875288731004e-05,nan
442,1,2.4050993865050075e-05,2.6771428791008642e-05,nan
442,2,3.304581307342157e-05,2.7935375061499195e-05,0.31082321525441675
442,3,2.2880870443304665e-05,2.9378860629808703e-05,nan
442,4,3.478574327684967e-05,3.5973875263960345e-05,nan
443,1,2.405099385886706e-05,2.6771428789598468e-05,nan
443,2,3.304581306438437e-05,2.793537506070111e-05,nan
443,3,2.2851312674219105e-05,2.909137860261503e-05,0.1476358384084609
443,4,3.478574325895187e-05,3.597387520034433e-05,nan
444,1,2.405099385238159e-05,2.6771428781360568e-05,nan
444,2,3.3045812934273134e-05,2.793537504013121e-05,nan
444,3,2.2851312661049983e-05,2.909137850382795e-05,nan
444,4,3.434445506683928e-05,3.5542055349539716e-05,0.49208542091400337
445,1,2.3995478466028435e-05,2.653516267616808e-05,0.12130926425856767
445,2,3.304581291860909e-05,2.7935375012461662e-05,nan
445,3,2.2851312657752727e-05,2.909137850041972e-05,nan
445,4,3.434445505786473e-05,3.554205534628391e-05,nan
446,1,2.3995478462063565e-05,2.653516262195454e-05,nan
446,2,3.2629069284162665e-05,2.7692119795156984e-05,0.3107821980144607
446,3,2.285131265468703e-05,2.9091378491461815e-05,nan
446,4,3.434445493336955e-05,3.5542055323015286e-05,nan
447,1,2.399547845533418e-05,2.6535162620670005e-05,nan
447,2,3.26290692753396e-05,2.7692119794406984e-05,nan
447,3,2.2822348201797632e-05,2.8802157794589684e-05,0.16440083474223488
447,4,3.434445491615022e-05,3.554205525939945e-05,nan
448,1,2.3995478448238574e-05,2.6535162612250213e-05,nan
448,2,3.262906915229696e-05,2.7692119774333296e-05,nan
448,3,2.2822348187743892e-05,2.880215769750701e-05,nan
448,4,3.3903182437279765e-05,3.508712763043495e-05,0.5008310852444188
449,1,2.393559133623753e-05,2.6311073840956152e-05,0.10831916064463712
449,2,3.262906913784742e-05,2.7692119749344425e-05,nan
449,3,2.2822348184487447e-05,2.8802157693931823e-05,nan
449,4,3.3903182428859776e-05,3.508712762704336e-05,nan
450,1,2.3935591332721454e-05,2.6311073791045657e-05,nan
450,2,3.2219734451281826e-05,2.747388272278369e-05,0.30633626359159416
450,3,2.2822348181777832e-05,2.88021576853075e-05,nan
450,4,3.390318231079132e-05,3.508712760504407e-05,nan
451,1,2.3935591325380335e-05,2.6311073789877186e-05,nan
451,2,3.221973444267594e-05,2.7473882722075952e-05,nan
451,3,2.2793595901892243e-05,2.851129238231178e-05,0.18224459683220917
451,4,3.3903182294206806e-05,3.508712754145319e-05,nan
452,1,2.39355913175905e-05,2.631107378102123e-05,nan
452,2,3.221973432550296e-05,2.7473882701962863e-05,nan
452,3,2.2793595886873143e-05,2.8511292287145762e-05,nan
452,4,3.345250820212061e-05,3.46069314679729e-05,0.50165679769376
453,1,2.3871195627336717e-05,2.609909845206875e-05,0.09613110407499814
453,2,3.2219734312199857e-05,2.747388267944536e-05,nan
453,3,2.2793595883599303e-05,2.8511292283410865e-05,nan
453,4,3.345250819425411e-05,3.460693146447223e-05,nan
454,1,2.3871195624225507e-05,2.6099098406296534e-05,nan
454,2,3.1817301741027554e-05,2.7279069646740924e-05,0.3126169408648779
454,3,2.279359588121559e-05,2.8511292275088103e-05,nan
454,4,3.345250808254145e-05,3.460693144356627e-05,nan
455,1,2.387119561622864e-05,2.60990984052309e-05,nan
455,2,3.181730173264962e-05,2.727906964606839e-05,nan
455,3,2.2764621962245352e-05,2.8219205478827806e-05,0.203195472991615
455,4,3.345250806655805e-05,3.460693138014017e-05,nan
456,1,2.3871195607717648e-05,2.609909839560107e-05,nan
456,2,3.181730161948533e-05,2.727906962519234e-05,nan
456,3,2.2764621946291046e-05,2.8219205386208626e-05,nan
456,4,3.2978131621378484e-05,3.410273659040665e-05,0.5227119348518583
457,1,2.3802243526365184e-05,2.589904663413143e-05,0.08414773270147892
457,2,3.181730160725626e-05,2.727906960493568e-05,nan
457,3,2.27646219429472e-05,2.8219205382325583e-05,nan
457,4,3.297813161406904e-05,3.4102736586829264e-05,nan
458,1,2.380224352361029e-05,2.589904659224136e-05,nan
458,2,3.1421750761774806e-05,2.7105572935334896e-05,0.3168630417710328
458,3,2.2764621940854202e-05,2.8219205374288765e-05,nan
458,4,3.297813150869234e-05,3.410273656687107e-05,nan
459,1,2.380224351492318e-05,2.589904659126386e-05,nan
459,2,3.1421750753637625e-05,2.710557293469027e-05,nan
459,3,2.273497141616685e-05,2.7926452495871783e-05,0.22274510928361213
459,4,3.2978131493278405e-05,3.410273650377772e-05,nan
460,1,2.38022435057489e-05,2.5899046580401466e-05,nan
460,2,3.142175064141506e-05,2.710557291204939e-05,nan
460,3,2.273497139946246e-05,2.7926452406807712e-05,nan
460,4,3.2458131900938956e-05,3.358051976671348e-05,0.5474819856515304
461,1,2.3728814210372688e-05,2.571061905856174e-05,0.07105443074705906
461,2,3.142175063018531e-05,2.710557289385044e-05,nan
461,3,2.2734971396009105e-05,2.7926452402793358e-05,nan
461,4,3.245813189419637e-05,3.358051976309566e-05,nan
462,1,2.3728814207929045e-05,2.5710619020227922e-05,nan
462,2,3.103340785666633e-05,2.6951113224964333e-05,0.3174786453647721
462,3,2.273497139417197e-05,2.7926452395039937e-05,nan
462,4,3.245813179517504e-05,3.358051974396169e-05,nan
463,1,2.3728814198521708e-05,2.5710619019324948e-05,nan
463,2,3.103340784878187e-05,2.695111322434162e-05,nan
463,3,2.2704228095065162e-05,2.763360901704157e-05,0.23995806270797587
463,4,3.2458131780302565e-05,3.358051968133867e-05,nan
464,1,2.372881418892804e-05,2.571061900666123e-05,nan
464,2,3.103340773233173e-05,2.6951113198620362e-05,nan
464,3,2.270422807809346e-05,2.763360893280963e-05,nan
464,4,3.18605330564802e-05,3.305481553142799e-05,0.5894049023493386
465,1,2.365116687551197e-05,2.5533335432365634e-05,0.05507246726425459
465,2,3.1033407722022085e-05,2.6951113182273283e-05,nan
465,3,2.2704228074507636e-05,2.763360892868801e-05,nan
465,4,3.1860533050318495e-05,3.305481552780656e-05,nan
466,1,2.365116687333646e-05,2.55333353971961e-05,nan
466,2,3.0652729215028494e-05,2.6813235555811113e-05,0.3051962871290888
466,3,2.270422807289149e-05,2.7633608921222152e-05,nan
466,4,3.186053295773159e-05,3.30548155093886e-05,nan
467,1,2.3651166863192583e-05,2.553333539635481e-05,nan
467,2,3.0652729207408965e-05,2.681323555520546e-05,nan
467,3,2.2672034253744632e-05,2.7341337400623484e-05,0.2474081206290184
467,4,3.186053294339449e-05,3.305481544734616e-05,nan
468,1,2.3651166853729605e-05,2.553333538139469e-05,nan
468,2,3.065272907879384e-05,2.681323552505269e-05,nan
468,3,2.267203423739865e-05,2.7341337321846255e-05,nan
468,4,3.114699349763254e-05,3.255078128656898e-05,0.6600909224290632
469,1,2.3569717038068045e-05,2.536645128825824e-05,0.05480614752534793
469,2,3.065272906931823e-05,2.6813235510333893e-05,nan
469,3,2.2672034233668105e-05,2.7341337317647238e-05,nan
469,4,3.114699349206212e-05,3.255078128297174e-05,nan
470,1,2.356971703611474e-05,2.5366451255839635e-05,nan
470,2,3.028000990881443e-05,2.668933213784194e-05,0.30859543199489775
470,3,2.2672034232236748e-05,2.7341337310469962e-05,nan
470,4,3.114699340610986e-05,3.255078126518591e-05,nan
471,1,2.3569717025259602e-05,2.5366451255044312e-05,nan
471,2,3.0280009901473767e-05,2.668933213724744e-05,nan
471,3,2.2638076307785285e-05,2.7050551980927207e-05,0.2701648474815317
471,4,3.114699339235931e-05,3.255078120387146e-05,nan
472,1,2.3569717016615295e-05,2.536645123779969e-05,nan
472,2,3.0280009752268022e-05,2.6689332102181372e-05,nan
472,3,2.2638076292968033e-05,2.7050551905374894e-05,nan
472,4,3.029322869537773e-05,3.2090560506856457e-05,0.7670620434544941
473,1,2.348438108262503e-05,2.5209861608645798e-05,0.050086696501548275
473,2,3.028000974357574e-05,2.6689332088983708e-05,nan
473,3,2.263807628906181e-05,2.705055190110473e-05,nan
473,4,3.0293228690411785e-05,3.209056050327382e-05,nan
474,1,2.348438108087169e-05,2.5209861578759812e-05,nan
474,2,2.9915176783861337e-05,2.657811668398889e-05,0.31171196726357886
474,3,2.2638076287796456e-05,2.7050551894206236e-05,nan
474,4,3.0293228611449032e-05,3.209056048609904e-05,nan
475,1,2.3484381069261504e-05,2.5209861577994684e-05,nan
475,2,2.9915176776808914e-05,2.657811668339821e-05,nan
475,3,2.2601822278525807e-05,2.676187965161833e-05,0.2862858796502358
475,4,3.029322859840754e-05,3.2090560425478776e-05,nan
476,1,2.3484381061915506e-05,2.520986155896845e-05,nan
476,2,2.9915176598578304e-05,2.6578116643869783e-05,nan
476,3,2.2601822265554e-05,2.6761879572298876e-05,nan
476,4,2.9292700537177157e-05,3.1674399733054635e-05,0.9735549844599041
477,1,2.3395298937307615e-05,2.506313290109934e-05,0.053374595047686144
477,2,2.99151765906077e-05,2.6578116632047606e-05,nan
477,3,2.2601822261452763e-05,2.676187956797351e-05,nan
477,4,2.929270053279557e-05,3.1674399729465615e-05,nan
478,1,2.339529893572656e-05,2.5063132873490335e-05,nan
478,2,2.9558191285336536e-05,2.6478013169899273e-05,0.31691698286675407
478,3,2.260182226033116e-05,2.676187956134561e-05,nan
478,4,2.92927004611734e-05,3.1674399713030255e-05,nan
479,1,2.3395298923367052e-05,2.506313287273737e-05,nan
479,2,2.955819127858308e-05,2.6478013169304514e-05,nan
479,3,2.2562829085255658e-05,2.647618895696901e-05,0.3096875214675549
479,4,2.9292700449064432e-05,3.16743996532626e-05,nan
480,1,2.339529891710216e-05,2.506313285371714e-05,nan
480,2,2.9558191075161028e-05,2.647801312867309e-05,nan
480,3,2.256282907314985e-05,2.6476188864028233e-05,nan
480,4,2.8214879590856383e-05,3.126084633824744e-05,1.175788034650789
481,1,2.3302319824489353e-05,2.4926074826089597e-05,0.061605140779669824
481,2,2.9558191067865987e-05,2.6478013118118164e-05,nan
481,3,2.256282906881299e-05,2.647618885965155e-05,nan
481,4,2.821487958700143e-05,3.126084633461742e-05,nan
482,1,2.3302319823059395e-05,2.4926074800636013e-05,nan
482,2,2.9208814637456544e-05,2.6388039905421322e-05,0.33102144705501496
482,3,2.2562829067818926e-05,2.6476188853277907e-05,nan
482,4,2.8214879522795378e-05,3.126084631917356e-05,nan
483,1,2.3302319809951848e-05,2.4926074799872603e-05,nan
483,2,2.9208814631010766e-05,2.638803990481113e-05,nan
483,3,2.2520512498942635e-05,2.6194351465112192e-05,0.3358820721694734
483,4,2.82148795118633e-05,3.126084626063549e-05,nan
484,1,2.3302319803820698e-05,2.4926074782688907e-05,nan
484,2,2.92088144162395e-05,2.6388039867034796e-05,nan
484,3,2.2520512485816142e-05,2.6194351351917274e-05,nan
484,4,2.716008185078507e-05,3.078486085761423e-05,1.348891198965944
485,1,2.3205101871460007e-05,2.479861744071663e-05,0.044541024358638326
485,2,2.9208814409582757e-05,2.6388039857652364e-05,nan
485,3,2.2520512481184837e-05,2.6194351347486427e-05,nan
485,4,2.7160081847372776e-05,3.078486085392027e-05,nan
486,1,2.3205101870162495e-05,2.4798617417388963e-05,nan
486,2,2.8866808099991665e-05,2.6307541901588886e-05,0.3283997022050594
486,3,2.252051248030458e-05,2.6194351341347712e-05,nan
486,4,2.716008179024255e-05,3.0784860839740476e-05,nan
487,1,2.3205101856317928e-05,2.4798617416588615e-05,nan
487,2,2.886680809385898e-05,2.6307541900949058e-05,nan
487,3,2.2474213979650234e-05,2.591721793337419e-05,0.33409395701027306
487,4,2.7160081780644662e-05,3.0784860783044705e-05,nan
488,1,2.320510184924014e-05,2.4798617402309526e-05,nan
488,2,2.8866807883669726e-05,2.6307541868704638e-05,nan
488,3,2.247421396380497e-05,2.591721779930446e-05,nan
488,4,2.6210334209012964e-05,3.019274547454517e-05,1.6031874023610067
489,1,2.310363910519788e-05,2.468029181330941e-05,0.062075662752604586
489,2,2.886680787759975e-05,2.6307541860356512e-05,nan
489,3,2.2474213958844733e-05,2.591721779482992e-05,nan
489,4,2.621033420594779e-05,3.0192745470800854e-05,nan
490,1,2.310363910400962e-05,2.4680291792005886e-05,nan
490,2,2.8532180080860987e-05,2.6235486295580375e-05,0.34653798941861225
490,3,2.2474213958060492e-05,2.591721778891416e-05,nan
490,4,2.6210334155161344e-05,3.0192745458086534e-05,nan
491,1,2.310363908949959e-05,2.468029179114598e-05,nan
491,2,2.8532180075040403e-05,2.6235486294899787e-05,nan
491,3,2.2423579419962614e-05,2.564554947907234e-05,0.3728929775037957
491,4,2.6210334146914702e-05,3.019274540398874e-05,nan
492,1,2.3103639080846557e-05,2.4680291780100868e-05,nan
492,2,2.8532179885231775e-05,2.623548626943842e-05,nan
492,3,2.242357940082717e-05,2.5645549331345965e-05,nan
492,4,2.542041425428001e-05,2.947242701034064e-05,1.5357696234608078
493,1,2.2997560484537058e-05,2.457108818667561e-05,0.08527158525489623
493,2,2.8532179879719793e-05,2.623548626204469e-05,nan
493,3,2.242357939547847e-05,2.56455493268245e-05,nan
493,4,2.5420414251489994e-05,2.947242700657504e-05,nan
494,1,2.2997560483443677e-05,2.457108816738345e-05,nan
494,2,2.820506855413393e-05,2.617134010943778e-05,0.36329617133242575
494,3,2.2423579394778027e-05,2.5645549321120295e-05,nan
494,4,2.5420414206170113e-05,2.9472426995359713e-05,nan
495,1,2.2997560468273053e-05,2.457108816643893e-05,nan
495,2,2.8205068548623587e-05,2.6171340108702287e-05,nan
495,3,2.2367972612034295e-05,2.537994857292969e-05,0.42086905853605994
495,4,2.542041419915457e-05,2.9472426944403014e-05,nan
496,1,2.2997560457858393e-05,2.4571088158441934e-05,nan
496,2,2.820506839024126e-05,2.617134009007102e-05,nan
496,3,2.2367972589836282e-05,2.5379948421104173e-05,nan
496,4,2.4814263481073134e-05,2.863914875072395e-05,1.3411668844720883
497,1,2.2886838985057115e-05,2.4470584309030378e-05,0.08554335107871107
497,2,2.820506838524408e-05,2.6171340083508583e-05,nan
497,3,2.236797258406603e-05,2.5379948416545442e-05,nan
497,4,2.4814263478499923e-05,2.8639148746991156e-05,nan
498,1,2.288683898403799e-05,2.4470584291658335e-05,nan
498,2,2.7885799531200264e-05,2.611413728229668e-05,0.3542208179999319
498,3,2.2367972583432425e-05,2.5379948411046975e-05,nan
498,4,2.481426343769897e-05,2.863914873717023e-05,nan
499,1,2.2886838968271202e-05,2.4470584290608414e-05,nan
499,2,2.788579952599171e-05,2.6114137281495194e-05,nan
499,3,2.2307067258958858e-05,2.512089099603499e-05,0.44741625386762807
499,4,2.4814263431701332e-05,2.8639148689740582e-05,nan
500,1,2.28868389565913e-05,2.4470584284863172e-05,nan
500,2,2.7885799402980492e-05,2.6114137268296554e-05,nan
500,3,2.230706723508142e-05,2.5120890851862348e-05,nan
500,4,2.4372864174796206e-05,2.7747680351655978e-05,1.1557835468068545
501,1,2.277154421160159e-05,2.437825882049159e-05,0.08343666223440323
501,2,2.7885799398454223e-05,2.6114137262439012e-05,nan
501,3,2.2307067228867115e-05,2.5120890847278676e-05,nan
501,4,2.4372864172405845e-05,2.7747680348010585e-05,nan
502,1,2.277154421063532e-05,2.437825880492884e-05,nan
502,2,2.7574801771271225e-05,2.60628238576107e-05,0.33676206603320047
502,3,2.2307067228282703e-05,2.512089084198262e-05,nan
502,4,2.4372864135299354e-05,2.7747680339370917e-05,nan
503,1,2.277154419434877e-05,2.4378258803755396e-05,nan
503,2,2.7574801766351146e-05,2.606282385673338e-05,nan
503,3,2.2240648249279733e-05,2.4868666446577327e-05,0.47175151247389147
503,4,2.437286413007387e-05,2.7747680295542014e-05,nan
504,1,2.277154418224409e-05,2.4378258799293654e-05,nan
504,2,2.757480167570048e-05,2.6062823846980357e-05,nan
504,3,2.2240648225476464e-05,2.4868666319038515e-05,nan
504,4,2.405151140342064e-05,2.6863551532052827e-05,0.93883913403109
505,1,2.2651832072362126e-05,2.429350721157186e-05,0.0815929650900771
505,2,2.7574801671601177e-05,2.6062823841701034e-05,nan
505,3,2.22406482188063e-05,2.4868666314444043e-05,nan
505,4,2.4051511401198726e-05,2.686355152853547e-05,nan
506,1,2.265183207142683e-05,2.4293507197690188e-05,nan
506,2,2.7272562236266037e-05,2.601628000951966e-05,0.31969713386762866
506,3,2.2240648218253177e-05,2.486866630934873e-05,nan
506,4,2.4051511367167554e-05,2.686355152082607e-05,nan
507,1,2.2651832054704664e-05,2.429350719637772e-05,nan
507,2,2.7272562231616694e-05,2.6016280008557793e-05,nan
507,3,2.216859535844069e-05,2.4623365061913666e-05,0.49250325065203526
507,4,2.4051511362488494e-05,2.6863551480399954e-05,nan
508,1,2.2651832043036687e-05,2.4293507192368683e-05,nan
508,2,2.7272562166155274e-05,2.6016280000381953e-05,nan
508,3,2.2168595336260055e-05,2.4623364955550838e-05,nan
508,4,2.3799300760830354e-05,2.604294385484991e-05,0.7392753549743372
509,1,2.252816560980376e-05,2.4215438066626984e-05,0.06977597784312672
509,2,2.72725621624305e-05,2.6016279995542122e-05,nan
509,3,2.2168595329156386e-05,2.4623364950967604e-05,nan
509,4,2.379930075876916e-05,2.6042943851484656e-05,nan
510,1,2.252816560887717e-05,2.4215438054238605e-05,nan
510,2,2.6979471881020594e-05,2.5973225979828065e-05,0.294535861186123
510,3,2.2168595328616572e-05,2.46233649460723e-05,nan
510,4,2.3799300727360898e-05,2.604294384447387e-05,nan
511,1,2.2528165591840003e-05,2.421543805277973e-05,nan
511,2,2.6979471876617916e-05,2.5973225978778106e-05,nan
511,3,2.2091127457078074e-05,2.4384794670422503e-05,0.5098849954671942
511,4,2.379930072304651e-05,2.6042943807092263e-05,nan
512,1,2.252816558122314e-05,2.421543804869939e-05,nan
512,2,2.697947182766148e-05,2.5973225970859565e-05,nan
512,3,2.2091127437449044e-05,2.4384794584927e-05,nan
512,4,2.357352575889465e-05,2.5317894877795494e-05,0.6253063782518993
513,1,2.2400665075328698e-05,2.4143469001084855e-05,0.07861026428377722
513,2,2.697947182427477e-05,2.597322596634794e-05,nan
513,3,2.209112742990216e-05,2.4384794580364967e-05,nan
513,4,2.3573525756995424e-05,2.5317894874581427e-05,nan
514,1,2.24006650743884e-05,2.414346899007676e-05,nan
514,2,2.669610826336623e-05,2.5932567723771218e-05,0.28502895121724203
514,3,2.2091127429358402e-05,2.438479457566919e-05,nan
514,4,2.3573525728008967e-05,2.5317894868087517e-05,nan
515,1,2.2400665057107688e-05,2.414346898845612e-05,nan
515,2,2.6696108259185443e-05,2.5932567722623058e-05,nan
515,3,2.200808452422782e-05,2.415263561613654e-05,0.5354896697296453
515,4,2.3573525723934857e-05,2.5317894833322395e-05,nan
516,1,2.2400665047851878e-05,2.414346898405348e-05,nan
516,2,2.6696108220109845e-05,2.593256771424828e-05,nan
516,3,2.2008084507511533e-05,2.4152635549255908e-05,nan
516,4,2.3347620315522258e-05,2.47006747374516e-05,0.5001530514457455
517,1,2.226987663550148e-05,2.4076551261175e-05,0.12137836667306043
517,2,2.6696108217008898e-05,2.5932567709926302e-05,nan
517,3,2.2008084499557037e-05,2.4152635544735727e-05,nan
517,4,2.334762031377614e-05,2.4700674734382154e-05,nan
518,1,2.226987663452152e-05,2.4076551251360803e-05,nan
518,2,2.6422920038470995e-05,2.5892921530317626e-05,0.29391242194499
518,3,2.2008084498990504e-05,2.4152635540239564e-05,nan
518,4,2.3347620287061215e-05,2.47006747282757e-05,nan
519,1,2.2269876617135215e-05,2.4076551249572768e-05,nan
519,2,2.642292003447636e-05,2.589292152906743e-05,nan
519,3,2.1919791825536923e-05,2.3926098026613446e-05,0.5994399424408714
519,4,2.3347620283133713e-05,2.47006746957316e-05,nan
520,1,2.2269876609211418e-05,2.4076551244777497e-05,nan
520,2,2.6422920000110567e-05,2.5892921519938627e-05,nan
520,3,2.1919791811491633e-05,2.3926097974109156e-05,nan
520,4,2.3106829734814725e-05,2.4181214146503005e-05,0.41247919402038336
521,1,2.2136500263741473e-05,2.4013513001465298e-05,0.13939868231084257
521,2,2.6422919997240704e-05,2.5892921515674727e-05,nan
521,3,2.1919791803187258e-05,2.3926097969652774e-05,nan
521,4,2.310682973320673e-05,2.418121414356836e-05,nan
522,1,2.2136500262697477e-05,2.4013512992633502e-05,nan
522,2,2.6160196253459427e-05,2.5852904546833214e-05,0.2777616275446204
522,3,2.1919791802580948e-05,2.392609796535573e-05,nan
522,4,2.310682970863944e-05,2.418121413776826e-05,nan
523,1,2.2136500245346136e-05,2.401351299067555e-05,nan
523,2,2.6160196249612393e-05,2.5852904545478727e-05,nan
523,3,2.1826665967222806e-05,2.370414994769051e-05,0.6340115710437346
523,4,2.3106829704793882e-05,2.4181214107114113e-05,nan
524,1,2.2136500238633302e-05,2.4013512985510653e-05,nan
524,2,2.616019621669183e-05,2.5852904535541028e-05,nan
524,3,2.1826665955493324e-05,2.3704149905831362e-05,nan
524,4,2.2844885660514413e-05,2.374561441577898e-05,0.39881894717473315
525,1,2.2001362235807794e-05,2.3953102847379744e-05,0.14262590035386746
525,2,2.6160196213997375e-05,2.5852904531215973e-05,nan
525,3,2.1826665946916702e-05,2.3704149901460763e-05,nan
525,4,2.284488565902459e-05,2.3745614412968996e-05,nan
526,1,2.200136223467852e-05,2.3953102839302886e-05,nan
526,2,2.590799778027331e-05,2.5811212741252004e-05,0.25362083189626894
526,3,2.1826665946256555e-05,2.3704149897360843e-05,nan
526,4,2.2844885636471935e-05,2.3745614407427096e-05,nan
527,1,2.2001362217494132e-05,2.3953102837173855e-05,nan
527,2,2.59079977765366e-05,2.5811212739791597e-05,nan
527,3,2.1729126730735476e-05,2.3485683857252767e-05,0.6360442646142985
527,4,2.2844885632665057e-05,2.374561437840015e-05,nan
528,1,2.2001362211833818e-05,2.395310283170395e-05,nan
528,2,2.590799774310791e-05,2.5811212729112135e-05,nan
528,3,2.1729126720944883e-05,2.3485683822978192e-05,nan
528,4,2.2560442559058303e-05,2.337932586876546e-05,0.41116383625006403
529,1,2.1865449783239484e-05,2.3894034557965236e-05,0.12627362176386506
529,2,2.590799774053316e-05,2.5811212724629206e-05,nan
529,3,2.1729126712199278e-05,2.3485683818715844e-05,nan
529,4,2.256044255766333e-05,2.3379325866071876e-05,nan
530,1,2.186544978201156e-05,2.3894034550401936e-05,nan
530,2,2.566595993272318e-05,2.5766789826968694e-05,0.21203153804771985
530,3,2.1729126711477074e-05,2.3485683814807482e-05,nan
530,4,2.2560442536941907e-05,2.3379325860759282e-05,nan
531,1,2.1865449765110726e-05,2.3894034548105925e-05,nan
531,2,2.5665959929068013e-05,2.5766789825404515e-05,nan
531,3,2.1627669462151027e-05,2.326981415668861e-05,0.6227199250594068
531,4,2.2560442533152088e-05,2.3379325833163254e-05,nan
532,1,2.1865449760321622e-05,2.3894034542422144e-05,nan
532,2,2.5665959894126623e-05,2.57667898141315e-05,nan
532,3,2.162766945391664e-05,2.3269814127492777e-05,nan
532,4,2.2255656840171395e-05,2.306753003559224e-05,0.42270665973230803
533,1,2.1729420588980528e-05,2.383521370383687e-05,0.1574323749743967
533,2,2.5665959891626256e-05,2.5766789809398476e-05,nan
533,3,2.162766944506629e-05,2.3269814123350498e-05,nan
533,4,2.225565683885125e-05,2.3067530033004996e-05,nan
534,1,2.1729420587635355e-05,2.3835213696598446e-05,nan
534,2,2.54340124877524e-05,2.571853534292316e-05,0.20497862276626017
534,3,2.1627669444271662e-05,2.3269814119630577e-05,nan
534,4,2.225565681985116e-05,2.3067530027910445e-05,nan
535,1,2.1729420571061255e-05,2.3835213694118825e-05,nan
535,2,2.5434012484157812e-05,2.5718535341243157e-05,nan
535,3,2.1521980837931758e-05,2.3055971460227855e-05,0.661904292139841
535,4,2.2255656816072057e-05,2.306753000161575e-05,nan
536,1,2.1729420567037333e-05,2.3835213688329396e-05,nan
536,2,2.543401244712274e-05,2.5718535329565477e-05,nan
536,3,2.1521980831025292e-05,2.3055971434383003e-05,nan
536,4,2.193410718986151e-05,2.280098283872584e-05,0.4618795332623593
537,1,2.1594040380384807e-05,2.3775542428006342e-05,0.17181852094118022
537,2,2.543401244465213e-05,2.5718535324506406e-05,nan
537,3,2.1521980822150443e-05,2.305597143037282e-05,nan
537,4,2.1934107188595185e-05,2.2800982836237046e-05,nan
538,1,2.159404037891113e-05,2.3775542420895152e-05,nan
538,2,2.5211702440839927e-05,2.5665587836194085e-05,0.18281560189300072
538,3,2.1521980821278433e-05,2.305597142683493e-05,nan
538,4,2.193410717115338e-05,2.28009828313556e-05,nan
539,1,2.1594040362678562e-05,2.3775542418221848e-05,nan
539,2,2.5211702437300197e-05,2.56655878343917e-05,nan
539,3,2.1411803321143406e-05,2.2844157537914473e-05,0.6829684596780725
539,4,2.1934107167401344e-05,2.2800982806279063e-05,nan
540,1,2.159404035927101e-05,2.3775542412483545e-05,nan
540,2,2.5211702398322844e-05,2.5665587822618366e-05,nan
540,3,2.1411803315278923e-05,2.284415751383623e-05,nan
540,4,2.1603609165260857e-05,2.2567976241401834e-05,0.4852050990408565
541,1,2.1460124801889503e-05,2.371389356526301e-05,0.17554198578718028
541,2,2.5211702395837693e-05,2.5665587817161698e-05,nan
541,3,2.1411803306464834e-05,2.284415750996943e-05,nan
541,4,2.1603609164026798e-05,2.2567976239006357e-05,nan
542,1,2.1460124800278945e-05,2.3713893558085226e-05,nan
542,2,2.499834965819653e-05,2.5607208105838887e-05,0.1572562380242042
542,3,2.1411803305513168e-05,2.2844157506604845e-05,nan
542,4,2.1603609147954666e-05,2.25679762343372e-05,nan
543,1,2.1460124784400516e-05,2.371389355522214e-05,nan
543,2,2.4998349654718228e-05,2.560720810391804e-05,nan
543,3,2.12972233628665e-05,2.2634853900610028e-05,0.6838187507697232
543,4,2.160360914426142e-05,2.2567976210440317e-05,nan
544,1,2.1460124781447197e-05,2.3713893549678227e-05,nan
544,2,2.499834961438971e-05,2.5607208092352097e-05,nan
544,3,2.1297223357752256e-05,2.2634853877104972e-05,nan
544,4,2.12727387641843e-05,2.235677565410613e-05,0.4920664210817052
545,1,2.1328530680962685e-05,2.3649131804953165e-05,0.18604809661827187
545,2,2.4998349611846885e-05,2.5607208086429754e-05,nan
545,3,2.129722334908606e-05,2.2634853873392373e-05,nan
545,4,2.1272738762961506e-05,2.2356775651802045e-05,nan
546,1,2.1328530679209848e-05,2.3649131797521403e-05,nan
546,2,2.4793035383675104e-05,2.5542791644155188e-05,0.15104697824279226
546,3,2.1297223348055033e-05,2.2634853870189744e-05,nan
546,4,2.1272738748047563e-05,2.2356775647344212e-05,nan
547,1,2.1328530663744395e-05,2.3649131794502558e-05,nan
547,2,2.4793035380273335e-05,2.5542791642140798e-05,nan
547,3,2.1179267474215243e-05,2.2428859175377083e-05,0.683555492479079
547,4,2.1272738744452017e-05,2.2356775624622777e-05,nan
548,1,2.1328530661092234e-05,2.3649131789265183e-05,nan
548,2,2.479303533941782e-05,2.554279163103804e-05,nan
548,3,2.1179267469586913e-05,2.2428859151680835e-05,nan
548,4,2.0949429142700775e-05,2.2157028901527054e-05,0.520287098297912
549,1,2.120016335709306e-05,2.358009288337882e-05,0.21015143210072937
549,2,2.479303533677491e-05,2.5542791624579247e-05,nan
549,3,2.117926746115444e-05,2.2428859148133556e-05,nan
549,4,2.0949429141469145e-05,2.2157028899315813e-05,nan
550,1,2.120016335519365e-05,2.3580092875507748e-05,nan
550,2,2.4594625212333052e-05,2.547179853962181e-05,0.15707480124601905
550,3,2.117926746004562e-05,2.2428859145079098e-05,nan
550,4,2.094942912748573e-05,2.2157028895065463e-05,nan
551,1,2.1200163340306325e-05,2.358009287240621e-05,nan
551,2,2.459462520902461e-05,2.547179853756457e-05,nan
551,3,2.106034337707552e-05,2.2227060151199074e-05,0.6980283172600598
551,4,2.0949429124023068e-05,2.215702887355907e-05,nan
552,1,2.120016333782722e-05,2.358009286754856e-05,nan
552,2,2.4594625168485263e-05,2.5471798527109945e-05,nan
552,3,2.1060343372717597e-05,2.2227060126918302e-05,nan
552,4,2.0639960766677154e-05,2.1960597109400935e-05,0.5545931458556438
553,1,2.107583963066562e-05,2.350589402430367e-05,0.20267820507322715
553,2,2.45946251657111e-05,2.5471798520069417e-05,nan
553,3,2.1060343364591204e-05,2.2227060123545058e-05,nan
553,4,2.063996076542185e-05,2.1960597107285494e-05,nan
554,1,2.1075839628622797e-05,2.3505894015839298e-05,nan
554,2,2.440171813574766e-05,2.5394032858173076e-05,0.13185947567957423
554,3,2.1060343363410528e-05,2.2227060120621944e-05,nan
554,4,2.063996075213154e-05,2.196059710323335e-05,nan
555,1,2.10758396145661e-05,2.3505894012754193e-05,nan
555,2,2.4401718132547026e-05,2.539403285613955e-05,nan
555,3,2.0943844298366564e-05,2.2030299863036675e-05,0.6548547191870143
555,4,2.0639960748827442e-05,2.196059708301811e-05,nan
556,1,2.1075839612162497e-05,2.350589400830774e-05,nan
556,2,2.4401718093137598e-05,2.5394032846438105e-05,nan
556,3,2.0943844294118606e-05,2.2030299838137945e-05,nan
556,4,2.0348632794308725e-05,2.1761982351154957e-05,0.5020824735426114
557,1,2.0956206676211353e-05,2.3425449355722886e-05,0.2125557063671428
557,2,2.4401718090197916e-05,2.5394032838716048e-05,nan
557,3,2.0943844286329924e-05,2.2030299834944637e-05,nan
557,4,2.0348632793015113e-05,2.176198234913923e-05,nan
558,1,2.0956206674008562e-05,2.342544934647695e-05,nan
558,2,2.421336639721384e-05,2.5308558617507946e-05,0.12288031637914162
558,3,2.0943844285072277e-05,2.2030299832141046e-05,nan
558,4,2.034863278023402e-05,2.176198234527982e-05,nan
559,1,2.095620666101684e-05,2.3425449343477967e-05,nan
559,2,2.4213366394133414e-05,2.5308558615542938e-05,nan
559,3,2.083230673285411e-05,2.1839617375946903e-05,0.6244846493957646
559,4,2.0348632777103463e-05,2.1761982326495128e-05,nan
560,1,2.0956206658623967e-05,2.3425449339513904e-05,nan
560,2,2.4213366357051118e-05,2.5308558606790113e-05,nan
560,3,2.0832306728610067e-05,2.183961735070822e-05,nan
560,4,2.008248627514817e-05,2.155815635349816e-05,0.45860091398272856
561,1,2.084131290246815e-05,2.333819056165008e-05,0.22939526236502195
561,2,2.4213366353932044e-05,2.5308558598302622e-05,nan
561,3,2.083230672112287e-05,2.183961734768855e-05,nan
561,4,2.008248627381016e-05,2.1558156351581627e-05,nan
562,1,2.084131290008511e-05,2.3338190551475233e-05,nan
562,2,2.4029083970851878e-05,2.521438288764408e-05,0.12354141017780756
562,3,2.083230671978069e-05,2.18396173449973e-05,nan
562,4,2.0082486261412438e-05,2.1558156347911965e-05,nan
563,1,2.0841312888214228e-05,2.3338190548579932e-05,nan
563,2,2.4029083967904176e-05,2.5214382885757536e-05,nan
563,3,2.072630741666994e-05,2.165605137801191e-05,0.5951068692704665
563,4,2.008248625846287e-05,2.1558156330641858e-05,nan
564,1,2.084131288581834e-05,2.333819054514314e-05,nan
564,2,2.4029083934668592e-05,2.5214382878106593e-05,nan
564,3,2.072630741241414e-05,2.1656051353380577e-05,nan
564,4,1.9848137059043474e-05,2.1351151564397872e-05,0.41010653274805214
565,1,2.073104405139643e-05,2.3243618123935182e-05,0.24666200566199656
565,2,2.402908393135995e-05,2.5214382868765693e-05,nan
565,3,2.0726307405172736e-05,2.1656051350525585e-05,nan
565,4,1.9848137057656606e-05,2.1351151562579537e-05,nan
566,1,2.0731044048807948e-05,2.324361811266713e-05,nan
566,2,2.3848438575890973e-05,2.5110296517451433e-05,0.1283659449588447
566,3,2.0726307403736033e-05,2.1656051347940335e-05,nan
566,4,1.984813704551126e-05,2.1351151559091025e-05,nan
567,1,2.0731044038037928e-05,2.3243618109871965e-05,nan
567,2,2.3848438573087978e-05,2.5110296515639548e-05,nan
567,3,2.0625614070296212e-05,2.148060935253875e-05,0.560144402239558
567,4,1.9848137042741247e-05,2.135115154337694e-05,nan
568,1,2.0731044035678616e-05,2.3243618106912243e-05,nan
568,2,2.384843854442257e-05,2.511029650902785e-05,nan
568,3,2.0625614066102363e-05,2.148060932956512e-05,nan
568,4,1.9645552167117763e-05,2.114694875741662e-05,0.3547090130164393
569,1,2.0625108380447557e-05,2.3141620919365184e-05,0.2645059851153231
569,2,2.384843854092709e-05,2.511029649879133e-05,nan
569,3,2.062561405904397e-05,2.1480609326862422e-05,nan
569,4,1.9645552165682635e-05,2.1146948755693468e-05,nan
570,1,2.0625108377636868e-05,2.3141620906873108e-05,nan
570,2,2.3670842919218296e-05,2.4995436659194545e-05,0.1366009980892595
570,3,2.062561405750734e-05,2.1480609324375137e-05,nan
570,4,1.964555215365284e-05,2.1146948752369237e-05,nan
571,1,2.0625108367871744e-05,2.3141620904163775e-05,nan
571,2,2.3670842916567487e-05,2.4995436657447146e-05,nan
571,3,2.052948377768369e-05,2.1313909168210796e-05,0.5241467368481023
571,4,1.9645552151053194e-05,2.114694873816386e-05,nan
572,1,2.0625108365608374e-05,2.3141620901565406e-05,nan
572,2,2.3670842892174266e-05,2.4995436651645275e-05,nan
572,3,2.0529483773655354e-05,2.1313909147536084e-05,nan
572,4,1.9468752207089128e-05,2.0951881458338516e-05,0.3013762534132382
573,1,2.0523398517484417e-05,2.303140742825783e-05,0.2878687666571713
573,2,2.367084288847503e-05,2.4995436640386405e-05,nan
573,3,2.0529483766715397e-05,2.1313909144979068e-05,nan
573,4,1.946875220560034e-05,2.0951881456710092e-05,nan
574,1,2.0523398514409813e-05,2.3031407414258265e-05,nan
574,2,2.3495497791102963e-05,2.4867747662945516e-05,0.1476963577291318
574,3,2.052948376506125e-05,2.13139091425811e-05,nan
574,4,1.946875219350352e-05,2.0951881453529988e-05,nan
575,1,2.0523398505587758e-05,2.3031407411620157e-05,nan
575,2,2.349549778861465e-05,2.4867747661252158e-05,nan
575,3,2.043724225674575e-05,2.115688056946521e-05,0.49078020169020764
575,4,1.9468752191068415e-05,2.0951881440824843e-05,nan
576,1,2.0523398503474824e-05,2.3031407409288106e-05,nan
576,2,2.349549776799177e-05,2.4867747656062076e-05,nan
576,3,2.0437242252976628e-05,2.1156880551436635e-05,nan
576,4,1.9312026202365104e-05,2.077116361889671e-05,0.24779894977272307
577,1,2.0425598143426037e-05,2.2912607382807112e-05,0.3178370849054956
577,2,2.3495497764086583e-05,2.486774764370472e-05,nan
577,3,2.043724224608079e-05,2.1156880549014707e-05,nan
577,4,1.931202620082276e-05,2.077116361735971e-05,nan
578,1,2.0425598140053558e-05,2.2912607367030856e-05,nan
578,2,2.3321238942377642e-05,2.4725441750129584e-05,0.16142697424143188
578,3,2.0437242244295984e-05,2.1156880546693888e-05,nan
578,4,1.9312026188457477e-05,2.0771163614298618e-05,nan
579,1,2.0425598132055795e-05,2.291260736444532e-05,nan
579,2,2.332123894005636e-05,2.4725441748478005e-05,nan
579,3,2.03479447409126e-05,2.1009965955897496e-05,0.46474680042943656
579,4,1.9312026186179246e-05,2.077116360300857e-05,nan
580,1,2.0425598130127142e-05,2.291260736229246e-05,nan
580,2,2.332123892240743e-05,2.4725441743707018e-05,nan
580,3,2.0347944737460368e-05,2.1009965940470217e-05,nan
580,4,1.9169170142602487e-05,2.0607574021175117e-05,0.19941938507381682
581,1,2.0331283508308436e-05,2.2785031509702233e-05,0.3485889942642789
581,2,2.3321238918301544e-05,2.4725441730200505e-05,nan
581,3,2.03479447305298e-05,2.1009965938171336e-05,nan
581,4,1.916917014100917e-05,2.06075740197248e-05,nan
582,1,2.0331283504605726e-05,2.2785031491854493e-05,nan
582,2,2.3146416643817668e-05,2.456669642000079e-05,0.18076944549174084
582,3,2.034794472860237e-05,2.1009965935911164e-05,nan
582,4,1.9169170128138813e-05,2.0607574016753703e-05,nan
583,1,2.033128349730159e-05,2.278503148930436e-05,nan
583,2,2.3146416641663642e-05,2.4566696418380105e-05,nan
583,3,2.026065479180605e-05,2.087328840867038e-05,0.43922787534589397
583,4,1.9169170126010243e-05,2.060757400676414e-05,nan
584,1,2.0331283495568786e-05,2.278503148727036e-05,nan
584,2,2.3146416626244102e-05,2.4566696413891342e-05,nan
584,3,2.026065478869067e-05,2.0873288395589844e-05,nan
584,4,1.9035355676460703e-05,2.0461754955451022e-05,0.1632512290048072
585,1,2.0239944934023342e-05,2.2648634156632416e-05,0.3849715469111074
585,2,2.3146416621949527e-05,2.4566696399208453e-05,nan
585,3,2.026065478164372e-05,2.087328839340098e-05,nan
585,4,1.9035355674820708e-05,2.0461754954081688e-05,nan
586,1,2.023994492996027e-05,2.2648634136382823e-05,nan
586,2,2.296866576236404e-05,2.4389644704286426e-05,0.20387834370662003
586,3,2.0260654779563078e-05,2.0873288391178432e-05,nan
586,4,1.903535566115356e-05,2.0461754951165638e-05,nan
587,1,2.0239944923224384e-05,2.26486341338543e-05,nan
587,2,2.29686657603743e-05,2.438964470268812e-05,nan
587,3,2.017454336520266e-05,2.0746744686024543e-05,0.42081173570212654
587,4,1.9035355659168274e-05,2.0461754942353545e-05,nan
588,1,2.0239944921683638e-05,2.26486341319019e-05,nan
588,2,2.2968665746593237e-05,2.4389644698397372e-05,nan
588,3,2.0174543362418516e-05,2.074674467496474e-05,nan
588,4,1.8907250267194975e-05,2.0333028231682525e-05,0.1337059717820386
589,1,2.014997033112597e-05,2.2511231322924342e-05,0.385101903239913
589,2,2.296866574233907e-05,2.4389644683674073e-05,nan
589,3,2.017454335540291e-05,2.0746744672831802e-05,nan
589,4,1.890725026557769e-05,2.0333028230358907e-05,nan
590,1,2.0149970327015992e-05,2.2511231302355055e-05,nan
590,2,2.2791626609411313e-05,2.420931996298811e-05,0.21347261822877084
590,3,2.0174543353317523e-05,2.0746744670660944e-05,nan
590,4,1.8907250251919068e-05,2.0333028227504e-05,nan
591,1,2.0149970320484358e-05,2.251123129986344e-05,nan
591,2,2.279162660750628e-05,2.4209319961424795e-05,nan
591,3,2.0089236300977534e-05,2.0624050602383348e-05,0.40371153338883814
591,4,1.890725025000582e-05,2.0333028219124523e-05,nan
592,1,2.0149970319018893e-05,2.251123129796776e-05,nan
592,2,2.279162659435122e-05,2.420931995726236e-05,nan
592,3,2.0089236298311647e-05,2.0624050591980855e-05,nan
592,4,1.8781522037724147e-05,2.020981439693188e-05,0.13173611210929448
593,1,2.0060884306069497e-05,2.237564944504605e-05,0.38378678766441754
593,2,2.2791626590215327e-05,2.4209319942911748e-05,nan
593,3,2.008923629139901e-05,2.0624050589885855e-05,nan
593,4,1.8781522036152416e-05,2.0209814395641303e-05,nan
594,1,2.006088430203322e-05,2.23756494249958e-05,nan
594,2,2.2617314454639787e-05,2.403163869160937e-05,0.21141932655966567
594,3,2.0089236289364228e-05,2.0624050587776726e-05,nan
594,4,1.878152202286839e-05,2.0209814392856774e-05,nan
595,1,2.0060884295597784e-05,2.237564942254876e-05,nan
595,2,2.261731445278953e-05,2.403163869008633e-05,nan
595,3,2.0004755441039118e-05,2.0502920204552112e-05,0.40230566468423
595,4,1.8781522021000762e-05,2.02098143846582e-05,nan
596,1,2.0060884294166173e-05,2.2375649420704935e-05,nan
596,2,2.2617314439988828e-05,2.403163868603737e-05,nan
596,3,2.0004755438416107e-05,2.0502920194375282e-05,nan
596,4,1.8657475931480198e-05,2.0088116065637256e-05,0.1308807081381908
597,1,1.99726720118186e-05,2.2241850592282355e-05,0.382478110461869
597,2,2.2617314435967068e-05,2.4031638672047385e-05,nan
597,3,2.0004755431604522e-05,2.0502920192317253e-05,nan
597,4,1.8657475929952408e-05,2.008811606437865e-05,nan
598,1,1.9972672007854394e-05,2.224185057273451e-05,nan
598,2,2.2445666505711187e-05,2.3856543170453216e-05,0.20940307315508364
598,3,2.0004755429618755e-05,2.0502920190267633e-05,nan
598,4,1.8657475917030158e-05,2.0088116061662334e-05,nan
599,1,1.9972672001513366e-05,2.224185057033091e-05,nan
599,2,2.2445666503913725e-05,2.385654316896912e-05,nan
599,3,1.99210870886346e-05,2.0383322185473685e-05,0.40090823967700956
599,4,1.8657475915206777e-05,2.0088116053639644e-05,nan
600,1,1.9972672000114586e-05,2.224185056853714e-05,nan
600,2,2.2445666491455446e-05,2.3856543165029783e-05,nan
600,3,1.9921087086053597e-05,2.0383322175516298e-05,nan
600,4,1.8535077993088856e-05,1.996790490786817e-05,0.13003611880766874
601,1,1.988531896776245e-05,2.210979790895006e-05,0.3811758704905065
601,2,2.2445666487543844e-05,2.3856543151388835e-05,nan
601,3,1.9921087079341192e-05,2.03833221734943e-05,nan
601,4,1.8535077991603465e-05,1.9967904906640506e-05,nan
602,1,1.988531896386873e-05,2.2109797889888638e-05,nan
602,2,2.2276621889666792e-05,2.3683977349327642e-05,0.207422912624757
602,3,1.9921087077402913e-05,2.0383322171502066e-05,nan
602,4,1.85350779790307e-05,1.996790490399031e-05,nan
603,1,1.988531895762036e-05,2.2109797887527375e-05,nan
603,2,2.227662188792023e-05,2.3683977347881208e-05,nan
603,3,1.983821788176731e-05,2.0265226093423653e-05,0.39951919285643744
603,4,1.8535077977250238e-05,1.9967904896138656e-05,nan
604,1,1.988531895625343e-05,2.2109797885781935e-05,nan
604,2,2.2276621875792918e-05,2.3683977344047798e-05,nan
604,3,1.9838217879227462e-05,2.0265226083679704e-05,nan
604,4,1.8414295185245117e-05,1.9849153308533175e-05,0.12920214845738603
605,1,1.9798811047590852e-05,2.197945557685074e-05,0.37988006481328224
605,2,2.2276621871987673e-05,2.368397733074476e-05,nan
605,3,1.9838217872612406e-05,2.0265226081692836e-05,nan
605,4,1.8414295183800644e-05,1.9849153307335464e-05,nan
606,1,1.9798811043766075e-05,2.197945555826037e-05,nan
606,2,2.2110121579701873e-05,2.351388678755576e-05,0.2054779304322489
606,3,1.983821787072015e-05,2.0265226079755953e-05,nan
606,4,1.841429517156558e-05,1.9849153304749374e-05,nan
607,1,1.9798811037608647e-05,2.1979455555940387e-05,nan
607,2,2.2110121578004398e-05,2.3513886786145766e-05,nan
607,3,1.9756134782259093e-05,2.0148602302158378e-05,0.39813845925458946
607,4,1.841429516982675e-05,1.984915329706408e-05,nan
608,1,1.979881103627262e-05,2.197945555424161e-05,nan
608,2,2.2110121566197057e-05,2.3513886782414732e-05,nan
608,3,1.975613477975957e-05,2.0148602292622058e-05,nan
608,4,1.829509535759225e-05,1.9731834344577895e-05,0.12837860596551628
609,1,1.9713134467692263e-05,2.185078877850655e-05,0.3785906887882524
609,2,2.2110121562494524e-05,2.3513886769438902e-05,nan
609,3,1.9756134773240072e-05,2.0148602290669443e-05,nan
609,4,1.8295095356187275e-05,1.973183434340919e-05,nan
610,1,1.971313446393492e-05,2.1850788760372452e-05,nan
610,2,2.194610832553524e-05,2.334621859656077e-05,0.20356724167479126
610,3,1.975613477139243e-05,2.014860228878597e-05,nan
610,4,1.829509534427859e-05,1.9731834340885265e-05,nan
611,1,1.9713134457866766e-05,2.1850788758092724e-05,nan
611,2,2.1946108323885123e-05,2.334621859518603e-05,nan
611,3,1.9674825065323406e-05,2.0033421982704523e-05,0.3967659744418097
611,4,1.8295095342580165e-05,1.9731834333361803e-05,nan
612,1,1.9713134456560732e-05,2.1850788756439034e-05,nan
612,2,2.1946108312387196e-05,2.3346218591553966e-05,nan
612,3,1.9674825062863396e-05,2.0033421973370216e-05,nan
612,4,1.817744721686855e-05,1.961592176306449e-05,0.1275653046212437
613,1,1.9628275776025194e-05,2.1723763661959073e-05,0.3773077361548533
613,2,2.1946108308783877e-05,2.334621857889506e-05,nan
613,3,1.967482505643771e-05,2.0033421971451013e-05,nan
613,4,1.817744721550172e-05,1.961592176192388e-05,nan
614,1,1.9628275772333818e-05,2.1723763644267028e-05,nan
614,2,2.178452658691299e-05,2.3180921384893856e-05,0.20168998991966486
614,3,1.9674825054633322e-05,2.0033421969619087e-05,nan
614,4,1.8177447203908557e-05,1.9615921759460254e-05,nan
615,1,1.9628275766353298e-05,2.172376364202656e-05,nan
615,2,2.1784526585308565e-05,2.318092138355324e-05,nan
615,3,1.959427630955392e-05,1.991965707630641e-05,0.3954016745222105
615,4,1.8177447202249345e-05,1.9615921752094253e-05,nan
616,1,1.962827576507638e-05,2.1723763640416433e-05,nan
616,2,2.1784526574109918e-05,2.3180921380016874e-05,nan
616,3,1.959427630713264e-05,1.9919657067168687e-05,nan
616,4,1.8061320298261596e-05,1.950138996009257e-05,0.12676206200136478
617,1,1.954422184144e-05,2.1598347307053914e-05,0.37603119911619826
617,2,2.1784526570602463e-05,2.3180921367664996e-05,nan
617,3,1.959427630079905e-05,1.9919657065282077e-05,nan
617,4,1.8061320296931605e-05,1.9501389958979176e-05,nan
618,1,1.9544221837813162e-05,2.1598347289790244e-05,nan
618,2,2.1625322470082647e-05,2.301794520558452e-05,0.19984534609412113
618,3,1.959427629903661e-05,1.9919657063499913e-05,nan
618,4,1.8061320285643532e-05,1.9501389956574042e-05,nan
619,1,1.954422183191868e-05,2.1598347287588084e-05,nan
619,2,2.1625322468522324e-05,2.3017945204276942e-05,nan
619,3,1.9514476387309036e-05,1.9807280268475944e-05,0.3940454961294348
619,4,1.8061320284022386e-05,1.9501389949361272e-05,nan
620,1,1.9544221830670028e-05,2.1598347286020056e-05,nan
620,2,2.1625322457613214e-05,2.3017945200833136e-05,nan
620,3,1.9514476384925712e-05,1.9807280259529548e-05,nan
620,4,1.7946684937913018e-05,1.9388213960523423e-05,0.12596869985100656
621,1,1.9460959843429506e-05,2.1474507693138253e-05,0.3747610684175855
621,2,2.1625322454198407e-05,2.3017945188778773e-05,nan
621,3,1.951447637868255e-05,1.9807280257674746e-05,nan
621,4,1.794668493661862e-05,1.9388213959436405e-05,nan
622,1,1.9460959839865812e-05,2.1474507676289796e-05,nan
622,2,2.1468443667083905e-05,2.2857241505699456e-05,0.19803250742595926
622,3,1.95144763769608e-05,1.9807280255940635e-05,nan
622,4,1.7946684925625626e-05,1.9388213957088034e-05,nan
623,1,1.9460959834055806e-05,2.147450767412501e-05,nan
623,2,2.146844366556616e-05,2.285724150442387e-05,nan
623,3,1.943541345547387e-05,1.9696264964092838e-05,0.39269737642243946
623,4,1.7946684924041437e-05,1.938821395002441e-05,nan
624,1,1.9460959832834605e-05,2.1474507672597684e-05,nan
624,2,2.1468443654937232e-05,2.28572415010696e-05,nan
624,3,1.9435413453127755e-05,1.9696264955332687e-05,nan
624,4,1.78335122465199e-05,1.9276369398471748e-05,0.1251850439681661
625,1,1.937847726228792e-05,2.1352213668102398e-05,0.3734973334213298
625,2,2.1468443651611987e-05,2.28572414893036e-05,nan
625,3,1.9435413446973387e-05,1.9696264953508927e-05,nan
625,4,1.7833512245259895e-05,1.9276369397410297e-05,nan
626,1,1.9378477258786016e-05,2.1352213651656478e-05,nan
626,2,2.1313839397711065e-05,2.269876307800257e-05,0.19625069643213985
626,3,1.9435413445291115e-05,1.969626495182123e-05,nan
626,4,1.7833512234552355e-05,1.9276369395117006e-05,nan
627,1,1.937847725305895e-05,2.1352213649528175e-05,nan
627,2,2.131383939623444e-05,2.2698763076757965e-05,nan
627,3,1.935707594658215e-05,1.9586585263505667e-05,0.3913572530814161
627,4,1.7833512233004057e-05,1.9276369388198567e-05,nan
628,1,1.9378477251864418e-05,2.1352213648040203e-05,nan
628,2,2.1313839385876694e-05,2.2698763073490333e-05,nan
628,3,1.935707594427251e-05,1.9586585254926843e-05,nan
628,4,1.7721774083981744e-05,1.91658324985305e-05,0.12441092409206275
629,1,1.9296761869658798e-05,2.1231434918700413e-05,0.3722399821782825
629,2,2.131383938263805e-05,2.2698763062003878e-05,nan
629,3,1.935707593820533e-05,1.9586585253133386e-05,nan
629,4,1.7721774082754983e-05,1.9165832497493837e-05,nan
630,1,1.9296761866217357e-05,2.1231434902644825e-05,nan
630,2,2.1161460354010747e-05,2.254246401461464e-05,0.19449915995305278
630,3,1.9357075936561368e-05,1.9586585251490532e-05,nan
630,4,1.7721774072323653e-05,1.9165832495254014e-05,nan
631,1,1.9296761860571744e-05,2.1231434900552136e-05,nan
631,2,2.1161460352573833e-05,2.2542464013400056e-05,nan
631,3,1.9279452560281452e-05,1.9478215939586974e-05,0.39002506430384787
631,4,1.7721774070810215e-05,1.9165832488476938e-05,nan
632,1,1.929676185940312e-05,2.123143489910223e-05,nan
632,2,2.116146034247862e-05,2.2542464010216272e-05,nan
632,3,1.927945255800757e-05,1.9478215931184715e-05,nan
632,4,1.7611443035044704e-05,1.9056580057696667e-05,0.12364617379499902
633,1,1.9215801719453735e-05,2.111214194208833e-05,0.3709890014961047
633,2,2.1161460339323734e-05,2.2542463999000885e-05,nan
633,3,1.9279452552026025e-05,1.9478215929420847e-05,nan
633,4,1.7611443033850086e-05,1.905658005668404e-05,nan
634,1,1.9215801716071468e-05,2.1112141926411318e-05,nan
634,2,2.1011258647186425e-05,2.238829966257665e-05,0.19277716822987256
634,3,1.9279452550419247e-05,1.947821592782133e-05,nan
634,4,1.7611443023686077e-05,1.9056580054496126e-05,nan
635,1,1.921580171050584e-05,2.11121419243534e-05,nan
635,2,2.1011258645787885e-05,2.2388299661391156e-05,nan
635,3,1.9202532255126112e-05,1.937113241569809e-05,0.38870074880057415
635,4,1.7611443022206507e-05,1.9056580047856706e-05,nan
636,1,1.9215801709362388e-05,2.1112141922940323e-05,nan
636,2,2.1011258635946887e-05,2.2388299658288542e-05,nan
636,3,1.9202532252887292e-05,1.9371132407467794e-05,nan
636,4,1.7502492385897306e-05,1.8948589427967032e-05,0.12289063037780772
637,1,1.9135585139124507e-05,2.0994306018521842e-05,0.36974437700426466
637,2,2.1011258632873025e-05,2.2388299647336047e-05,nan
637,3,1.9202532246989846e-05,1.9371132405732823e-05,nan
637,4,1.7502492384733768e-05,1.8948589426977718e-05,nan
638,1,1.9135585135800157e-05,2.099430600321208e-05,nan
638,2,2.0863187756788707e-05,2.2236226581226043e-05,0.19108401402298866
638,3,1.920253224541917e-05,1.9371132404175194e-05,nan
638,4,1.7502492374828537e-05,1.894858942484021e-05,nan
639,1,1.9135585130313087e-05,2.0994306001188123e-05,nan
639,2,2.086318775542725e-05,2.2236226580068745e-05,nan
639,3,1.912630424068284e-05,1.926531074452172e-05,0.3873842457920408
639,4,1.7502492373381873e-05,1.8948589418334865e-05,nan
640,1,1.9135585129194106e-05,2.0994305999810678e-05,nan
640,2,2.0863187745832468e-05,2.2236226577044722e-05,nan
640,3,1.91263042384784e-05,1.926531073645892e-05,nan
640,4,1.7394896101674302e-05,1.884183849957485e-05,0.12214413476853879
641,1,1.905610072127235e-05,2.08778991851586e-05,0.36850609321634464
641,2,2.086318774283701e-05,2.2236226566347255e-05,nan
641,3,1.9126304232663557e-05,1.9265310734752178e-05,nan
641,4,1.739489610054083e-05,1.8841838498608154e-05,nan
642,1,1.90561007180047e-05,2.087789917020517e-05,nan
642,2,2.0717202482077144e-05,2.20862025013002e-05,0.18941901176938794
642,3,1.9126304231127933e-05,1.926531073323505e-05,nan
642,4,1.7394896090886155e-05,1.8841838496519598e-05,nan
643,1,1.9056100712594784e-05,2.0877899168214383e-05,nan
643,2,2.0717202480751534e-05,2.208620250017024e-05,nan
643,3,1.9050757969935032e-05,1.9160727587722496e-05,0.3860754950045123
643,4,1.739489608947147e-05,1.8841838490144858e-05,nan
644,1,1.905610071149959e-05,2.0877899166871433e-05,nan
644,2,2.071720247139526e-05,2.2086202497222327e-05,nan
644,3,1.9050757967764307e-05,1.9160727579822867e-05,nan
644,4,1.728862880482753e-05,1.8736305684839595e-05,0.12140653142441588
