update_step,landmark_label,cov_x,cov_y,NIS
1,1,0.2504987534897802,0.25049875348978057,1.2301361198488915e-32
2,1,0.2504985059721391,0.25049751293235434,nan
2,2,0.2504985059721396,0.25049751293235395,1.2301422362692306e-32
3,1,0.250497266396913,0.2504972663969134,nan
3,2,0.2504982574614754,0.250497266396913,nan
3,3,0.25049726639691344,0.25049825746147486,2.46273250706577e-32
4,1,0.25049701985707945,0.25049701985707984,nan
4,2,0.25049701985707995,0.25049701985707945,nan
4,3,0.2504970198570799,0.2504970198570794,nan
4,4,0.25049701985707934,0.2504970198570799,1.230144667318027e-32
5,1,0.16688738171135747,0.1668873817113576,1.642372010023249e-32
5,2,0.25049693789403854,0.2504966088505543,nan
5,3,0.25049660885055475,0.250496937894038,nan
5,4,0.25049693789403793,0.2504969378940385,nan
6,1,0.1668873453796054,0.1668871993315794,nan
6,2,0.16688734537960562,0.16688719933157922,1.64237290922498e-32
6,3,0.2504965271041126,0.25049685593029775,nan
6,4,0.250496527104112,0.25049685593029825,nan
7,1,0.16688716304766238,0.16688716304766252,nan
7,2,0.16688730899927146,0.16688716304766235,nan
7,3,0.16688716304766257,0.16688730899927123,3.28583024898207e-32
7,4,0.2504964452483602,0.25049644524836073,nan
8,1,0.1668871267633891,0.16688712676338924,nan
8,2,0.16688712676338932,0.16688712676338907,nan
8,3,0.1668871267633893,0.1668871267633891,nan
8,4,0.16688712676338907,0.1668871267633893,1.6423732670137813e-32
9,1,0.12512395762163347,0.12512395762163356,1.8482815883516782e-32
9,2,0.16688710863915132,0.16688703577179284,nan
9,3,0.16688703577179306,0.1668871086391511,nan
9,4,0.16688710863915107,0.1668871086391513,nan
10,1,0.12512394744020308,0.12512390647940147,nan
10,2,0.12512394744020322,0.1251239064794014,1.8482818405023502e-32
10,3,0.16688701767147235,0.16688709051481543,nan
10,4,0.16688701767147213,0.16688709051481562,nan
11,1,0.1251238963046603,0.1251238963046604,nan
11,2,0.12512393725196486,0.1251238963046603,nan
11,3,0.12512389630466045,0.12512393725196475,3.6971727698274513e-32
11,4,0.1668869995590484,0.16688699955904862,nan
12,1,0.12512388612986108,0.12512388612986117,nan
12,2,0.12512388612986122,0.12512388612986108,nan
12,3,0.12512388612986122,0.1251238861298611,nan
12,4,0.1251238861298611,0.12512388612986122,1.8482819408333303e-32
13,1,0.10007926750672677,0.10007926750672683,1.971761444070585e-32
13,2,0.12512388002818892,0.1251238554792606,nan
13,3,0.12512385547926075,0.1251238800281888,nan
13,4,0.1251238800281888,0.12512388002818892,nan
14,1,0.10007926360474613,0.10007924789965775,nan
14,2,0.10007926360474624,0.10007924789965772,1.9717615407408992e-32
14,3,0.125123849382416,0.12512387392649466,nan
14,4,0.12512384938241589,0.12512387392649477,nan
15,1,0.10007924399921353,0.10007924399921359,nan
15,2,0.10007925970119999,0.10007924399921356,nan
15,3,0.10007924399921364,0.10007925970119992,3.9439125649996703e-32
15,4,0.12512384328312487,0.12512384328312498,nan
16,1,0.10007924009875496,0.10007924009875502,nan
16,2,0.10007924009875507,0.10007924009875499,nan
16,3,0.10007924009875507,0.100079240098755,nan
16,4,0.10007924009875499,0.10007924009875507,1.971761579202319e-32
17,1,0.083388352108673,0.08338835210867304,2.0540540105073103e-32
17,2,0.10007923749930235,0.10007922703648915,nan
17,3,0.10007922703648924,0.10007923749930228,nan
17,4,0.10007923749930227,0.10007923749930235,nan
18,1,0.08338835030444919,0.08338834304052534,nan
18,2,0.08338835030444927,0.08338834304052532,2.0540540552167302e-32
18,3,0.10007922443840694,0.100079234899843,nan
18,4,0.10007922443840686,0.10007923489984306,nan
19,1,0.08338834123677477,0.08338834123677481,nan
19,2,0.0833883484997428,0.0833883412367748,nan
19,3,0.08338834123677485,0.08338834849974276,4.108378433940147e-32
19,4,0.10007922183962956,0.10007922183962964,nan
20,1,0.08338833943301961,0.08338833943301965,nan
20,2,0.08338833943301968,0.08338833943301964,nan
20,3,0.0833883394330197,0.08338833943301964,nan
20,4,0.08338833943301963,0.08338833943301967,2.0540540730031067e-32
21,1,0.07146897931669682,0.07146897931669685,2.112821055571967e-32
21,2,0.08338833814491275,0.08338833295883737,nan
21,3,0.08338833295883742,0.08338833814491271,nan
21,4,0.0833883381449127,0.08338833814491274,nan
22,1,0.0714689783706888,0.07146897456122944,nan
22,2,0.07146897837068886,0.07146897456122943,2.112821079018231e-32
22,3,0.0833883316712154,0.08338833685680339,nan
22,4,0.08338833167121533,0.08338833685680341,nan
23,1,0.07146897361539854,0.0714689736153986,nan
23,2,0.07146897742450008,0.07146897361539858,nan
23,3,0.07146897361539861,0.07146897742450004,4.2258406847367056e-32
23,4,0.08338833038334725,0.0833883303833473,nan
24,1,0.0714689726695659,0.07146897266956595,nan
24,2,0.07146897266956596,0.07146897266956594,nan
24,3,0.07146897266956596,0.07146897266956592,nan
24,4,0.07146897266956592,0.07146897266956595,2.112821088344852e-32
25,1,0.06253092947039365,0.06253092947039368,2.156889043651125e-32
25,2,0.0714689719603077,0.07146896910418765,nan
25,3,0.07146896910418768,0.07146897196030766,nan
25,4,0.07146897196030766,0.07146897196030769,nan
26,1,0.06253092892752107,0.06253092674111337,nan
26,2,0.06253092892752111,0.06253092674111335,2.1568890571075152e-32
26,3,0.07146896839512962,0.07146897125104838,nan
26,4,0.07146896839512958,0.07146897125104841,nan
27,1,0.06253092619831699,0.062530926198317,nan
27,2,0.06253092838457072,0.06253092619831699,nan
27,3,0.06253092619831702,0.0625309283845707,4.3139300666284645e-32
27,4,0.07146896768596989,0.07146896768596991,nan
28,1,0.06253092565551985,0.06253092565551986,nan
28,2,0.06253092565551986,0.06253092565551985,nan
28,3,0.06253092565551988,0.06253092565551983,nan
28,4,0.06253092565551985,0.06253092565551986,2.1568890624599044e-32
29,1,0.05557998896458079,0.0555799889645808,2.1911598262733304e-32
29,2,0.06253092523339698,0.06253092353329756,nan
29,3,0.06253092353329759,0.06253092523339696,nan
29,4,0.06253092523339697,0.06253092523339698,nan
30,1,0.05557998863112481,0.05557998728798408,nan
30,2,0.055579988631124816,0.055579987287984065,2.1911598345395903e-32
30,3,0.06253092311126736,0.06253092481127359,nan
30,4,0.06253092311126733,0.06253092481127362,nan
31,1,0.055579986954564495,0.0555799869545645,nan
31,2,0.05557998829763166,0.05557998695456449,nan
31,3,0.05557998695456451,0.05557998829763164,4.382439703011288e-32
31,4,0.06253092268919005,0.06253092268919007,nan
32,1,0.055579986621144536,0.05557998662114454,nan
32,2,0.05557998662114453,0.05557998662114453,nan
32,3,0.05557998662114455,0.05557998662114451,nan
32,4,0.05557998662114452,0.05557998662114453,2.1911598378273628e-32
33,1,0.05001978807691366,0.050019788076913665,4.5806328473875166e-07
33,2,0.05557998635443477,0.055579985280140305,nan
33,3,0.055579985280140326,0.05557998635443475,nan
33,4,0.055579986354434764,0.05557998635443477,nan
34,1,0.05001978786091668,0.050019786990814705,nan
34,2,0.050019787860916674,0.050019786990814684,4.580644398230016e-07
34,3,0.05557998501347739,0.05557998608772474,nan
34,4,0.05557998501347737,0.05557998608772476,nan
35,1,0.050019786774836573,0.05001978677483659,nan
35,2,0.050019787644900435,0.05001978677483657,nan
35,3,0.05001978677483658,0.050019787644900414,4.58386794536586e-07
35,4,0.05557998474679065,0.055579984746790656,nan
36,1,0.05001978655885825,0.05001978655885826,nan
36,2,0.050019786558858255,0.05001978655885824,nan
36,3,0.050019786558858255,0.050019786558858234,nan
36,4,0.05001978655885824,0.05001978655885825,4.5838789421495256e-07
37,1,0.04547089724824592,0.045470897248245934,1.8851705678555544e-08
37,2,0.05001978638216275,0.05001978567037756,nan
37,3,0.05001978567037758,0.05001978638216273,nan
37,4,0.050019786382162736,0.05001978638216274,nan
38,1,0.04547089710223755,0.04547089651402768,nan
38,2,0.04547089710223756,0.045470896514027664,1.8851698045692083e-08
38,3,0.05001978549370745,0.050019786205467084,nan
38,4,0.05001978549370743,0.0500197862054671,nan
39,1,0.04547089636802972,0.045470896368029735,nan
39,2,0.04547089695621853,0.04547089636802972,nan
39,3,0.04547089636802973,0.04547089695621852,1.8856537966496333e-08
39,4,0.05001978531702441,0.05001978531702442,nan
40,1,0.04547089622203167,0.04547089622203168,nan
40,2,0.045470896222031675,0.04547089622203167,nan
40,3,0.045470896222031675,0.04547089622203166,nan
40,4,0.04547089622203166,0.04547089622203167,1.8856530787608653e-08
41,1,0.041680405339181575,0.04168040533918159,1.1968478355243908e-06
41,2,0.045470896100374594,0.045470895610265676,nan
41,3,0.04547089561026568,0.04547089610037458,nan
41,4,0.04547089610037458,0.04547089610037459,nan
42,1,0.04168040523696807,0.04168040482516515,nan
42,2,0.041680405236968074,0.041680404825165135,1.1968508767223283e-06
42,3,0.04547089548862316,0.045470895978717424,nan
42,4,0.04547089548862315,0.04547089597871743,nan
43,1,0.041680404722957705,0.041680404722957726,nan
43,2,0.04168040513474835,0.04168040472295771,nan
43,3,0.04168040472295771,0.04168040513474834,1.1974553701909084e-06
43,4,0.045470895366973234,0.04547089536697324,nan
44,1,0.04168040462075021,0.04168040462075023,nan
44,2,0.04168040462075022,0.04168040462075022,nan
44,3,0.04168040462075022,0.04168040462075021,nan
44,4,0.04168040462075021,0.04168040462075022,1.19745827110425e-06
45,1,0.038473243803338344,0.03847324380333836,2.7013252295042707e-06
45,2,0.04168040453427171,0.041680404185862364,nan
45,3,0.041680404185862364,0.0416804045342717,nan
45,4,0.0416804045342717,0.04168040453427171,nan
46,1,0.03847324372965997,0.038473243432805546,nan
46,2,0.03847324372965997,0.03847324343280553,2.701330598561087e-06
46,3,0.04168040409939261,0.04168040444779314,nan
46,4,0.0416804040993926,0.04168040444779315,nan
47,1,0.03847324335913086,0.03847324335913088,nan
47,2,0.038473243655977804,0.03847324335913087,nan
47,3,0.03847324335913087,0.038473243655977804,2.7031154835155813e-06
47,4,0.0416804040129184,0.0416804040129184,nan
48,1,0.038473243285456156,0.03847324328545618,nan
48,2,0.03847324328545616,0.03847324328545616,nan
48,3,0.03847324328545616,0.03847324328545616,nan
48,4,0.03847324328545616,0.03847324328545616,2.7031205815372815e-06
49,1,0.03572437786516794,0.03572437786516796,8.11441136240521e-06
49,2,0.03847324322230937,0.03847324296788709,nan
49,3,0.03847324296788709,0.03847324322230937,nan
49,4,0.03847324322230937,0.03847324322230937,nan
50,1,0.03572437781072467,0.03572437759135991,nan
50,2,0.035724377810724676,0.0357243775913599,8.114425185628238e-06
50,3,0.038473242904745776,0.03847324315916255,nan
50,4,0.038473242904745776,0.03847324315916255,nan
51,1,0.03572437753691896,0.03572437753691898,nan
51,2,0.035724377756279,0.035724377536918976,nan
51,3,0.03572437753691897,0.035724377756279,8.117959259406792e-06
51,4,0.03847324284160168,0.03847324284160168,nan
52,1,0.03572437748247801,0.03572437748247803,nan
52,2,0.03572437748247802,0.035724377482478024,nan
52,3,0.03572437748247802,0.03572437748247802,nan
52,4,0.035724377482478024,0.035724377482478024,8.117972306450719e-06
53,1,0.03334212417803853,0.03334212417803854,1.4676381201880002e-05
53,2,0.03572437743529776,0.0357243772451973,nan
53,3,0.035724377245197295,0.03572437743529776,nan
53,4,0.035724377435297765,0.035724377435297765,nan
54,1,0.033342124136942375,0.033342123971349995,nan
54,2,0.033342124136942375,0.033342123971349995,1.4676402535987766e-05
54,3,0.03572437719802059,0.035724377388117484,nan
54,4,0.03572437719802059,0.03572437738811749,nan
55,1,0.03334212393025537,0.033342123930255374,nan
55,2,0.03334212409584465,0.033342123930255374,nan
55,3,0.03334212393025537,0.03334212409584465,1.4682275341858865e-05
55,4,0.03572437715084208,0.03572437715084208,nan
56,1,0.03334212388916073,0.03334212388916074,nan
56,2,0.03334212388916073,0.03334212388916074,nan
56,3,0.03334212388916073,0.03334212388916073,nan
56,4,0.03334212388916073,0.03334212388916073,1.46822953760491e-05
57,1,0.03125772591551671,0.03125772591551671,2.4363254709472942e-05
57,2,0.03334212385320419,0.033342123708321236,nan
57,3,0.03334212370832123,0.03334212385320419,nan
57,4,0.03334212385320419,0.03334212385320419,nan
58,1,0.03125772588391636,0.03125772575658202,nan
58,2,0.03125772588391636,0.03125772575658202,2.4363285626549143e-05
58,3,0.03334212367236705,0.03334212381724763,nan
58,4,0.03334212367236705,0.03334212381724763,nan
59,1,0.0312577257249827,0.0312577257249827,nan
59,2,0.03125772585231494,0.0312577257249827,nan
59,3,0.03125772572498269,0.03125772585231494,2.4372279793785346e-05
59,4,0.03334212363641167,0.033342123636411675,nan
60,1,0.03125772569338337,0.03125772569338337,nan
60,2,0.03125772569338336,0.03125772569338337,nan
60,3,0.031257725693383365,0.03125772569338336,nan
60,4,0.031257725693383365,0.03125772569338337,2.437230868142302e-05
61,1,0.029418608102449346,0.029418608102449346,3.2427983364669926e-05
61,2,0.03125772566550245,0.03125772555315571,nan
61,3,0.0312577255531557,0.03125772566550245,nan
61,4,0.03125772566550246,0.031257725665502466,nan
62,1,0.029418608077753507,0.029418607978238163,nan
62,2,0.029418608077753493,0.029418607978238167,3.242801846897477e-05
62,3,0.03125772552527642,0.03125772563762154,nan
62,4,0.03125772552527641,0.03125772563762155,nan
63,1,0.02941860795354304,0.029418607953543043,nan
63,2,0.02941860805305693,0.029418607953543046,nan
63,3,0.029418607953543036,0.029418608053056926,3.243932621900833e-05
63,4,0.031257725497396305,0.03125772549739631,nan
64,1,0.029418607928847908,0.02941860792884791,nan
64,2,0.029418607928847894,0.029418607928847915,nan
64,3,0.029418607928847904,0.02941860792884789,nan
64,4,0.029418607928847897,0.029418607928847904,3.243935884880369e-05
65,1,0.027783881665217128,0.02778388166521713,5.244667601313744e-05
65,2,0.029418607906897265,0.02941860781844412,nan
65,3,0.02941860781844411,0.02941860790689726,nan
65,4,0.02941860790689727,0.029418607906897275,nan
66,1,0.02778388164563872,0.027783881566742722,nan
66,2,0.027783881645638706,0.027783881566742726,5.244672867957169e-05
66,3,0.029418607796494613,0.029418607884946626,nan
66,4,0.02941860779649461,0.02941860788494664,nan
67,1,0.027783881547164813,0.027783881547164817,nan
67,2,0.027783881626059784,0.02778388154716482,nan
67,3,0.02778388154716481,0.02778388162605978,5.2464483619966154e-05
67,4,0.029418607774544536,0.029418607774544542,nan
68,1,0.0277838815275869,0.027783881527586905,nan
68,2,0.02778388152758689,0.027783881527586908,nan
68,3,0.027783881527586898,0.027783881527586887,nan
68,4,0.027783881527586894,0.0277838815275869,5.2464532397285245e-05
69,1,0.026321267552333407,0.026321267552333407,6.179118218965473e-05
69,2,0.027783881510070236,0.027783881439482596,nan
69,3,0.027783881439482586,0.027783881510070232,nan
69,4,0.02778388151007024,0.027783881510070246,nan
70,1,0.026321267536612816,0.02632126747326137,nan
70,2,0.0263212675366128,0.026321267473261373,6.179123483565189e-05
70,3,0.02778388142196674,0.027783881492553574,nan
70,4,0.02778388142196674,0.027783881492553588,nan
71,1,0.02632126745754114,0.02632126745754114,nan
71,2,0.02632126752089184,0.026321267457541143,nan
71,3,0.02632126745754113,0.026321267520891835,6.181042210150771e-05
71,4,0.027783881404450483,0.027783881404450487,nan
72,1,0.026321267441820905,0.026321267441820905,nan
72,2,0.026321267441820888,0.02632126744182091,nan
72,3,0.026321267441820895,0.026321267441820884,nan
72,4,0.026321267441820895,0.026321267441820898,6.181047060616052e-05
73,1,0.02500494380201996,0.02500494380201996,7.435546740715321e-05
73,2,0.026321267427672983,0.02632126737065924,nan
73,3,0.026321267370659224,0.02632126742767298,nan
73,4,0.02632126742767299,0.026321267427672993,nan
74,1,0.025004943789252006,0.02500494373779815,nan
74,2,0.02500494378925199,0.025004943737798154,7.435552244101966e-05
74,3,0.02632126735651191,0.02632126741352507,nan
74,4,0.026321267356511906,0.026321267413525085,nan
75,1,0.025004943725030464,0.02500494372503046,nan
75,2,0.025004943776483764,0.025004943725030464,nan
75,3,0.025004943725030454,0.025004943776483764,7.437640507332045e-05
75,4,0.026321267342364292,0.026321267342364296,nan
76,1,0.025004943712262775,0.02500494371226277,nan
76,2,0.02500494371226275,0.025004943712262775,nan
76,3,0.025004943712262764,0.02500494371226275,nan
76,4,0.02500494371226276,0.025004943712262764,7.437645554648388e-05
77,1,0.02381400784957792,0.023814007849577917,8.267732901412875e-05
77,2,0.025004943700711258,0.02500494365415966,nan
77,3,0.02500494365415965,0.025004943700711258,nan
77,4,0.02500494370071127,0.025004943700711272,nan
78,1,0.02381400783910077,0.023814007796877867,nan
78,2,0.023814007839100752,0.023814007796877874,9.847736148350582e-05
78,3,0.02500494364260859,0.025004943689159762,nan
78,4,0.02500494364260859,0.025004943689159776,nan
79,1,0.023814007786400918,0.02381400778640091,nan
79,2,0.0238140078286234,0.023814007786400918,nan
79,3,0.023814007786400908,0.023814007828623397,8.197512554340178e-05
79,4,0.02500494363105731,0.025004943631057312,nan
80,1,0.02381400777592396,0.02381400777592395,nan
80,2,0.023814007775923945,0.02381400777592396,nan
80,3,0.023814007775923948,0.02381400777592394,nan
80,4,0.02381400777592395,0.02381400777592395,9.778500259225874e-05
81,1,0.022731358281106,0.022731358281105993,9.29010877279518e-05
81,2,0.02381400776639961,0.023814007728016562,nan
81,3,0.02381400772801655,0.023814007766399605,nan
81,4,0.023814007766399616,0.023814007766399616,nan
82,1,0.02273135827242813,0.02273135823745573,nan
82,2,0.02273135827242812,0.022731358237455736,0.00013615157743483515
82,3,0.02381400771849254,0.023814007756875265,nan
82,4,0.023814007718492545,0.023814007756875276,nan
83,1,0.022731358228778014,0.022731358228778007,nan
83,2,0.0227313582637501,0.022731358228778014,nan
83,3,0.022731358228778,0.02273135826375009,8.73776140612401e-05
83,4,0.02381400770896837,0.02381400770896837,nan
84,1,0.02273135822010029,0.022731358220100282,nan
84,2,0.022731358220100275,0.02273135822010029,nan
84,3,0.022731358220100275,0.022731358220100268,nan
84,4,0.022731358220100282,0.022731358220100282,0.00013065665826869266
85,1,0.02174286835395001,0.021742868353950003,0.00012105559875329778
85,2,0.022731358212177265,0.022731358180247015,nan
85,3,0.022731358180247,0.02273135821217726,nan
85,4,0.022731358212177272,0.022731358212177272,nan
86,1,0.021742868346701208,0.02174286831748758,nan
86,2,0.021742868346701194,0.021742868317487583,0.0002725059787650989
86,3,0.02273135817232424,0.022731358204254246,nan
86,4,0.02273135817232425,0.02273135820425426,nan
87,1,0.021742868310238896,0.02174286831023889,nan
87,2,0.021742868339452274,0.021742868310238892,nan
87,3,0.02174286831023888,0.021742868339452267,5.995405045814485e-05
87,4,0.02273135816440136,0.022731358164401357,nan
88,1,0.021742868302990204,0.021742868302990197,nan
88,2,0.021742868302990187,0.0217428683029902,nan
88,3,0.02174286830299019,0.02174286830299018,nan
88,4,0.021742868302990197,0.021742868302990194,0.0002114646925680193
89,1,0.02083676617118249,0.020836766171182488,0.00029938928847448806
89,2,0.02174286829634565,0.021742868269567322,nan
89,3,0.02174286826956731,0.021742868296345644,nan
89,4,0.021742868296345662,0.02174286829634566,nan
90,1,0.020836766165080303,0.020836766140487347,nan
90,2,0.02083676616508029,0.02083676614048735,0.0006592384402233509
90,3,0.021742868262922963,0.021742868289701105,nan
90,4,0.021742868262922974,0.02174286828970112,nan
91,1,0.020836766134385253,0.020836766134385246,nan
91,2,0.020836766158978014,0.02083676613438525,nan
91,3,0.02083676613438524,0.020836766158978007,3.2015022700842695e-05
91,4,0.02174286825627853,0.021742868256278525,nan
92,1,0.02083676612828315,0.020836766128283144,nan
92,2,0.020836766128283137,0.020836766128283148,nan
92,3,0.020836766128283137,0.02083676612828313,nan
92,4,0.020836766128283148,0.02083676612828314,0.00039190154771538715
93,1,0.020003163637800928,0.02000316363780092,0.0003966459280523297
93,2,0.02083676612266928,0.020836766100044403,nan
93,3,0.020836766100044393,0.020836766122669274,nan
93,4,0.02083676612266929,0.020836766122669284,nan
94,1,0.020003163632627337,0.020003163611776505,nan
94,2,0.02000316363262732,0.020003163611776505,0.0008553210876943062
94,3,0.020836766094430685,0.020836766117055417,nan
94,4,0.020836766094430696,0.020836766117055427,nan
95,1,0.02000316360660299,0.020003163606602977,nan
95,2,0.020003163627453656,0.020003163606602977,nan
95,3,0.02000316360660297,0.020003163627453652,3.3354181120800635e-05
95,4,0.020836766088816912,0.020836766088816905,nan
96,1,0.020003163601429463,0.02000316360142945,nan
96,2,0.020003163601429445,0.02000316360142945,nan
96,3,0.020003163601429442,0.020003163601429442,nan
96,4,0.020003163601429452,0.020003163601429445,0.0004920642918364395
97,1,0.019233694135916732,0.019233694135916718,0.00029841392269416866
97,2,0.020003163596653942,0.020003163577407525,nan
97,3,0.02000316357740752,0.02000316359665394,nan
97,4,0.02000316359665395,0.020003163596653942,nan
98,1,0.019233694131501618,0.01923369411370742,nan
98,2,0.019233694131501604,0.019233694113707425,0.0006925764721875229
98,3,0.02000316357263213,0.020003163591878436,nan
98,4,0.02000316357263214,0.02000316359187844,nan
99,1,0.019233694109292376,0.019233694109292362,nan
99,2,0.019233694127086434,0.019233694109292366,nan
99,3,0.019233694109292356,0.019233694127086434,4.857476784860134e-05
99,4,0.020003163567856693,0.02000316356785669,nan
100,1,0.019233694104877314,0.0192336941048773,nan
100,2,0.0192336941048773,0.019233694104877304,nan
100,3,0.019233694104877293,0.0192336941048773,nan
100,4,0.019233694104877304,0.019233694104877304,0.000442801639838835
101,1,0.018521230728389602,0.01852123072838959,0.00045678729295374075
101,2,0.019233694100789327,0.019233694084313628,nan
101,3,0.019233694084313618,0.019233694100789327,nan
101,4,0.01923369410078933,0.01923369410078933,nan
102,1,0.01852123072459892,0.0185212307093212,nan
102,2,0.01852123072459891,0.018521230709321202,0.0009835109495521062
102,3,0.01923369408022574,0.019233694096701354,nan
102,4,0.019233694080225745,0.019233694096701358,nan
103,1,0.01852123070553057,0.018521230705530557,nan
103,2,0.018521230720808184,0.01852123070553056,nan
103,3,0.01852123070553055,0.018521230720808177,3.9754147031280806e-05
103,4,0.019233694076137817,0.019233694076137817,nan
104,1,0.01852123070173993,0.018521230701739916,nan
104,2,0.01852123070173992,0.01852123070173992,nan
104,3,0.01852123070173991,0.018521230701739912,nan
104,4,0.018521230701739916,0.018521230701739916,0.0005665124461401878
105,1,0.017859664755944835,0.017859664755944825,0.0005491221407076101
105,2,0.01852123069822008,0.018521230684033944,nan
105,3,0.018521230684033933,0.01852123069822007,nan
105,4,0.018521230698220075,0.018521230698220075,nan
106,1,0.01785966475267199,0.017859664739481185,nan
106,2,0.01785966475267198,0.017859664739481185,0.0012233618886222644
106,3,0.018521230680514165,0.01852123069470023,nan
106,4,0.018521230680514172,0.018521230694700234,nan
107,1,0.017859664736208387,0.017859664736208373,nan
107,2,0.017859664749399103,0.017859664736208373,nan
107,3,0.017859664736208366,0.017859664749399096,4.144573918583682e-05
107,4,0.018521230676994366,0.018521230676994366,nan
108,1,0.017859664732935574,0.01785966473293556,nan
108,2,0.01785966473293556,0.01785966473293556,nan
108,3,0.017859664732935553,0.017859664732935553,nan
108,4,0.017859664732935557,0.017859664732935557,0.000715743833468851
109,1,0.017243730248043296,0.017243730248043283,0.0004899891871542152
109,2,0.01785966472988849,0.017859664717607655,nan
109,3,0.017859664717607648,0.017859664729888484,nan
109,4,0.017859664729888487,0.017859664729888487,nan
110,1,0.0172437302452028,0.017243730233754414,nan
110,2,0.017243730245202787,0.017243730233754417,0.0011462132390301616
110,3,0.017859664714560637,0.017859664726841414,nan
110,4,0.01785966471456064,0.017859664726841418,nan
111,1,0.01724373023091396,0.017243730230913946,nan
111,2,0.017243730242362264,0.01724373023091395,nan
111,3,0.017243730230913943,0.01724373024236226,4.858722885364263e-05
111,4,0.0178596647115136,0.0178596647115136,nan
112,1,0.017243730228073493,0.01724373022807348,nan
112,2,0.01724373022807348,0.017243730228073482,nan
112,3,0.017243730228073476,0.017243730228073476,nan
112,4,0.017243730228073476,0.017243730228073476,0.0007048926187967754
113,1,0.01666886345621579,0.016668863456215776,0.0004843349522623236
113,2,0.0172437302254224,0.01724373021473746,nan
113,3,0.017243730214737452,0.017243730225422395,nan
113,4,0.017243730225422395,0.017243730225422395,nan
114,1,0.01666886345373855,0.01666886344375414,nan
114,2,0.016668863453738535,0.016668863443754144,0.001178785899609199
114,3,0.01724373021208642,0.017243730222771314,nan
114,4,0.017243730212086417,0.017243730222771314,nan
115,1,0.016668863441276934,0.01666886344127692,nan
115,2,0.01666886345126127,0.016668863441276924,nan
115,3,0.016668863441276917,0.016668863451261267,5.0036775232022504e-05
115,4,0.01724373020943536,0.01724373020943536,nan
116,1,0.016668863438799714,0.0166688634387997,nan
116,2,0.0166688634387997,0.016668863438799704,nan
116,3,0.016668863438799697,0.016668863438799697,nan
116,4,0.016668863438799694,0.016668863438799694,0.0007446012327415495
117,1,0.016131089577968816,0.016131089577968803,0.0006193326533787825
117,2,0.01666886343648232,0.016668863427142248,nan
117,3,0.01666886342714224,0.016668863436482318,nan
117,4,0.016668863436482315,0.016668863436482315,nan
118,1,0.01613108957579857,0.01613108956705142,nan
118,2,0.01613108957579856,0.016131089567051424,0.0014310823909263774
118,3,0.016668863424824903,0.01666886343416494,nan
118,4,0.0166688634248249,0.016668863434164936,nan
119,1,0.01613108956488121,0.016131089564881195,nan
119,2,0.016131089573628295,0.0161310895648812,nan
119,3,0.016131089564881195,0.016131089573628292,4.7224469858802785e-05
119,4,0.016668863422507542,0.01666886342250754,nan
120,1,0.016131089562710983,0.01613108956271097,nan
120,2,0.01613108956271097,0.016131089562710973,nan
120,3,0.01613108956271097,0.016131089562710966,nan
120,4,0.016131089562710962,0.01613108956271096,0.0008590742204976411
121,1,0.015626930722587442,0.01562693072258743,0.00038851508444868825
121,2,0.0161310895606764,0.016131089552476097,nan
121,3,0.016131089552476094,0.016131089560676395,nan
121,4,0.016131089560676392,0.01613108956067639,nan
122,1,0.015626930720678073,0.015626930712982334,nan
122,2,0.015626930720678063,0.015626930712982334,0.001041562016025551
122,3,0.016131089550441555,0.016131089558641825,nan
122,4,0.016131089550441548,0.016131089558641818,nan
123,1,0.01562693071107299,0.01562693071107298,nan
123,2,0.01562693071876868,0.01562693071107298,nan
123,3,0.01562693071107298,0.015626930718768677,5.40090948940199e-05
123,4,0.016131089548406995,0.01613108954840699,nan
124,1,0.015626930709163635,0.015626930709163624,nan
124,2,0.015626930709163628,0.015626930709163624,nan
124,3,0.015626930709163624,0.015626930709163624,nan
124,4,0.01562693070916362,0.015626930709163617,0.0007071744029824834
125,1,0.015153330612437265,0.015153330612437258,0.000602966044105197
125,2,0.015626930707370007,0.015626930700140793,nan
125,3,0.015626930700140793,0.015626930707370004,nan
125,4,0.01562693070737,0.015626930707369997,nan
126,1,0.015153330610750727,0.015153330603953056,nan
126,2,0.01515333061075072,0.015153330603953054,0.001494915149496707
126,3,0.0156269306983472,0.015626930705576383,nan
126,4,0.015626930698347197,0.015626930705576376,nan
127,1,0.015153330602266537,0.01515333060226653,nan
127,2,0.01515333060906417,0.015153330602266528,nan
127,3,0.01515333060226653,0.015153330609064167,4.83790452902718e-05
127,4,0.01562693069655359,0.015626930696553586,nan
128,1,0.01515333060058001,0.015153330600580004,nan
128,2,0.015153330600580007,0.015153330600580002,nan
128,3,0.015153330600580004,0.015153330600580004,nan
128,4,0.015153330600580002,0.015153330600579999,0.0009404776868280922
129,1,0.014707592573820026,0.01470759257382002,0.0005554975790920231
129,2,0.0151533305989927,0.015153330592594987,nan
129,3,0.015153330592594988,0.015153330598992697,nan
129,4,0.015153330598992695,0.015153330598992692,nan
130,1,0.01470759257232474,0.014707592566297868,nan
130,2,0.014707592572324736,0.014707592566297865,0.0014320108734346098
130,3,0.015153330591007704,0.01515333059740539,nan
130,4,0.015153330591007702,0.015153330597405385,nan
131,1,0.014707592564802599,0.014707592564802592,nan
131,2,0.01470759257082944,0.014707592564802589,nan
131,3,0.01470759256480259,0.014707592570829434,4.8862296827877985e-05
131,4,0.015153330589420408,0.015153330589420404,nan
132,1,0.014707592563307323,0.014707592563307316,nan
132,2,0.01470759256330732,0.014707592563307312,nan
132,3,0.014707592563307314,0.014707592563307314,nan
132,4,0.01470759256330731,0.014707592563307309,0.0009255437592244577
133,1,0.014287328159171152,0.014287328159171145,0.0007673916236646601
133,2,0.014707592561897496,0.014707592556215095,nan
133,3,0.014707592556215097,0.01470759256189749,nan
133,4,0.014707592561897487,0.014707592561897485,nan
134,1,0.014287328157840756,0.014287328152478462,nan
134,2,0.014287328157840755,0.014287328152478457,0.001866238538539813
134,3,0.014707592554805292,0.014707592560487667,nan
134,4,0.014707592554805289,0.014707592560487662,nan
135,1,0.014287328151148082,0.014287328151148075,nan
135,2,0.01428732815651035,0.01428732815114807,nan
135,3,0.014287328151148073,0.014287328156510343,4.925255856727078e-05
135,4,0.014707592553395476,0.014707592553395472,nan
136,1,0.014287328149817695,0.014287328149817688,nan
136,2,0.014287328149817693,0.014287328149817683,nan
136,3,0.014287328149817686,0.014287328149817686,nan
136,4,0.014287328149817684,0.014287328149817681,0.00114829002486704
137,1,0.013890414333166444,0.013890414333166437,0.0009108352899013328
137,2,0.014287328148561226,0.014287328143496897,nan
137,3,0.0142873281434969,0.014287328148561219,nan
137,4,0.014287328148561217,0.014287328148561214,nan
138,1,0.013890414331978825,0.013890414327191973,nan
138,2,0.013890414331978827,0.013890414327191972,0.0022037211882139193
138,3,0.014287328142240449,0.014287328147304752,nan
138,4,0.014287328142240447,0.014287328147304747,nan
139,1,0.013890414326004368,0.013890414326004363,nan
139,2,0.0138904143307912,0.013890414326004361,nan
139,3,0.013890414326004364,0.013890414330791193,4.702697047419789e-05
139,4,0.014287328140983987,0.014287328140983983,nan
140,1,0.013890414324816757,0.013890414324816752,nan
140,2,0.013890414324816759,0.01389041432481675,nan
140,3,0.013890414324816754,0.013890414324816752,nan
140,4,0.01389041432481675,0.013890414324816747,0.0013401471165995975
141,1,0.013514957602365403,0.0135149576023654,0.0008471359191894092
141,2,0.01389041432369335,0.0138904143191653,nan
141,3,0.013890414319165304,0.013890414323693343,nan
141,4,0.013890414323693341,0.013890414323693338,nan
142,1,0.01351495760130191,0.013514957597015343,nan
142,2,0.013514957601301916,0.013514957597015343,0.0021281014413050132
142,3,0.013890414318041907,0.013890414322569935,nan
142,4,0.013890414318041904,0.01389041432256993,nan
143,1,0.01351495759595186,0.013514957595951857,nan
143,2,0.013514957600238416,0.013514957595951857,nan
143,3,0.013514957595951858,0.013514957600238409,4.5476511508472754e-05
143,4,0.0138904143169185,0.013890414316918499,nan
144,1,0.013514957594888374,0.01351495759488837,nan
144,2,0.01351495759488838,0.01351495759488837,nan
144,3,0.013514957594888372,0.013514957594888372,nan
144,4,0.013514957594888367,0.013514957594888365,0.0013266817503789104
145,1,0.013159263809185267,0.013159263809185263,0.0013600231515927157
145,2,0.013514957593880871,0.013514957589819954,nan
145,3,0.013514957589819956,0.013514957593880864,nan
145,4,0.013514957593880859,0.013514957593880857,nan
146,1,0.013159263808230098,0.01315926380438013,nan
146,2,0.0131592638082301,0.013159263804380126,0.0032163288174231904
146,3,0.01351495758881246,0.013514957592873356,nan
146,4,0.013514957588812455,0.013514957592873349,nan
147,1,0.01315926380342497,0.013159263803424966,nan
147,2,0.013159263807274927,0.013159263803424963,nan
147,3,0.013159263803424966,0.01315926380727492,5.364929741898629e-05
147,4,0.013514957587804953,0.01351495758780495,nan
148,1,0.013159263802469807,0.013159263802469803,nan
148,2,0.013159263802469809,0.0131592638024698,nan
148,3,0.013159263802469803,0.013159263802469802,nan
148,4,0.0131592638024698,0.013159263802469796,0.0019103043896450496
149,1,0.012821812573427802,0.012821812573427798,0.0015052092515009843
149,2,0.013159263801563634,0.013159263797911132,nan
149,3,0.013159263797911136,0.013159263801563627,nan
149,4,0.013159263801563625,0.013159263801563622,nan
150,1,0.012821812572567511,0.01282181256909994,nan
150,2,0.012821812572567511,0.012821812569099934,0.003591624207506795
150,3,0.01315926379700497,0.013159263800657453,nan
150,4,0.013159263797004968,0.013159263800657447,nan
151,1,0.012821812568239655,0.012821812568239652,nan
151,2,0.012821812571707215,0.012821812568239646,nan
151,3,0.01282181256823965,0.01282181257170721,5.834227329871263e-05
151,4,0.013159263796098797,0.013159263796098794,nan
152,1,0.012821812567379368,0.012821812567379364,nan
152,2,0.01282181256737937,0.012821812567379359,nan
152,3,0.012821812567379362,0.012821812567379364,nan
152,4,0.012821812567379362,0.012821812567379359,0.0021451879597449257
153,1,0.012501235567956591,0.012501235567956587,0.001868280342027524
153,2,0.012821812566562101,0.012821812563267936,nan
153,3,0.01282181256326794,0.012821812566562096,nan
153,4,0.012821812566562094,0.01282181256656209,nan
154,1,0.012501235567179683,0.01250123556404819,nan
154,2,0.012501235567179683,0.012501235564048183,0.004405349040447434
154,3,0.01282181256245068,0.012821812565744828,nan
154,4,0.01282181256245068,0.012821812565744823,nan
155,1,0.012501235563271288,0.012501235563271285,nan
155,2,0.012501235566402771,0.012501235563271278,nan
155,3,0.012501235563271283,0.012501235566402768,6.731220584317976e-05
155,4,0.012821812561633415,0.012821812561633412,nan
156,1,0.012501235562494384,0.01250123556249438,nan
156,2,0.012501235562494384,0.012501235562494373,nan
156,3,0.012501235562494379,0.01250123556249438,nan
156,4,0.012501235562494379,0.012501235562494375,0.002604904532292668
157,1,0.012196297973850497,0.012196297973850493,0.0016564479064119023
157,2,0.012501235561755381,0.012501235558776667,nan
157,3,0.012501235558776672,0.012501235561755378,nan
157,4,0.012501235561755376,0.012501235561755373,nan
158,1,0.012196297973147112,0.012196297970311947,nan
158,2,0.012196297973147108,0.012196297970311937,0.004002492412615306
158,3,0.012501235558037676,0.012501235561016375,nan
158,4,0.012501235558037676,0.01250123556101637,nan
159,1,0.012196297969608569,0.012196297969608565,nan
159,2,0.01219629797244372,0.012196297969608555,nan
159,3,0.012196297969608558,0.012196297972443714,5.383397559034477e-05
159,4,0.012501235557298677,0.012501235557298674,nan
160,1,0.012196297968905187,0.012196297968905184,nan
160,2,0.012196297968905184,0.012196297968905173,nan
160,3,0.012196297968905177,0.012196297968905178,nan
160,4,0.012196297968905175,0.012196297968905173,0.002400403804154897
161,1,0.011905882585070651,0.011905882585070648,0.00264978676553036
161,2,0.012196297968235298,0.01219629796553516,nan
161,3,0.012196297965535164,0.012196297968235292,nan
161,4,0.012196297968235289,0.012196297968235287,nan
162,1,0.011905882584432292,0.011905882581859218,nan
162,2,0.011905882584432287,0.011905882581859208,0.006244010346268193
162,3,0.012196297964865285,0.012196297967565406,nan
162,4,0.012196297964865281,0.012196297967565401,nan
163,1,0.011905882581220866,0.011905882581220861,nan
163,2,0.011905882583793924,0.01190588258122085,nan
163,3,0.011905882581220856,0.011905882583793917,9.147407881234601e-05
163,4,0.012196297964195399,0.012196297964195397,nan
164,1,0.011905882580582509,0.011905882580582504,nan
164,2,0.011905882580582504,0.011905882580582493,nan
164,3,0.011905882580582498,0.011905882580582497,nan
164,4,0.011905882580582495,0.011905882580582493,0.003686517258088951
165,1,0.011628976131285084,0.01162897613128508,0.00196805864295811
165,2,0.01190588257997384,0.01190588257752046,nan
165,3,0.011905882577520465,0.011905882579973832,nan
165,4,0.01190588257997383,0.011905882579973829,nan
166,1,0.011628976130704407,0.011628976128363827,nan
166,2,0.0116289761307044,0.011628976128363814,0.004723043883394858
166,3,0.011905882576911808,0.011905882579365168,nan
166,4,0.011905882576911803,0.011905882579365165,nan
167,1,0.011628976127783157,0.011628976127783153,nan
167,2,0.01162897613012372,0.01162897612778314,nan
167,3,0.011628976127783146,0.011628976130123713,5.276098954257339e-05
167,4,0.011905882576303142,0.01190588257630314,nan
168,1,0.011628976127202482,0.011628976127202479,nan
168,2,0.011628976127202473,0.011628976127202465,nan
168,3,0.011628976127202472,0.011628976127202467,nan
168,4,0.011628976127202467,0.011628976127202465,0.0028083714812402925
169,1,0.011364657465930555,0.011364657465930551,0.0019898270631942207
169,2,0.011628976126648195,0.01162897612441402,nan
169,3,0.011628976124414027,0.011628976126648188,nan
169,4,0.011628976126648188,0.011628976126648186,nan
170,1,0.01136465746540119,0.011364657463267426,nan
170,2,0.011364657465401181,0.011364657463267414,0.004764768563327112
170,3,0.011628976123859753,0.011628976126093909,nan
170,4,0.011628976123859746,0.011628976126093907,nan
171,1,0.011364657462738067,0.011364657462738063,nan
171,2,0.011364657464871813,0.011364657462738051,nan
171,3,0.011364657462738056,0.011364657464871806,4.5556123762039634e-05
171,4,0.011628976123305471,0.01162897612330547,nan
172,1,0.011364657462208704,0.0113646574622087,nan
172,2,0.011364657462208695,0.011364657462208688,nan
172,3,0.011364657462208693,0.011364657462208688,nan
172,4,0.011364657462208688,0.011364657462208686,0.0028211285574982615
173,1,0.011112087329337989,0.011112087329337985,0.0018248424607068016
173,2,0.01136465746170286,0.011364657459663946,nan
173,3,0.011364657459663951,0.011364657461702853,nan
173,4,0.011364657461702853,0.011364657461702852,nan
174,1,0.01111208732885439,0.011112087326905098,nan
174,2,0.011112087328854381,0.011112087326905086,0.004312727053912223
174,3,0.011364657459158121,0.011364657461197018,nan
174,4,0.011364657459158115,0.011364657461197017,nan
175,1,0.011112087326421504,0.0111120873264215,nan
175,2,0.01111208732837078,0.011112087326421488,nan
175,3,0.011112087326421495,0.011112087328370775,2.953386029746927e-05
175,4,0.011364657458652283,0.01136465745865228,nan
176,1,0.011112087325937907,0.011112087325937903,nan
176,2,0.011112087325937898,0.011112087325937891,nan
176,3,0.011112087325937898,0.011112087325937893,nan
176,4,0.011112087325937893,0.01111208732593789,0.002517979801797828
177,1,0.010870499447217343,0.01087049944721734,0.0017448676810694664
177,2,0.011112087325475329,0.0111120873236108,nan
177,3,0.011112087323610806,0.011112087325475323,nan
177,4,0.011112087325475323,0.01111208732547532,nan
178,1,0.010870499446774672,0.010870499444990337,nan
178,2,0.010870499446774663,0.010870499444990326,0.004044616426925707
178,3,0.01111208732314824,0.011112087325012754,nan
178,4,0.011112087323148235,0.01111208732501275,nan
179,1,0.01087049944454767,0.010870499444547667,nan
179,2,0.01087049944633199,0.010870499444547656,nan
179,3,0.010870499444547661,0.010870499446331982,2.04592585912234e-05
179,4,0.011112087322685668,0.011112087322685664,nan
180,1,0.010870499444105,0.010870499444104996,nan
180,2,0.01087049944410499,0.010870499444104986,nan
180,3,0.010870499444104991,0.010870499444104982,nan
180,4,0.010870499444104984,0.01087049944410498,0.002320720575955315
181,1,0.01063919276560181,0.010639192765601808,0.0016206056643126535
181,2,0.010870499443681157,0.010870499441972764,nan
181,3,0.01087049944197277,0.01087049944368115,nan
181,4,0.010870499443681151,0.010870499443681148,nan
182,1,0.010639192765195824,0.010639192763559364,nan
182,2,0.010639192765195813,0.010639192763559352,0.003669993539621125
182,3,0.01087049944154894,0.010870499443257317,nan
182,4,0.010870499441548933,0.010870499443257315,nan
183,1,0.010639192763153381,0.01063919276315338,nan
183,2,0.010639192764789826,0.010639192763153367,nan
183,3,0.01063919276315337,0.010639192764789819,1.4487023564203727e-05
183,4,0.010870499441125102,0.010870499441125099,nan
184,1,0.010639192762747397,0.010639192762747395,nan
184,2,0.010639192762747385,0.010639192762747383,nan
184,3,0.010639192762747387,0.010639192762747378,nan
184,4,0.010639192762747381,0.010639192762747378,0.0020643129760045385
185,1,0.010417524656504019,0.010417524656504017,0.001549455992113041
185,2,0.010639192762358318,0.010639192760790055,nan
185,3,0.010639192760790058,0.01063919276235831,nan
185,4,0.010639192762358314,0.01063919276235831,nan
186,1,0.010417524656130996,0.010417524654627402,nan
186,2,0.010417524656130984,0.01041752465462739,0.003421525923500781
186,3,0.010639192760400994,0.010639192761969243,nan
186,4,0.010639192760400987,0.010639192761969243,nan
187,1,0.010417524654254382,0.01041752465425438,nan
187,2,0.010417524655757961,0.010417524654254369,nan
187,3,0.010417524654254374,0.010417524655757954,1.1779268042039775e-05
187,4,0.010639192760011922,0.010639192760011918,nan
188,1,0.010417524653881361,0.01041752465388136,nan
188,2,0.01041752465388135,0.010417524653881348,nan
188,3,0.010417524653881353,0.010417524653881342,nan
188,4,0.010417524653881348,0.010417524653881344,0.001884232893010749
189,1,0.010204904955599933,0.010204904955599932,0.001484645776779197
189,2,0.010417524653523556,0.010417524652081341,nan
189,3,0.010417524652081346,0.010417524653523549,nan
189,4,0.010417524653523554,0.01041752465352355,nan
190,1,0.010204904955256597,0.010204904953872652,nan
190,2,0.010204904955256585,0.010204904953872641,0.0031645176294558745
190,3,0.010417524651723555,0.010417524653165755,nan
190,4,0.01041752465172355,0.010417524653165757,nan
191,1,0.010204904953529319,0.010204904953529315,nan
191,2,0.010204904954913246,0.010204904953529305,nan
191,3,0.01020490495352931,0.010204904954913241,1.2108471786618297e-05
191,4,0.010417524651365756,0.010417524651365754,nan
192,1,0.010204904953185982,0.010204904953185979,nan
192,2,0.01020490495318597,0.010204904953185968,nan
192,3,0.010204904953185974,0.010204904953185965,nan
192,4,0.010204904953185968,0.010204904953185967,0.0016923149723696378
193,1,0.010000790715447303,0.0100007907154473,0.0014273333165669884
193,2,0.01020490495285637,0.010204904951527791,nan
193,3,0.010204904951527797,0.010204904952856364,nan
193,4,0.010204904952856367,0.010204904952856366,nan
194,1,0.010000790715130756,0.010000790713854792,nan
194,2,0.010000790715130745,0.010000790713854783,0.0029320146207998873
194,3,0.010204904951198197,0.010204904952526763,nan
194,4,0.010204904951198192,0.010204904952526765,nan
195,1,0.01000079071353825,0.010000790713538247,nan
195,2,0.010000790714814196,0.010000790713538238,nan
195,3,0.010000790713538241,0.010000790714814193,1.596819308955543e-05
195,4,0.010204904950868591,0.010204904950868591,nan
196,1,0.010000790713221705,0.010000790713221701,nan
196,2,0.01000079071322169,0.010000790713221692,nan
196,3,0.010000790713221696,0.010000790713221687,nan
196,4,0.01000079071322169,0.01000079071322169,0.0015209419237709977
197,1,0.009804681576020432,0.009804681576020428,0.0013767294596140265
197,2,0.010000790712917559,0.010000790711691646,nan
197,3,0.010000790711691649,0.010000790712917556,nan
197,4,0.010000790712917559,0.010000790712917559,nan
198,1,0.009804681575728112,0.009804681574549801,nan
198,2,0.0098046815757281,0.009804681574549794,0.0027175691490431905
198,3,0.010000790711387519,0.010000790712613424,nan
198,4,0.010000790711387514,0.010000790712613427,nan
199,1,0.009804681574257486,0.009804681574257483,nan
199,2,0.00980468157543578,0.009804681574257476,nan
199,3,0.009804681574257477,0.009804681575435775,2.300078144560893e-05
199,4,0.010000790711083384,0.010000790711083384,nan
200,1,0.009804681573965168,0.009804681573965164,nan
200,2,0.009804681573965154,0.009804681573965158,nan
200,3,0.00980468157396516,0.009804681573965149,nan
200,4,0.009804681573965154,0.009804681573965154,0.0013640969436838851
201,1,0.009616115669454675,0.009616115669454672,0.001333572302459086
201,2,0.009804681573684079,0.009804681572551101,nan
201,3,0.009804681572551103,0.009804681573684073,nan
201,4,0.009804681573684079,0.009804681573684079,nan
202,1,0.009616115669184308,0.009616115668094484,nan
202,2,0.009616115669184295,0.009616115668094477,0.0025072587224796343
202,3,0.009804681572270029,0.009804681573402998,nan
202,4,0.009804681572270024,0.009804681573403003,nan
203,1,0.00961611566782412,0.009616115667824119,nan
203,2,0.009616115668913927,0.009616115667824112,nan
203,3,0.009616115667824112,0.00961611566891392,3.462574624395603e-05
203,4,0.00980468157198895,0.00980468157198895,nan
204,1,0.009616115667553755,0.009616115667553753,nan
204,2,0.009616115667553743,0.009616115667553746,nan
204,3,0.009616115667553746,0.009616115667553736,nan
204,4,0.009616115667553743,0.009616115667553743,0.0012085475491184737
205,1,0.009434665988439379,0.009434665988439377,0.0012915905790303888
205,2,0.00961611566729358,0.009616115666244894,nan
205,3,0.009616115666244894,0.009616115667293573,nan
205,4,0.00961611566729358,0.00961611566729358,nan
206,1,0.009434665988188942,0.009434665987179455,nan
206,2,0.009434665988188932,0.00943466598717945,0.002350877967522024
206,3,0.009616115665984732,0.00961611566703341,nan
206,4,0.009616115665984729,0.009616115667033416,nan
207,1,0.009434665986929021,0.009434665986929018,nan
207,2,0.009434665987938493,0.009434665986929013,nan
207,3,0.009434665986929013,0.009434665987938488,4.3104877621167e-05
207,4,0.009616115665724567,0.009616115665724565,nan
208,1,0.009434665986678584,0.009434665986678581,nan
208,2,0.009434665986678572,0.009434665986678576,nan
208,3,0.009434665986678576,0.009434665986678567,nan
208,4,0.009434665986678574,0.009434665986678572,0.0011025995806957
209,1,0.009259937158152305,0.009259937158152301,0.0012548245395192438
209,2,0.009434665986437413,0.009434665985465324,nan
209,3,0.009434665985465324,0.009434665986437408,nan
209,4,0.009434665986437414,0.009434665986437413,nan
210,1,0.009259937157919996,0.009259937156983573,nan
210,2,0.009259937157919982,0.009259937156983566,0.0021970796156879253
210,3,0.009434665985224166,0.009434665986196248,nan
210,4,0.009434665985224163,0.009434665986196253,nan
211,1,0.009259937156751268,0.009259937156751264,nan
211,2,0.009259937157687671,0.009259937156751257,nan
211,3,0.009259937156751259,0.009259937157687668,5.433982548023824e-05
211,4,0.009434665984983003,0.009434665984983003,nan
212,1,0.009259937156518959,0.009259937156518955,nan
212,2,0.009259937156518945,0.009259937156518948,nan
212,3,0.00925993715651895,0.009259937156518941,nan
212,4,0.009259937156518945,0.009259937156518945,0.0009967865177930714
213,1,0.009091562560371972,0.009091562560371969,0.001228703998233785
213,2,0.009259937156295084,0.009259937155392724,nan
213,3,0.009259937155392726,0.00925993715629508,nan
213,4,0.009259937156295084,0.009259937156295084,nan
214,1,0.009091562560156178,0.009091562559286328,nan
214,2,0.009091562560156165,0.009091562559286323,0.0020238018448897315
214,3,0.009259937155168867,0.00925993715607122,nan
214,4,0.009259937155168861,0.009259937156071223,nan
215,1,0.009091562559070539,0.009091562559070536,nan
215,2,0.009091562559940371,0.00909156255907053,nan
215,3,0.009091562559070532,0.009091562559940368,7.476608560591294e-05
215,4,0.009259937154945,0.009259937154945,nan
216,1,0.009091562558854746,0.009091562558854743,nan
216,2,0.009091562558854733,0.009091562558854738,nan
216,3,0.00909156255885474,0.009091562558854729,nan
216,4,0.009091562558854733,0.009091562558854733,0.0008700324350174099
217,1,0.008929201765742618,0.008929201765742615,0.0012049695214287864
217,2,0.009091562558646647,0.009091562557807877,nan
217,3,0.009091562557807879,0.009091562558646644,nan
217,4,0.009091562558646647,0.009091562558646647,nan
218,1,0.008929201765541898,0.00892920176473281,nan
218,2,0.008929201765541886,0.008929201764732808,0.0018763884741907107
218,3,0.009091562557599795,0.009091562558438558,nan
218,4,0.009091562557599787,0.009091562558438562,nan
219,1,0.008929201764532095,0.008929201764532092,nan
219,2,0.008929201765341167,0.00892920176453209,nan
219,3,0.008929201764532092,0.008929201765341165,9.467835871830092e-05
219,4,0.009091562557391701,0.009091562557391703,nan
220,1,0.008929201764331377,0.008929201764331374,nan
220,2,0.008929201764331365,0.008929201764331372,nan
220,3,0.008929201764331374,0.008929201764331363,nan
220,4,0.008929201764331363,0.008929201764331365,0.0007662373147942456
221,1,0.008772538236345823,0.00877253823634582,0.001185942867890717
221,2,0.00892920176413769,0.008929201763357006,nan
221,3,0.008929201763357007,0.008929201764137688,nan
221,4,0.008929201764137688,0.00892920176413769,nan
222,1,0.008772538236158884,0.008772538235405344,nan
222,2,0.008772538236158875,0.008772538235405344,0.0017396375340731534
222,3,0.008929201763163332,0.008929201763944013,nan
222,4,0.008929201763163322,0.008929201763944015,nan
223,1,0.008772538235218409,0.008772538235218405,nan
223,2,0.008772538235971936,0.008772538235218405,nan
223,3,0.008772538235218409,0.008772538235971935,0.00011707337987499345
223,4,0.008929201762969647,0.008929201762969649,nan
224,1,0.00877253823503147,0.008772538235031466,nan
224,2,0.008772538235031461,0.008772538235031466,nan
224,3,0.00877253823503147,0.00877253823503146,nan
224,4,0.00877253823503146,0.008772538235031461,0.0006708936680029897
225,1,0.008621277265953334,0.00862127726595333,0.0011647703468415861
225,2,0.00877253823485097,0.008772538234123425,nan
225,3,0.008772538234123429,0.008772538234850968,nan
225,4,0.008772538234850968,0.00877253823485097,nan
226,1,0.008621277265779013,0.008621277265076333,nan
226,2,0.008621277265779007,0.008621277265076334,0.001629034276164222
226,3,0.008772538233942938,0.008772538234670477,nan
226,4,0.008772538233942927,0.008772538234670479,nan
227,1,0.008621277264902017,0.008621277264902014,nan
227,2,0.008621277265604686,0.008621277264902015,nan
227,3,0.008621277264902017,0.008621277265604684,0.00013456448704206444
227,4,0.008772538233762436,0.00877253823376244,nan
228,1,0.008621277264727698,0.008621277264727695,nan
228,2,0.008621277264727691,0.008621277264727696,nan
228,3,0.008621277264727698,0.00862127726472769,nan
228,4,0.00862127726472769,0.008621277264727693,0.0005989439854704379
229,1,0.008475144129759776,0.008475144129759775,0.0011563206559434033
229,2,0.00862127726455928,0.008621277263880432,nan
229,3,0.008621277263880433,0.008621277264559279,nan
229,4,0.008621277264559279,0.008621277264559283,nan
230,1,0.008475144129597026,0.00847514412894099,nan
230,2,0.00847514412959702,0.00847514412894099,0.001505539731949894
230,3,0.008621277263712025,0.008621277264390869,nan
230,4,0.008621277263712016,0.008621277264390872,nan
231,1,0.008475144128778242,0.008475144128778242,nan
231,2,0.00847514412943427,0.008475144128778242,nan
231,3,0.008475144128778244,0.00847514412943427,0.00016376769957939367
231,4,0.008621277263543605,0.008621277263543609,nan
232,1,0.008475144128615494,0.008475144128615494,nan
232,2,0.008475144128615485,0.008475144128615494,nan
232,3,0.008475144128615495,0.008475144128615485,nan
232,4,0.008475144128615485,0.008475144128615488,0.0005130934619281202
233,1,0.008333882419154268,0.008333882419154268,0.0011336603793127553
233,2,0.008475144128458161,0.008475144127824005,nan
233,3,0.008475144127824007,0.008475144128458161,nan
233,4,0.008475144128458161,0.008475144128458165,nan
234,1,0.008333882419002146,0.008333882418388946,nan
234,2,0.008333882419002138,0.008333882418388946,0.001425450922339816
234,3,0.008475144127666685,0.008475144128300837,nan
234,4,0.008475144127666675,0.00847514412830084,nan
235,1,0.008333882418236824,0.008333882418236824,nan
235,2,0.008333882418850016,0.008333882418236824,nan
235,3,0.008333882418236824,0.008333882418850014,0.00017536054154195874
235,4,0.00847514412750935,0.008475144127509354,nan
236,1,0.008333882418084703,0.008333882418084703,nan
236,2,0.008333882418084694,0.008333882418084703,nan
236,3,0.008333882418084703,0.008333882418084693,nan
236,4,0.008333882418084693,0.008333882418084696,0.00046725313026016674
237,1,0.00819725254029565,0.00819725254029565,0.0011328519828882901
237,2,0.00833388241793756,0.008333882417344476,nan
237,3,0.008333882417344476,0.008333882417937559,nan
237,4,0.008333882417937559,0.008333882417937562,nan
238,1,0.008197252540153301,0.008197252539579496,nan
238,2,0.008197252540153292,0.008197252539579496,0.0013176717214160025
238,3,0.008333882417197342,0.008333882417790425,nan
238,4,0.008333882417197331,0.008333882417790428,nan
239,1,0.008197252539437146,0.008197252539437148,nan
239,2,0.008197252540010943,0.008197252539437148,nan
239,3,0.008197252539437146,0.00819725254001094,0.0002087367496649486
239,4,0.008333882417050197,0.008333882417050202,nan
240,1,0.008197252539294798,0.0081972525392948,nan
240,2,0.00819725253929479,0.0081972525392948,nan
240,3,0.008197252539294798,0.008197252539294788,nan
240,4,0.008197252539294788,0.008197252539294791,0.0003936517428978897
241,1,0.008065030357996127,0.008065030357996128,0.0011236141565406832
241,2,0.008197252539157034,0.00819725253860175,nan
241,3,0.008197252538601749,0.008197252539157032,nan
241,4,0.008197252539157032,0.008197252539157035,nan
242,1,0.008065030357862778,0.008065030357325257,nan
242,2,0.00806503035786277,0.008065030357325255,0.0012360256213044772
242,3,0.008197252538463993,0.008197252539019276,nan
242,4,0.008197252538463982,0.00819725253901928,nan
243,1,0.008065030357191907,0.008065030357191909,nan
243,2,0.008065030357729422,0.008065030357191907,nan
243,3,0.008065030357191905,0.00806503035772942,0.00023118230456186745
243,4,0.008197252538326226,0.008197252538326231,nan
244,1,0.008065030357058559,0.00806503035705856,nan
244,2,0.00806503035705855,0.008065030357058559,nan
244,3,0.008065030357058557,0.008065030357058548,nan
244,4,0.008065030357058548,0.008065030357058554,0.00034368603106107895
245,1,0.00793700596876698,0.007937005968766982,0.0011184745130752008
245,2,0.008065030356929436,0.008065030356408986,nan
245,3,0.008065030356408985,0.008065030356929435,nan
245,4,0.008065030356929435,0.00806503035692944,nan
246,1,0.007937005968641934,0.007937005968137869,nan
246,2,0.007937005968641926,0.007937005968137869,0.001158181213836254
246,3,0.008065030356279871,0.008065030356800321,nan
246,4,0.008065030356279864,0.008065030356800326,nan
247,1,0.007937005968012821,0.007937005968012823,nan
247,2,0.007937005968516878,0.007937005968012823,nan
247,3,0.007937005968012818,0.007937005968516877,0.000256364435182415
247,4,0.00806503035615075,0.008065030356150756,nan
248,1,0.007937005967887776,0.007937005967887777,nan
248,2,0.007937005967887767,0.007937005967887777,nan
248,3,0.007937005967887772,0.007937005967887765,nan
248,4,0.007937005967887765,0.00793700596788777,0.0002961556566676689
249,1,0.007812982588898357,0.007812982588898358,0.0011063493932436566
249,2,0.007937005967766628,0.007937005967278327,nan
249,3,0.007937005967278322,0.007937005967766626,nan
249,4,0.007937005967766626,0.007937005967766631,nan
250,1,0.007812982588780975,0.007812982588307807,nan
250,2,0.007812982588780966,0.007812982588307808,0.001096292073843656
250,3,0.007937005967157183,0.007937005967645487,nan
250,4,0.007937005967157176,0.007937005967645492,nan
251,1,0.007812982588190423,0.007812982588190425,nan
251,2,0.007812982588663584,0.007812982588190426,nan
251,3,0.00781298258819042,0.007812982588663583,0.0002725840594393578
251,4,0.007937005967036037,0.007937005967036042,nan
252,1,0.007812982588073041,0.007812982588073043,nan
252,2,0.007812982588073033,0.007812982588073045,nan
252,3,0.007812982588073038,0.00781298258807303,nan
252,4,0.007812982588073029,0.007812982588073034,0.0002626162594073389
253,1,0.007692775545184074,0.007692775545184076,0.0011183338531800516
253,2,0.007812982587959262,0.007812982587500666,nan
253,3,0.007812982587500659,0.00781298258795926,nan
253,4,0.007812982587959259,0.007812982587959264,nan
254,1,0.007692775545073778,0.007692775544629174,nan
254,2,0.00769277554507377,0.007692775544629176,0.001017005771527897
254,3,0.007812982587386889,0.00781298258784549,nan
254,4,0.00781298258738688,0.007812982587845494,nan
255,1,0.007692775544518876,0.007692775544518878,nan
255,2,0.0076927755449634734,0.007692775544518879,nan
255,3,0.0076927755445188725,0.007692775544963472,0.0003129606043897823
255,4,0.00781298258727311,0.007812982587273115,nan
256,1,0.00769277554440858,0.007692775544408581,nan
256,2,0.007692775544408572,0.007692775544408583,nan
256,3,0.007692775544408576,0.00769277554440857,nan
256,4,0.007692775544408568,0.0076927755444085736,0.00021170824788788986
257,1,0.007576211357404234,0.007576211357404236,0.0010928970747245547
257,2,0.007692775544301618,0.007692775543870499,nan
257,3,0.007692775543870492,0.007692775544301617,nan
257,4,0.007692775544301615,0.00769277554430162,nan
258,1,0.007576211357300498,0.007576211356882335,nan
258,2,0.00757621135730049,0.0075762113568823355,0.0009862079387731569
258,3,0.007692775543763538,0.007692775544194663,nan
258,4,0.0076927755437635305,0.0076927755441946665,nan
259,1,0.0075762113567785965,0.007576211356778598,nan
259,2,0.007576211357196753,0.007576211356778599,nan
259,3,0.007576211356778592,0.007576211357196751,0.00034380558514739867
259,4,0.007692775543656577,0.007692775543656582,nan
260,1,0.00757621135667486,0.007576211356674862,nan
260,2,0.007576211356674852,0.007576211356674863,nan
260,3,0.007576211356674856,0.00757621135667485,nan
260,4,0.007576211356674848,0.007576211356674853,0.00023720591211823
261,1,0.007463126902978427,0.007463126902978429,0.0010089001434412646
261,2,0.007576211356574212,0.007576211356168542,nan
261,3,0.007576211356168535,0.00757621135657421,nan
261,4,0.007576211356574208,0.007576211356574213,nan
262,1,0.007463126902880769,0.00746312690248711,nan
262,2,0.007463126902880761,0.007463126902487111,0.001034517549949266
262,3,0.007576211356067896,0.00757621135647357,nan
262,4,0.007576211356067888,0.007576211356473573,nan
263,1,0.007463126902389451,0.007463126902389453,nan
263,2,0.007463126902783103,0.007463126902389454,nan
263,3,0.007463126902389447,0.0074631269027831005,0.0003763025811758882
263,4,0.007576211355967249,0.007576211355967253,nan
264,1,0.007463126902291794,0.007463126902291796,nan
264,2,0.007463126902291785,0.0074631269022917964,nan
264,3,0.0074631269022917895,0.007463126902291783,nan
264,4,0.007463126902291783,0.007463126902291787,0.0004020377118716333
265,1,0.0073533686553302795,0.007353368655330281,0.0009241450288067585
265,2,0.007463126902197,0.0074631269018149305,nan
265,3,0.007463126901814924,0.007463126902196997,nan
265,4,0.007463126902196997,0.007463126902197002,nan
266,1,0.007353368655238263,0.007353368654867339,nan
266,2,0.007353368655238252,0.007353368654867339,0.0011217273367450176
266,3,0.007463126901720139,0.007463126902102212,nan
266,4,0.007463126901720131,0.007463126902102216,nan
267,1,0.007353368654775321,0.007353368654775322,nan
267,2,0.007353368655146235,0.007353368654775322,nan
267,3,0.0073533686547753154,0.007353368655146232,0.0004605257998637546
267,4,0.007463126901625347,0.007463126901625351,nan
268,1,0.007353368654683304,0.007353368654683306,nan
268,2,0.007353368654683293,0.007353368654683306,nan
268,3,0.007353368654683299,0.00735336865468329,nan
268,4,0.007353368654683291,0.007353368654683295,0.00065828761922343
269,1,0.007246791988484984,0.007246791988484985,0.0007399746556051088
269,2,0.007353368654593943,0.007353368654233783,nan
269,3,0.007353368654233776,0.007353368654593941,nan
269,4,0.0073533686545939414,0.007353368654593946,nan
270,1,0.007246791988398205,0.007246791988048398,nan
270,2,0.007246791988398195,0.007246791988048399,0.0015566040434202232
270,3,0.007353368654144427,0.007353368654504591,nan
270,4,0.007353368654144419,0.007353368654504596,nan
271,1,0.007246791987961619,0.0072467919879616195,nan
271,2,0.007246791988311416,0.00724679198796162,nan
271,3,0.007246791987961613,0.007246791988311413,0.0007725327354088093
271,4,0.0073533686540550695,0.007353368654055074,nan
272,1,0.00724679198787484,0.007246791987874841,nan
272,2,0.0072467919878748295,0.007246791987874842,nan
272,3,0.007246791987874835,0.007246791987874827,nan
272,4,0.007246791987874828,0.007246791987874832,0.0015895377702902838
273,1,0.007143260541276106,0.007143260541276107,0.0006747364487100895
273,2,0.007246791987790531,0.00724679198745073,nan
273,3,0.0072467919874507234,0.007246791987790528,nan
273,4,0.007246791987790529,0.007246791987790533,nan
274,1,0.007143260541194198,0.007143260540864027,nan
274,2,0.0071432605411941895,0.007143260540864029,0.001701335955070876
274,3,0.0072467919873664246,0.007246791987706229,nan
274,4,0.0072467919873664185,0.007246791987706234,nan
275,1,0.007143260540782119,0.00714326054078212,nan
275,2,0.007143260541112282,0.007143260540782122,nan
275,3,0.007143260540782115,0.007143260541112279,0.0009681117068191892
275,4,0.00724679198728212,0.007246791987282124,nan
276,1,0.007143260540700211,0.007143260540700212,nan
276,2,0.007143260540700203,0.007143260540700214,nan
276,3,0.007143260540700207,0.0071432605407002,nan
276,4,0.007143260540700201,0.007143260540700205,0.0019951502772660953
277,1,0.007042645635284415,0.0070426456352844155,0.0005735178145031974
277,2,0.007143260540620603,0.0071432605402997435,nan
277,3,0.007143260540299737,0.007143260540620601,nan
277,4,0.0071432605406206015,0.007143260540620606,nan
278,1,0.007042645635207042,0.007042645634895147,nan
278,2,0.007042645635207033,0.007042645634895149,0.002067248872205129
278,3,0.007143260540220137,0.007143260540541001,nan
278,4,0.007143260540220132,0.007143260540541006,nan
279,1,0.007042645634817773,0.007042645634817775,nan
279,2,0.00704264563512966,0.007042645634817777,nan
279,3,0.007042645634817769,0.007042645635129657,0.001381318101585381
279,4,0.007143260540140532,0.007143260540140537,nan
280,1,0.007042645634740401,0.007042645634740403,nan
280,2,0.0070426456347403915,0.0070426456347404045,nan
280,3,0.007042645634740397,0.007042645634740389,nan
280,4,0.007042645634740391,0.007042645634740395,0.0028756521042723783
281,1,0.006944825741284447,0.006944825741284449,0.000604625258597474
281,2,0.007042645634665168,0.00704264563436195,nan
281,3,0.0070426456343619425,0.007042645634665165,nan
281,4,0.007042645634665167,0.007042645634665171,nan
282,1,0.006944825741211299,0.006944825740916435,nan
282,2,0.006944825741211289,0.006944825740916437,0.001949701134648714
282,3,0.007042645634286719,0.0070426456345899415,nan
282,4,0.007042645634286714,0.007042645634589948,nan
283,1,0.006944825740843286,0.006944825740843287,nan
283,2,0.006944825741138141,0.006944825740843289,nan
283,3,0.006944825740843281,0.006944825741138139,0.0013361037297476503
283,4,0.00704264563421149,0.007042645634211494,nan
284,1,0.006944825740770138,0.006944825740770139,nan
284,2,0.006944825740770128,0.0069448257407701405,nan
284,3,0.006944825740770133,0.006944825740770126,nan
284,4,0.006944825740770127,0.006944825740770131,0.002681706155412696
285,1,0.006849685989547174,0.0068496859895471746,0.0006010871701255068
285,2,0.006944825740698985,0.006944825740412211,nan
285,3,0.006944825740412203,0.006944825740698982,nan
285,4,0.006944825740698983,0.006944825740698987,nan
286,1,0.006849685989477965,0.006849685989198984,nan
286,2,0.0068496859894779565,0.006849685989198985,0.0019818306736862448
286,3,0.006944825740341059,0.0069448257406278385,nan
286,4,0.006944825740341053,0.006944825740627844,nan
287,1,0.006849685989129775,0.006849685989129777,nan
287,2,0.006849685989408748,0.0068496859891297775,nan
287,3,0.00684968598912977,0.006849685989408745,0.0014239447590173701
287,4,0.0069448257402699096,0.006944825740269914,nan
288,1,0.006849685989060567,0.006849685989060569,nan
288,2,0.006849685989060559,0.00684968598906057,nan
288,3,0.006849685989060562,0.006849685989060556,nan
288,4,0.006849685989060557,0.006849685989060561,0.002805191432792741
289,1,0.006757117719849965,0.006757117719849967,0.00046168146677293825
289,2,0.006849685988993221,0.006849685988721791,nan
289,3,0.006849685988721784,0.006849685988993218,nan
289,4,0.006849685988993219,0.006849685988993224,nan
290,1,0.006757117719784435,0.006757117719520283,nan
290,2,0.006757117719784427,0.0067571177195202845,0.0025828340501939913
290,3,0.006849685988654447,0.006849685988925881,nan
290,4,0.006849685988654441,0.006849685988925886,nan
291,1,0.006757117719454751,0.006757117719454753,nan
291,2,0.006757117719718897,0.0067571177194547544,nan
291,3,0.0067571177194547475,0.006757117719718895,0.002183756747078041
291,4,0.006849685988587103,0.0068496859885871075,nan
292,1,0.006757117719389221,0.006757117719389223,nan
292,2,0.006757117719389214,0.006757117719389224,nan
292,3,0.0067571177193892175,0.006757117719389211,nan
292,4,0.006757117719389212,0.006757117719389217,0.00430566303578665
293,1,0.006667018067487675,0.006667018067487677,0.00030513207080936765
293,2,0.006757117719325432,0.0067571177190683335,nan
293,3,0.006757117719068327,0.006757117719325429,nan
293,4,0.00675711771932543,0.006757117719325434,nan
294,1,0.006667018067425584,0.006667018067175286,nan
294,2,0.006667018067425576,0.006667018067175289,0.0037490371584341354
294,3,0.006757117719004545,0.006757117719261647,nan
294,4,0.006757117719004539,0.006757117719261652,nan
295,1,0.006667018067113193,0.006667018067113195,nan
295,2,0.006667018067363484,0.006667018067113197,nan
295,3,0.00666701806711319,0.006667018067363481,0.003745929838975844
295,4,0.006757117718940758,0.006757117718940761,nan
296,1,0.006667018067051101,0.006667018067051103,nan
296,2,0.006667018067051093,0.006667018067051105,nan
296,3,0.006667018067051098,0.006667018067051091,nan
296,4,0.006667018067051092,0.006667018067051096,0.00719107397703683
297,1,0.006579289581968749,0.00657928958196875,0.0002484492378519007
297,2,0.0066670180669906355,0.006667018066746936,nan
297,3,0.006667018066746929,0.006667018066990633,nan
297,4,0.006667018066990635,0.006667018066990638,nan
298,1,0.006579289581909871,0.006579289581672533,nan
298,2,0.006579289581909864,0.006579289581672536,0.004588540101661082
298,3,0.006667018066686472,0.006667018066930175,nan
298,4,0.006667018066686466,0.00666701806693018,nan
299,1,0.006579289581613654,0.006579289581613656,nan
299,2,0.006579289581850987,0.006579289581613659,nan
299,3,0.0065792895816136525,0.006579289581850984,0.004902793434269792
299,4,0.006667018066626008,0.006667018066626011,nan
300,1,0.006579289581554777,0.006579289581554779,nan
300,2,0.00657928958155477,0.006579289581554781,nan
300,3,0.006579289581554775,0.006579289581554767,nan
300,4,0.006579289581554769,0.0065792895815547725,0.009244439482861869
301,1,0.0064938398754248415,0.006493839875424843,0.0003148623649808072
301,2,0.006579289581497422,0.006579289581266259,nan
301,3,0.006579289581266253,0.006579289581497419,nan
301,4,0.006579289581497421,0.006579289581497424,nan
302,1,0.006493839875368974,0.006493839875143768,nan
302,2,0.006493839875368967,0.0064938398751437695,0.0041168148140722964
302,3,0.006579289581208906,0.006579289581440071,nan
302,4,0.006579289581208899,0.006579289581440076,nan
303,1,0.006493839875087898,0.0064938398750879,nan
303,2,0.006493839875313099,0.006493839875087902,nan
303,3,0.006493839875087897,0.006493839875313096,0.004126618618256502
303,4,0.006579289581151551,0.006579289581151554,nan
304,1,0.006493839875032031,0.0064938398750320325,nan
304,2,0.006493839875032024,0.006493839875032034,nan
304,3,0.006493839875032029,0.00649383987503202,nan
304,4,0.006493839875032021,0.006493839875032025,0.007929766405817348
305,1,0.006410581298067249,0.006410581298067251,0.0003493853958509671
305,2,0.006493839874977588,0.006493839874758166,nan
305,3,0.00649383987475816,0.006493839874977585,nan
305,4,0.0064938398749775856,0.006493839874977589,nan
306,1,0.0064105812980142,0.00641058129780036,nan
306,2,0.006410581298014194,0.006410581297800362,0.004095574818379932
306,3,0.006493839874703726,0.006493839874923149,nan
306,4,0.006493839874703718,0.006493839874923153,nan
307,1,0.00641058129774731,0.0064105812977473114,nan
307,2,0.006410581297961146,0.006410581297747313,nan
307,3,0.006410581297747309,0.006410581297961142,0.003911637336864241
307,4,0.006493839874649283,0.006493839874649286,nan
308,1,0.006410581297694261,0.006410581297694263,nan
308,2,0.006410581297694255,0.0064105812976942645,nan
308,3,0.00641058129769426,0.0064105812976942515,nan
308,4,0.006410581297694254,0.006410581297694257,0.007658869179583461
309,1,0.0063294306382934195,0.006329430638293421,0.00039409625437248605
309,2,0.00641058129764255,0.006410581297434131,nan
309,3,0.006410581297434127,0.006410581297642546,nan
309,4,0.006410581297642549,0.0064105812976425515,nan
310,1,0.0063294306382430145,0.006329430638039832,nan
310,2,0.006329430638243009,0.006329430638039834,0.0037500390415962682
310,3,0.006410581297382422,0.006410581297590841,nan
310,4,0.006410581297382416,0.006410581297590846,nan
311,1,0.006329430637989426,0.006329430637989427,nan
311,2,0.006329430638192604,0.006329430637989429,nan
311,3,0.006329430637989426,0.006329430638192602,0.0032978892075138603
311,4,0.006410581297330711,0.006410581297330713,nan
312,1,0.006329430637939021,0.006329430637939022,nan
312,2,0.0063294306379390155,0.006329430637939024,nan
312,3,0.006329430637939021,0.006329430637939013,nan
312,4,0.0063294306379390155,0.006329430637939018,0.0066546103863741775
313,1,0.006250308845286617,0.006250308845286619,0.0003911695213743256
313,2,0.006329430637889872,0.006329430637691776,nan
313,3,0.006329430637691772,0.006329430637889869,nan
313,4,0.006329430637889872,0.006329430637889874,nan
314,1,0.0062503088452386946,0.006250308845045513,nan
314,2,0.006250308845238689,0.006250308845045516,0.003934473615088862
314,3,0.006329430637642628,0.006329430637840725,nan
314,4,0.006329430637642623,0.00632943063784073,nan
315,1,0.006250308844997589,0.0062503088449975906,nan
315,2,0.006250308845190767,0.006250308844997593,nan
315,3,0.006250308844997589,0.006250308845190764,0.0034480377027665786
315,4,0.006329430637593479,0.006329430637593482,nan
316,1,0.006250308844949666,0.006250308844949668,nan
316,2,0.006250308844949661,0.0062503088449496706,nan
316,3,0.006250308844949666,0.006250308844949658,nan
316,4,0.006250308844949661,0.006250308844949664,0.006992089394165752
317,1,0.006173140772164745,0.006173140772164747,0.0004347942289572515
317,2,0.0062503088449029215,0.006250308844714518,nan
317,3,0.006250308844714514,0.006250308844902919,nan
317,4,0.0062503088449029215,0.006250308844902924,nan
318,1,0.006173140772119153,0.006173140771935366,nan
318,2,0.006173140772119148,0.006173140771935369,0.00372015212925725
318,3,0.0062503088446677745,0.006250308844856179,nan
318,4,0.00625030884466777,0.006250308844856185,nan
319,1,0.006173140771889772,0.006173140771889774,nan
319,2,0.006173140772073556,0.006173140771889777,nan
319,3,0.006173140771889771,0.006173140772073553,0.0028412985173293546
319,4,0.006250308844621031,0.006250308844621033,nan
320,1,0.00617314077184418,0.006173140771844182,nan
320,2,0.006173140771844175,0.006173140771844185,nan
320,3,0.006173140771844179,0.0061731407718441725,nan
320,4,0.006173140771844175,0.006173140771844178,0.006127199467962194
321,1,0.006097854937924064,0.0060978549379240654,0.00046004116822635245
321,2,0.006173140771799695,0.006173140771620398,nan
321,3,0.006173140771620393,0.0061731407717996924,nan
321,4,0.006173140771799695,0.006173140771799698,nan
322,1,0.006097854937880662,0.0060978549377057045,nan
322,2,0.0060978549378806575,0.006097854937705707,0.0036934807121123143
322,3,0.006173140771575913,0.006173140771755212,nan
322,4,0.00617314077157591,0.006173140771755218,nan
323,1,0.006097854937662301,0.006097854937662303,nan
323,2,0.0060978549378372555,0.006097854937662305,nan
323,3,0.006097854937662301,0.006097854937837253,0.002516327978240348
323,4,0.00617314077153143,0.006173140771531432,nan
324,1,0.006097854937618899,0.006097854937618901,nan
324,2,0.0060978549376188955,0.006097854937618903,nan
324,3,0.006097854937618899,0.006097854937618893,nan
324,4,0.0060978549376188955,0.006097854937618898,0.005750139605120634
325,1,0.006024383306592627,0.006024383306592628,0.0004952173156432744
325,2,0.00609785493757654,0.006097854937405805,nan
325,3,0.0060978549374058,0.006097854937576537,nan
325,4,0.00609785493757654,0.006097854937576542,nan
326,1,0.006024383306551285,0.006024383306384634,nan
326,2,0.006024383306551281,0.006024383306384636,0.0035728793514766474
326,3,0.0060978549373634445,0.006097854937534181,nan
326,4,0.006097854937363441,0.006097854937534186,nan
327,1,0.0060243833063432905,0.006024383306343292,nan
327,2,0.006024383306509939,0.006024383306343294,nan
327,3,0.0060243833063432905,0.0060243833065099376,0.0020691932519649793
327,4,0.006097854937321085,0.006097854937321088,nan
328,1,0.0060243833063019486,0.00602438330630195,nan
328,2,0.006024383306301945,0.006024383306301952,nan
328,3,0.0060243833063019486,0.006024383306301943,nan
328,4,0.006024383306301946,0.0060243833063019486,0.005147086206455628
329,1,0.005952661082159208,0.00595266108215921,0.0005026426982882193
329,2,0.006024383306261588,0.0060243833060989104,nan
329,3,0.006024383306098907,0.006024383306261586,nan
329,4,0.0060243833062615885,0.006024383306261591,nan
330,1,0.005952661082119806,0.005952661081960973,nan
330,2,0.005952661082119802,0.005952661081960975,0.003464129451911757
330,3,0.00602438330605855,0.006024383306221228,nan
330,4,0.006024383306058547,0.006024383306221234,nan
331,1,0.00595266108192157,0.005952661081921572,nan
331,2,0.0059526610820803995,0.005952661081921573,nan
331,3,0.005952661081921571,0.005952661082080398,0.0018356498599121178
331,4,0.006024383306018189,0.006024383306018192,nan
332,1,0.005952661081882168,0.00595266108188217,nan
332,2,0.005952661081882164,0.005952661081882172,nan
332,3,0.005952661081882169,0.005952661081882162,nan
332,4,0.005952661081882165,0.005952661081882167,0.004797262078557013
333,1,0.005882626517978511,0.005882626517978513,0.0005462309912392254
333,2,0.0059526610818436895,0.005952661081688601,nan
333,3,0.005952661081688598,0.005952661081843688,nan
333,4,0.00595266108184369,0.005952661081843693,nan
334,1,0.005882626517940936,0.0058826265177894695,nan
334,2,0.0058826265179409325,0.005882626517789471,0.003521319753684339
334,3,0.005952661081650124,0.005952661081805213,nan
334,4,0.0059526610816501195,0.0059526610818052186,nan
335,1,0.005882626517751894,0.0058826265177518945,nan
335,2,0.0058826265179033575,0.005882626517751896,nan
335,3,0.0058826265177518945,0.005882626517903357,0.0016291525688183638
335,4,0.005952661081611645,0.005952661081611648,nan
336,1,0.005882626517714319,0.0058826265177143195,nan
336,2,0.005882626517714315,0.005882626517714321,nan
336,3,0.0058826265177143195,0.005882626517714314,nan
336,4,0.005882626517714316,0.005882626517714319,0.0046042714684280004
337,1,0.005814220739474295,0.005814220739474296,0.0005929177524405263
337,2,0.0058826265176776145,0.0058826265175296755,nan
337,3,0.005882626517529674,0.005882626517677614,nan
337,4,0.005882626517677615,0.005882626517677618,nan
338,1,0.005814220739438443,0.00581422073929392,nan
338,2,0.0058142207394384395,0.005814220739293921,0.003644223399726149
338,3,0.005882626517492973,0.005882626517640913,nan
338,4,0.00588262651749297,0.005882626517640917,nan
339,1,0.005814220739258066,0.005814220739258067,nan
339,2,0.005814220739402587,0.005814220739258069,nan
339,3,0.005814220739258067,0.005814220739402587,0.0015324207073904128
339,4,0.005882626517456269,0.005882626517456272,nan
340,1,0.005814220739222214,0.005814220739222215,nan
340,2,0.0058142207392222105,0.005814220739222217,nan
340,3,0.005814220739222215,0.0058142207392222105,nan
340,4,0.005814220739222212,0.005814220739222215,0.004583711430144264
341,1,0.005747387579070432,0.005747387579070433,0.0006197295509419223
341,2,0.005814220739187183,0.005814220739045987,nan
341,3,0.005814220739045985,0.005814220739187183,nan
341,4,0.005814220739187185,0.005814220739187187,nan
342,1,0.005747387579036205,0.005747387578898231,nan
342,2,0.0057473875790362014,0.005747387578898233,0.003565503327916235
342,3,0.005814220739010958,0.005814220739152155,nan
342,4,0.005814220739010955,0.00581422073915216,nan
343,1,0.005747387578864003,0.005747387578864004,nan
343,2,0.0057473875790019745,0.005747387578864006,nan
343,3,0.005747387578864004,0.0057473875790019745,0.0012950120495979738
343,4,0.0058142207389759275,0.00581422073897593,nan
344,1,0.005747387578829776,0.005747387578829777,nan
344,2,0.005747387578829773,0.005747387578829779,nan
344,3,0.005747387578829777,0.005747387578829773,nan
344,4,0.0057473875788297745,0.005747387578829777,0.0042406731245577
345,1,0.005682073422377171,0.005682073422377171,0.0006297269746829695
345,2,0.005747387578796324,0.005747387578661492,nan
345,3,0.00574738757866149,0.005747387578796324,nan
345,4,0.005747387578796326,0.005747387578796328,nan
346,1,0.005682073422344478,0.005682073422212687,nan
346,2,0.005682073422344474,0.005682073422212689,0.0034828049253643567
346,3,0.005747387578628041,0.005747387578762875,nan
346,4,0.005747387578628038,0.005747387578762879,nan
347,1,0.005682073422179994,0.005682073422179994,nan
347,2,0.005682073422311781,0.005682073422179996,nan
347,3,0.005682073422179993,0.00568207342231178,0.0011335182109948924
347,4,0.005747387578594589,0.005747387578594592,nan
348,1,0.005682073422147302,0.005682073422147302,nan
348,2,0.005682073422147297,0.005682073422147303,nan
348,3,0.005682073422147301,0.0056820734221472964,nan
348,4,0.005682073422147298,0.005682073422147301,0.003986427555733393
349,1,0.0056182270647473255,0.0056182270647473255,0.0006890623409531439
349,2,0.0056820734221153385,0.005682073421986515,nan
349,3,0.005682073421986513,0.005682073422115338,nan
349,4,0.005682073422115339,0.005682073422115342,nan
350,1,0.005618227064716081,0.005618227064590131,nan
350,2,0.005618227064716076,0.005618227064590133,0.003655041041931089
350,3,0.005682073421954554,0.005682073422083379,nan
350,4,0.005682073421954551,0.005682073422083383,nan
351,1,0.005618227064558887,0.005618227064558887,nan
351,2,0.005618227064684832,0.0056182270645588886,nan
351,3,0.005618227064558885,0.005618227064684831,0.0012183637726397637
351,4,0.0056820734219225925,0.005682073421922596,nan
352,1,0.005618227064527643,0.005618227064527643,nan
352,2,0.0056182270645276375,0.0056182270645276445,nan
352,3,0.005618227064527641,0.005618227064527637,nan
352,4,0.005618227064527638,0.005618227064527642,0.0041841371897229215
353,1,0.0055557995773958015,0.0055557995773958015,0.0007427607645524714
353,2,0.005618227064497087,0.005618227064373944,nan
353,3,0.00561822706437394,0.0056182270644970864,nan
353,4,0.005618227064497088,0.005618227064497092,nan
354,1,0.005555799577365927,0.005555799577245497,nan
354,2,0.005555799577365922,0.005555799577245499,0.0036797299477365217
354,3,0.00561822706434339,0.005618227064466536,nan
354,4,0.005618227064343387,0.005618227064466541,nan
355,1,0.005555799577215623,0.005555799577215623,nan
355,2,0.005555799577336047,0.005555799577215624,nan
355,3,0.005555799577215621,0.0055557995773360454,0.0010964532030538266
355,4,0.005618227064312837,0.005618227064312841,nan
356,1,0.005555799577185748,0.005555799577185748,nan
356,2,0.005555799577185743,0.00555579957718575,nan
356,3,0.005555799577185746,0.005555799577185741,nan
356,4,0.005555799577185744,0.005555799577185746,0.004033172546192797
357,1,0.0054947441823468,0.0054947441823468,0.000820432036509543
357,2,0.005555799577156525,0.005555799577038749,nan
357,3,0.005555799577038746,0.005555799577156523,nan
357,4,0.005555799577156526,0.0055557995771565285,nan
358,1,0.005494744182318221,0.005494744182203012,nan
358,2,0.005494744182318216,0.005494744182203015,0.0037396811165622493
358,3,0.005555799577009528,0.005555799577127305,nan
358,4,0.005555799577009525,0.0055557995771273105,nan
359,1,0.005494744182174433,0.005494744182174433,nan
359,2,0.005494744182289637,0.0054947441821744354,nan
359,3,0.005494744182174432,0.005494744182289635,0.0009568912806254041
359,4,0.0055557995769803074,0.00555579957698031,nan
360,1,0.005494744182145853,0.005494744182145853,nan
360,2,0.005494744182145849,0.005494744182145856,nan
360,3,0.005494744182145852,0.005494744182145847,nan
360,4,0.005494744182145851,0.005494744182145853,0.00387584273095626
361,1,0.005435016135536979,0.005435016135536979,0.0008385809211613735
361,2,0.005494744182117891,0.005494744182005195,nan
361,3,0.0054947441820051915,0.0054947441821178895,nan
361,4,0.005494744182117893,0.005494744182117896,nan
362,1,0.005435016135509625,0.005435016135399359,nan
362,2,0.005435016135509623,0.005435016135399363,0.0037117905926221948
362,3,0.005494744181977234,0.005494744182089932,nan
362,4,0.005494744181977232,0.005494744182089938,nan
363,1,0.005435016135372005,0.005435016135372005,nan
363,2,0.005435016135482269,0.005435016135372009,nan
363,3,0.005435016135372006,0.005435016135482268,0.0008960166871474025
363,4,0.005494744181949274,0.005494744181949277,nan
364,1,0.005435016135344651,0.005435016135344651,nan
364,2,0.005435016135344649,0.005435016135344655,nan
364,3,0.005435016135344652,0.005435016135344648,nan
364,4,0.005435016135344651,0.005435016135344654,0.003768883967682066
365,1,0.005376572617460673,0.005376572617460673,0.0009025901978586875
365,2,0.005435016135317884,0.005435016135209994,nan
365,3,0.005435016135209992,0.005435016135317883,nan
365,4,0.005435016135317886,0.005435016135317889,nan
366,1,0.005376572617434481,0.005376572617328894,nan
366,2,0.005376572617434478,0.005376572617328897,0.0037514297423317097
366,3,0.005435016135183227,0.005435016135291118,nan
366,4,0.005435016135183226,0.005435016135291124,nan
367,1,0.005376572617302702,0.005376572617302702,nan
367,2,0.0053765726174082856,0.005376572617302704,nan
367,3,0.005376572617302702,0.005376572617408285,0.0007913234646630135
367,4,0.005435016135156461,0.005435016135156464,nan
368,1,0.005376572617276509,0.005376572617276509,nan
368,2,0.005376572617276506,0.005376572617276512,nan
368,3,0.005376572617276509,0.0053765726172765056,nan
368,4,0.005376572617276509,0.005376572617276512,0.003639779815318706
369,1,0.005319372630795498,0.005319372630795498,0.0009895697979934118
369,2,0.005376572617250871,0.005376572617147536,nan
369,3,0.005376572617147533,0.00537657261725087,nan
369,4,0.005376572617250873,0.005376572617250876,nan
370,1,0.005319372630770405,0.005319372630669252,nan
370,2,0.005319372630770402,0.005319372630669255,0.0038232717525828385
370,3,0.0053765726171218975,0.005376572617225234,nan
370,4,0.0053765726171218975,0.00537657261722524,nan
371,1,0.0053193726306441595,0.0053193726306441595,nan
371,2,0.0053193726307453094,0.005319372630644162,nan
371,3,0.005319372630644159,0.005319372630745308,0.0006761711990747327
371,4,0.005376572617096262,0.005376572617096264,nan
372,1,0.005319372630619067,0.005319372630619067,nan
372,2,0.005319372630619064,0.005319372630619069,nan
372,3,0.005319372630619066,0.005319372630619062,nan
372,4,0.005319372630619066,0.005319372630619068,0.0035094561033160296
373,1,0.005263376904493967,0.005263376904493967,0.0010184048862655803
373,2,0.0053193726305944995,0.0053193726304954815,nan
373,3,0.005319372630495478,0.005319372630594498,nan
373,4,0.005319372630594501,0.005319372630594504,nan
374,1,0.005263376904469917,0.005263376904372967,nan
374,2,0.005263376904469914,0.00526337690437297,0.0038129362474659295
374,3,0.0053193726304709135,0.005319372630569933,nan
374,4,0.0053193726304709135,0.005319372630569939,nan
375,1,0.005263376904348917,0.005263376904348917,nan
375,2,0.005263376904445864,0.00526337690434892,nan
375,3,0.005263376904348916,0.005263376904445863,0.0006204616209060269
375,4,0.005319372630446349,0.0053193726304463515,nan
376,1,0.005263376904324867,0.005263376904324867,nan
376,2,0.005263376904324864,0.0052633769043248695,nan
376,3,0.005263376904324866,0.005263376904324863,nan
376,4,0.005263376904324866,0.005263376904324869,0.0034145472614201026
377,1,0.005208547803869645,0.005208547803869645,0.0010049511918001598
377,2,0.005263376904301315,0.005263376904206391,nan
377,3,0.005263376904206388,0.0052633769043013146,nan
377,4,0.005263376904301317,0.00526337690430132,nan
378,1,0.005208547803846584,0.005208547803753622,nan
378,2,0.005208547803846581,0.005208547803753625,0.0037446185484163227
378,3,0.005263376904182839,0.005263376904277766,nan
378,4,0.005263376904182839,0.005263376904277771,nan
379,1,0.00520854780373056,0.00520854780373056,nan
379,2,0.00520854780382352,0.005208547803730564,nan
379,3,0.005208547803730561,0.005208547803823521,0.0006017201188759399
379,4,0.00526337690415929,0.005263376904159293,nan
380,1,0.005208547803707499,0.005208547803707499,nan
380,2,0.005208547803707496,0.0052085478037075025,nan
380,3,0.0052085478037075,0.005208547803707497,nan
380,4,0.005208547803707501,0.005208547803707503,0.003340925706876664
381,1,0.005154849246245201,0.005154849246245201,0.00107126335211168
381,2,0.005208547803684911,0.005208547803593872,nan
381,3,0.005208547803593869,0.005208547803684912,nan
381,4,0.0052085478036849155,0.005208547803684918,nan
382,1,0.005154849246223079,0.005154849246133902,nan
382,2,0.005154849246223076,0.0051548492461339045,0.0037885263742920604
382,3,0.005208547803571284,0.005208547803662327,nan
382,4,0.005208547803571285,0.005208547803662333,nan
383,1,0.00515484924611178,0.00515484924611178,nan
383,2,0.005154849246200954,0.005154849246111782,nan
383,3,0.00515484924611178,0.005154849246200955,0.0005226913199993401
383,4,0.0052085478035487,0.005208547803548702,nan
384,1,0.005154849246089658,0.005154849246089658,nan
384,2,0.005154849246089655,0.00515484924608966,nan
384,3,0.005154849246089658,0.005154849246089656,nan
384,4,0.005154849246089659,0.005154849246089661,0.0032394731267001288
385,1,0.005102246621765071,0.005102246621765071,0.001131266653215525
385,2,0.005154849246067985,0.005154849245980632,nan
385,3,0.0051548492459806295,0.005154849246067986,nan
385,4,0.0051548492460679884,0.005154849246067991,nan
386,1,0.00510224662174384,0.0051022466216582565,nan
386,2,0.005102246621743838,0.005102246621658259,0.003823741513453316
386,3,0.005154849245958959,0.005154849246046316,nan
386,4,0.00515484924595896,0.005154849246046321,nan
387,1,0.005102246621637025,0.005102246621637025,nan
387,2,0.005102246621722607,0.005102246621637028,nan
387,3,0.005102246621637026,0.0051022466217226095,0.00045555369508181283
387,4,0.00515484924593729,0.005154849245937293,nan
388,1,0.005102246621615794,0.005102246621615794,nan
388,2,0.005102246621615792,0.0051022466216157965,nan
388,3,0.005102246621615795,0.005102246621615795,nan
388,4,0.005102246621615797,0.0051022466216158,0.0031475114558564307
389,1,0.0050507067190075465,0.0050507067190075465,0.00122648542246932
389,2,0.00510224662159499,0.005102246621511141,nan
389,3,0.005102246621511139,0.005102246621594993,nan
389,4,0.0051022466215949955,0.005102246621594998,nan
390,1,0.0050507067189871635,0.005050706718904994,nan
390,2,0.005050706718987161,0.005050706718904997,0.003851111211427869
390,3,0.005102246621490338,0.005102246621574191,nan
390,4,0.00510224662149034,0.005102246621574196,nan
391,1,0.005050706718884611,0.005050706718884611,nan
391,2,0.005050706718966778,0.005050706718884614,nan
391,3,0.005050706718884612,0.00505070671896678,0.000519451480481692
391,4,0.005102246621469538,0.00510224662146954,nan
392,1,0.005050706718864228,0.005050706718864228,nan
392,2,0.005050706718864225,0.005050706718864231,nan
392,3,0.005050706718864229,0.005050706718864227,nan
392,4,0.005050706718864231,0.005050706718864233,0.003143518834972576
393,1,0.0050001976550603285,0.0050001976550603285,0.0012973214692293472
393,2,0.00505070671884425,0.005050706718763729,nan
393,3,0.005050706718763728,0.005050706718844252,nan
393,4,0.005050706718844255,0.005050706718844258,nan
394,1,0.0050001976550407504,0.0050001976549618275,nan
394,2,0.005000197655040748,0.005000197654961829,0.0037064481527260087
394,3,0.005050706718743752,0.0050507067188242764,nan
394,4,0.005050706718743754,0.0050507067188242825,nan
395,1,0.005000197654942249,0.005000197654942249,nan
395,2,0.00500019765502117,0.005000197654942251,nan
395,3,0.00500019765494225,0.0050001976550211715,0.0008034673308294206
395,4,0.005050706718723779,0.005050706718723781,nan
396,1,0.005000197654922671,0.005000197654922671,nan
396,2,0.005000197654922669,0.005000197654922673,nan
396,3,0.005000197654922672,0.00500019765492267,nan
396,4,0.005000197654922674,0.0050001976549226765,0.003211968656079033
397,1,0.004950688809750143,0.004950688809750143,0.001371916070416665
397,2,0.005000197654903478,0.005000197654826123,nan
397,3,0.005000197654826122,0.00500019765490348,nan
397,4,0.0050001976549034835,0.005000197654903486,nan
398,1,0.0049506888097313306,0.0049506888096554945,nan
398,2,0.004950688809731328,0.004950688809655496,0.0037848880725773492
398,3,0.005000197654806931,0.00500019765488429,nan
398,4,0.005000197654806933,0.005000197654884296,nan
399,1,0.004950688809636682,0.004950688809636682,nan
399,2,0.004950688809712516,0.004950688809636684,nan
399,3,0.004950688809636683,0.0049506888097125175,0.0006404756423035189
399,4,0.005000197654787743,0.005000197654787745,nan
400,1,0.00495068880961787,0.00495068880961787,nan
400,2,0.0049506888096178675,0.004950688809617872,nan
400,3,0.004950688809617871,0.004950688809617869,nan
400,4,0.004950688809617873,0.004950688809617875,0.0030527916547661593
401,1,0.00490215076374138,0.00490215076374138,0.0017099997549427431
401,2,0.004950688809599424,0.00495068880952508,nan
401,3,0.004950688809525079,0.004950688809599426,nan
401,4,0.004950688809599429,0.004950688809599432,nan
402,1,0.0049021507637232965,0.004902150763650398,nan
402,2,0.004902150763723294,0.004902150763650401,0.0035538939700899977
402,3,0.004950688809506635,0.004950688809580982,nan
402,4,0.004950688809506637,0.004950688809580988,nan
403,1,0.004902150763632315,0.004902150763632315,nan
403,2,0.00490215076370521,0.004902150763632317,nan
403,3,0.004902150763632316,0.004902150763705212,0.0014236734242660293
403,4,0.0049506888094881935,0.004950688809488196,nan
404,1,0.004902150763614231,0.004902150763614231,nan
404,2,0.004902150763614228,0.0049021507636142336,nan
404,3,0.004902150763614233,0.00490215076361423,nan
404,4,0.004902150763614234,0.004902150763614237,0.003266797943579068
405,1,0.004854555240240765,0.004854555240240765,0.0019223801800073862
405,2,0.004902150763596496,0.004902150763525019,nan
405,3,0.0049021507635250185,0.004902150763596498,nan
405,4,0.004902150763596502,0.004902150763596505,nan
406,1,0.004854555240223375,0.004854555240153274,nan
406,2,0.004854555240223372,0.004854555240153277,0.0034104454622560566
406,3,0.004902150763507286,0.004902150763578765,nan
406,4,0.004902150763507288,0.004902150763578772,nan
407,1,0.004854555240135884,0.004854555240135884,nan
407,2,0.004854555240205983,0.004854555240135887,nan
407,3,0.004854555240135886,0.004854555240205984,0.0018236972314347466
407,4,0.0049021507634895555,0.004902150763489558,nan
408,1,0.0048545552401184945,0.0048545552401184945,nan
408,2,0.004854555240118492,0.004854555240118497,nan
408,3,0.004854555240118496,0.004854555240118494,nan
408,4,0.004854555240118498,0.004854555240118501,0.0033108955606492973
409,1,0.004807875050065345,0.004807875050065345,0.002013399655793719
409,2,0.004854555240101437,0.004854555240032689,nan
409,3,0.004854555240032688,0.004854555240101439,nan
409,4,0.004854555240101443,0.004854555240101446,nan
410,1,0.004807875050048616,0.004807875049981179,nan
410,2,0.004807875050048614,0.004807875049981181,0.0033245848671163486
410,3,0.004854555240015633,0.004854555240084384,nan
410,4,0.004854555240015635,0.004854555240084391,nan
411,1,0.00480787504996445,0.00480787504996445,nan
411,2,0.004807875050031885,0.004807875049964452,nan
411,3,0.004807875049964452,0.004807875050031887,0.0019288284150792343
411,4,0.00485455523999858,0.004854555239998583,nan
412,1,0.004807875049947721,0.004807875049947721,nan
412,2,0.004807875049947719,0.0048078750499477236,nan
412,3,0.0048078750499477236,0.004807875049947721,nan
412,4,0.004807875049947725,0.004807875049947728,0.0032391077615217985
413,1,0.004762084039849575,0.004762084039849575,0.0022437097748227775
413,2,0.004807875049931309,0.004807875049865161,nan
413,3,0.004807875049865161,0.0048078750499313105,nan
413,4,0.004807875049931315,0.004807875049931317,nan
414,1,0.004762084039833476,0.004762084039768577,nan
414,2,0.004762084039833473,0.00476208403976858,0.003336022305855481
414,3,0.004807875049848751,0.0048078750499149,nan
414,4,0.004807875049848752,0.004807875049914907,nan
415,1,0.004762084039752478,0.004762084039752478,nan
415,2,0.004762084039817374,0.004762084039752481,nan
415,3,0.004762084039752481,0.004762084039817376,0.002201963853502232
415,4,0.004807875049832342,0.0048078750498323445,nan
416,1,0.004762084039736379,0.004762084039736379,nan
416,2,0.004762084039736376,0.0047620840397363815,nan
416,3,0.0047620840397363815,0.004762084039736378,nan
416,4,0.004762084039736382,0.004762084039736385,0.003293290803052118
417,1,0.004717157043184178,0.004717157043184178,0.0022899071183740995
417,2,0.004762084039720581,0.004762084039656913,nan
417,3,0.004762084039656913,0.0047620840397205825,nan
417,4,0.004762084039720587,0.004762084039720589,nan
418,1,0.004717157043168679,0.004717157043106201,nan
418,2,0.0047171570431686774,0.004717157043106205,0.003377107140430014
418,3,0.004762084039641117,0.004762084039704787,nan
418,4,0.004762084039641118,0.004762084039704794,nan
419,1,0.0047171570430907025,0.0047171570430907025,nan
419,2,0.0047171570431531785,0.004717157043090706,nan
419,3,0.004717157043090706,0.00471715704315318,0.002181570640720711
419,4,0.004762084039625323,0.004762084039625325,nan
420,1,0.004717157043075204,0.004717157043075204,nan
420,2,0.004717157043075202,0.004717157043075207,nan
420,3,0.004717157043075207,0.004717157043075204,nan
420,4,0.004717157043075208,0.0047171570430752105,0.003267770945016746
421,1,0.004673069834494997,0.004673069834494997,0.0024683115968671438
421,2,0.004717157043059993,0.004717157042998688,nan
421,3,0.004717157042998688,0.004717157043059994,nan
421,4,0.004717157043059999,0.004717157043060001,nan
422,1,0.004673069834480071,0.004673069834419901,nan
422,2,0.0046730698344800686,0.004673069834419905,0.0033667640498597287
422,3,0.004717157042983479,0.004717157043044785,nan
422,4,0.00471715704298348,0.004717157043044792,nan
423,1,0.004673069834404976,0.004673069834404976,nan
423,2,0.004673069834465143,0.004673069834404979,nan
423,3,0.004673069834404979,0.004673069834465145,0.0024122410183337523
423,4,0.004717157042968271,0.0047171570429682735,nan
424,1,0.00467306983439005,0.00467306983439005,nan
424,2,0.004673069834390048,0.004673069834390054,nan
424,3,0.004673069834390054,0.004673069834390049,nan
424,4,0.004673069834390054,0.004673069834390056,0.003309625477133452
425,1,0.004629799085484211,0.004629799085484211,0.001933409020763174
425,2,0.004673069834375398,0.00467306983431635,nan
425,3,0.00467306983431635,0.0046730698343754,nan
425,4,0.004673069834375404,0.004673069834375407,nan
426,1,0.004629799085469832,0.0046297990854118655,nan
426,2,0.0046297990854698295,0.00462979908541187,0.0036042905844923933
426,3,0.0046730698343017,0.00467306983436075,nan
426,4,0.0046730698343017,0.004673069834360757,nan
427,1,0.004629799085397486,0.004629799085397486,nan
427,2,0.00462979908545545,0.004629799085397491,nan
427,3,0.00462979908539749,0.004629799085455451,0.0015990247532143486
427,4,0.00467306983428705,0.004673069834287053,nan
428,1,0.004629799085383107,0.004629799085383107,nan
428,2,0.004629799085383105,0.004629799085383112,nan
428,3,0.004629799085383111,0.0046297990853831055,nan
428,4,0.00462979908538311,0.0046297990853831125,0.0032689547178750434
429,1,0.00458732232396938,0.00458732232396938,0.0017613674438006993
429,2,0.004629799085368989,0.004629799085312093,nan
429,3,0.004629799085312092,0.00462979908536899,nan
429,4,0.004629799085368994,0.004629799085368997,nan
430,1,0.004587322323955523,0.004587322323899659,nan
430,2,0.00458732232395552,0.004587322323899663,0.0036439067145671786
430,3,0.0046297990852979766,0.004629799085354875,nan
430,4,0.0046297990852979766,0.0046297990853548816,nan
431,1,0.0045873223238858014,0.0045873223238858014,nan
431,2,0.004587322323941662,0.004587322323885805,nan
431,3,0.004587322323885804,0.004587322323941663,0.0013698092315365272
431,4,0.004629799085283861,0.004629799085283864,nan
432,1,0.004587322323871944,0.004587322323871944,nan
432,2,0.004587322323871941,0.004587322323871947,nan
432,3,0.004587322323871946,0.004587322323871942,nan
432,4,0.004587322323871947,0.00458732232387195,0.0032514315391288682
433,1,0.004545617894967708,0.004545617894967708,0.0017049916548737387
433,2,0.0045873223238583356,0.004587322323803494,nan
433,3,0.004587322323803493,0.004587322323858336,nan
433,4,0.004587322323858342,0.004587322323858344,nan
434,1,0.0045456178949543485,0.004545617894900494,nan
434,2,0.004545617894954346,0.0045456178949004975,0.0036782114456179087
434,3,0.004587322323789888,0.004587322323844731,nan
434,4,0.004587322323789889,0.004587322323844739,nan
435,1,0.004545617894887135,0.004545617894887135,nan
435,2,0.004545617894940987,0.004545617894887138,nan
435,3,0.0045456178948871375,0.004545617894940988,0.0012999897787103728
435,4,0.004587322323776283,0.004587322323776286,nan
436,1,0.004545617894873776,0.004545617894873776,nan
436,2,0.004545617894873773,0.004545617894873779,nan
436,3,0.0045456178948737784,0.004545617894873774,nan
436,4,0.0045456178948737784,0.004545617894873781,0.003272300924963607
437,1,0.004504664923883942,0.004504664923883942,0.0016516660213403698
437,2,0.004545617894860654,0.004545617894807776,nan
437,3,0.004545617894807775,0.004545617894860655,nan
437,4,0.00454561789486066,0.004545617894860662,nan
438,1,0.004504664923871058,0.004504664923819122,nan
438,2,0.004504664923871055,0.004504664923819126,0.003714506519884033
438,3,0.004545617894794656,0.004545617894847536,nan
438,4,0.004545617894794657,0.004545617894847543,nan
439,1,0.004504664923806238,0.004504664923806238,nan
439,2,0.004504664923858172,0.004504664923806242,nan
439,3,0.004504664923806241,0.004504664923858173,0.0012332862046266935
439,4,0.004545617894781538,0.004545617894781541,nan
440,1,0.0045046649237933546,0.0045046649237933546,nan
440,2,0.004504664923793352,0.004504664923793358,nan
440,3,0.004504664923793357,0.004504664923793354,nan
440,4,0.004504664923793358,0.004504664923793361,0.0032952169869998934
441,1,0.004464443281670404,0.004464443281670404,0.0016020621455301396
441,2,0.004504664923780699,0.004504664923729696,nan
441,3,0.004504664923729695,0.004504664923780701,nan
441,4,0.004504664923780705,0.0045046649237807075,nan
442,1,0.004464443281657976,0.004464443281607874,nan
442,2,0.004464443281657973,0.004464443281607877,0.0037491704101664273
442,3,0.004504664923717042,0.0045046649237680475,nan
442,4,0.004504664923717043,0.0045046649237680545,nan
443,1,0.004464443281595446,0.004464443281595446,nan
443,2,0.004464443281645545,0.004464443281595449,nan
443,3,0.004464443281595449,0.004464443281645547,0.0011710796449329246
443,4,0.00450466492370439,0.004504664923704393,nan
444,1,0.0044644432815830176,0.0044644432815830176,nan
444,2,0.004464443281583015,0.00446444328158302,nan
444,3,0.00446444328158302,0.0044644432815830176,nan
444,4,0.004464443281583021,0.004464443281583024,0.0033172938887176006
445,1,0.004424933551837018,0.004424933551837018,0.0015490889134230192
445,2,0.004464443281570807,0.004464443281521597,nan
445,3,0.004464443281521597,0.0044644432815708094,nan
445,4,0.004464443281570813,0.0044644432815708155,nan
446,1,0.004424933551825025,0.004424933551776677,nan
446,2,0.004424933551825022,0.00442493355177668,0.003821880731664477
446,3,0.004464443281509389,0.004464443281558601,nan
446,4,0.00446444328150939,0.004464443281558607,nan
447,1,0.004424933551764684,0.004424933551764684,nan
447,2,0.004424933551813029,0.004424933551764687,nan
447,3,0.004424933551764687,0.004424933551813032,0.0010985710395161018
447,4,0.004464443281497182,0.004464443281497184,nan
448,1,0.004424933551752691,0.004424933551752691,nan
448,2,0.0044249335517526885,0.004424933551752694,nan
448,3,0.004424933551752694,0.004424933551752691,nan
448,4,0.0044249335517526946,0.004424933551752697,0.0033704697644880597
449,1,0.004386116999197687,0.004386116999197687,0.0015097420205920041
449,2,0.004424933551740905,0.004424933551693411,nan
449,3,0.004424933551693411,0.004424933551740908,nan
449,4,0.0044249335517409115,0.004424933551740914,nan
450,1,0.0043861169991861095,0.00438611699913944,nan
450,2,0.004386116999186107,0.004386116999139443,0.0038347742636008655
450,3,0.004424933551681628,0.004424933551729125,nan
450,4,0.004424933551681629,0.004424933551729131,nan
451,1,0.004386116999127863,0.004386116999127863,nan
451,2,0.004386116999174529,0.004386116999127865,nan
451,3,0.0043861169991278644,0.004386116999174532,0.0010517094892100837
451,4,0.004424933551669846,0.0044249335516698485,nan
452,1,0.004386116999116285,0.004386116999116285,nan
452,2,0.0043861169991162826,0.004386116999116288,nan
452,3,0.004386116999116287,0.004386116999116285,nan
452,4,0.004386116999116289,0.004386116999116291,0.003375866010372568
453,1,0.004347975540247368,0.004347975540247368,0.0014554150474611867
453,2,0.004386116999104907,0.004386116999059054,nan
453,3,0.004386116999059053,0.00438611699910491,nan
453,4,0.004386116999104913,0.004386116999104916,nan
454,1,0.00434797554023619,0.004347975540191126,nan
454,2,0.004347975540236187,0.0043479755401911275,0.003982742382883503
454,3,0.004386116999047678,0.004386116999093534,nan
454,4,0.0043861169990476795,0.00438611699909354,nan
455,1,0.004347975540179947,0.004347975540179947,nan
455,2,0.004347975540225008,0.004347975540179949,nan
455,3,0.004347975540179948,0.004347975540225011,0.0009650220369913065
455,4,0.004386116999036304,0.004386116999036307,nan
456,1,0.004347975540168769,0.004347975540168769,nan
456,2,0.004347975540168766,0.00434797554016877,nan
456,3,0.0043479755401687695,0.004347975540168769,nan
456,4,0.004347975540168772,0.004347975540168775,0.003491487995319402
457,1,0.004310491715071417,0.004310491715071417,0.0014106259192985322
457,2,0.00434797554015778,0.004347975540113498,nan
457,3,0.004347975540113497,0.004347975540157783,nan
457,4,0.004347975540157786,0.004347975540157789,nan
458,1,0.004310491715060619,0.004310491715017093,nan
458,2,0.004310491715060617,0.004310491715017095,0.004123005845260282
458,3,0.004347975540102511,0.004347975540146797,nan
458,4,0.0043479755401025135,0.004347975540146803,nan
459,1,0.004310491715006295,0.004310491715006295,nan
459,2,0.004310491715049819,0.004310491715006297,nan
459,3,0.004310491715006297,0.004310491715049822,0.000890635159124055
459,4,0.0043479755400915275,0.00434797554009153,nan
460,1,0.004310491714995497,0.004310491714995497,nan
460,2,0.004310491714995496,0.004310491714995499,nan
460,3,0.004310491714995499,0.004310491714995498,nan
460,4,0.004310491714995502,0.004310491714995504,0.003602168004558734
461,1,0.004273648660695517,0.004273648660695517,0.0013800994341396098
461,2,0.0043104917149848826,0.004310491714942104,nan
461,3,0.004310491714942104,0.004310491714984885,nan
461,4,0.004310491714984889,0.004310491714984891,nan
462,1,0.0042736486606850844,0.00427364866064303,nan
462,2,0.004273648660685083,0.004273648660643033,0.004149734362442636
462,3,0.004310491714931491,0.004310491714974272,nan
462,4,0.004310491714931494,0.004310491714974278,nan
463,1,0.004273648660632598,0.004273648660632598,nan
463,2,0.00427364866067465,0.0042736486606326,nan
463,3,0.0042736486606326,0.004273648660674653,0.000851517633699408
463,4,0.004310491714920881,0.004310491714920883,nan
464,1,0.004273648660622165,0.004273648660622165,nan
464,2,0.004273648660622163,0.004273648660622168,nan
464,3,0.004273648660622168,0.004273648660622166,nan
464,4,0.00427364866062217,0.004273648660622173,0.0036203153843877628
465,1,0.004237430085790758,0.004237430085790758,0.0015216897456624837
465,2,0.004273648660611908,0.004273648660570571,nan
465,3,0.004273648660570571,0.00427364866061191,nan
465,4,0.004273648660611915,0.004273648660611917,nan
466,1,0.0042374300857806755,0.004237430085740032,nan
466,2,0.004237430085780673,0.004237430085740034,0.004267210713192271
466,3,0.004273648660560316,0.004273648660601655,nan
466,4,0.004273648660560318,0.004273648660601662,nan
467,1,0.0042374300857299495,0.0042374300857299495,nan
467,2,0.004237430085770591,0.004237430085729952,nan
467,3,0.004237430085729952,0.004237430085770593,0.0008809318802962657
467,4,0.004273648660550062,0.004273648660550065,nan
468,1,0.004237430085719867,0.004237430085719867,nan
468,2,0.004237430085719866,0.00423743008571987,nan
468,3,0.00423743008571987,0.004237430085719868,nan
468,4,0.004237430085719872,0.004237430085719874,0.0036255771869309894
469,1,0.00420182024665412,0.00420182024665412,0.0017176262132328796
469,2,0.0042374300857099525,0.004237430085669997,nan
469,3,0.004237430085669997,0.004237430085709955,nan
469,4,0.004237430085709959,0.004237430085709961,nan
470,1,0.004201820246644373,0.004201820246605081,nan
470,2,0.004201820246644371,0.004201820246605084,0.004382787291060629
470,3,0.0042374300856600836,0.004237430085700042,nan
470,4,0.004237430085660085,0.004237430085700048,nan
471,1,0.004201820246595334,0.004201820246595334,nan
471,2,0.0042018202466346235,0.004201820246595336,nan
471,3,0.004201820246595337,0.004201820246634627,0.0009294079957609645
471,4,0.004237430085650172,0.004237430085650175,nan
472,1,0.004201820246585586,0.004201820246585586,nan
472,2,0.004201820246585585,0.004201820246585589,nan
472,3,0.00420182024658559,0.004201820246585588,nan
472,4,0.0042018202465855916,0.004201820246585594,0.0035936384097604327
473,1,0.0041668039243899745,0.0041668039243899745,0.0021089784890349836
473,2,0.004201820246576,0.004201820246537368,nan
473,3,0.004201820246537369,0.004201820246576004,nan
473,4,0.004201820246576007,0.00420182024657601,nan
474,1,0.004166803924380549,0.004166803924342554,nan
474,2,0.004166803924380547,0.004166803924342557,0.004491061652259541
474,3,0.0042018202465277845,0.004201820246566419,nan
474,4,0.004201820246527786,0.0042018202465664255,nan
475,1,0.0041668039243331284,0.0041668039243331284,nan
475,2,0.0041668039243711215,0.004166803924333131,nan
475,3,0.004166803924333132,0.004166803924371126,0.0010818404967824387
475,4,0.004201820246518202,0.0042018202465182045,nan
476,1,0.004166803924323703,0.004166803924323703,nan
476,2,0.004166803924323701,0.004166803924323705,nan
476,3,0.004166803924323706,0.004166803924323705,nan
476,4,0.004166803924323708,0.004166803924323711,0.003462897251539089
477,1,0.0041323664032231235,0.0041323664032231235,0.0021534083437182894
477,2,0.004166803924314432,0.004166803924277068,nan
477,3,0.004166803924277069,0.004166803924314436,nan
477,4,0.0041668039243144385,0.004166803924314441,nan
478,1,0.004132366403214007,0.004132366403177255,nan
478,2,0.004132366403214005,0.0041323664031772565,0.004598439574590238
478,3,0.0041668039242678,0.004166803924305166,nan
478,4,0.004166803924267801,0.004166803924305172,nan
479,1,0.004132366403168138,0.004132366403168138,nan
479,2,0.004132366403204888,0.00413236640316814,nan
479,3,0.0041323664031681405,0.004132366403204892,0.0010601755565370938
479,4,0.004166803924258532,0.0041668039242585345,nan
480,1,0.004132366403159021,0.004132366403159021,nan
480,2,0.004132366403159019,0.004132366403159023,nan
480,3,0.004132366403159024,0.004132366403159024,nan
480,4,0.004132366403159025,0.004132366403159028,0.003504155919535041
481,1,0.004098493449878438,0.004098493449878438,0.0022136553441297765
481,2,0.004132366403150052,0.004132366403113906,nan
481,3,0.004132366403113907,0.004132366403150056,nan
481,4,0.004132366403150058,0.00413236640315006,nan
482,1,0.004098493449869617,0.004098493449834058,nan
482,2,0.0040984934498696154,0.00409849344983406,0.004704731724436119
482,3,0.004132366403104939,0.004132366403141088,nan
482,4,0.004132366403104941,0.004132366403141093,nan
483,1,0.004098493449825237,0.004098493449825237,nan
483,2,0.004098493449860794,0.004098493449825239,nan
483,3,0.0040984934498252395,0.004098493449860798,0.0010431963534792334
483,4,0.004132366403095973,0.004132366403095976,nan
484,1,0.004098493449816416,0.004098493449816416,nan
484,2,0.004098493449816414,0.0040984934498164175,nan
484,3,0.004098493449816418,0.0040984934498164175,nan
484,4,0.004098493449816419,0.004098493449816422,0.0035332039918331134
485,1,0.004065171293966403,0.004065171293966403,0.0022411796617754316
485,2,0.004098493449807736,0.004098493449772759,nan
485,3,0.00409849344977276,0.00409849344980774,nan
485,4,0.004098493449807741,0.004098493449807744,nan
486,1,0.004065171293957865,0.004065171293923451,nan
486,2,0.0040651712939578635,0.004065171293923453,0.004826097123895002
486,3,0.004098493449764082,0.004098493449799062,nan
486,4,0.004098493449764083,0.004098493449799066,nan
487,1,0.0040651712939149135,0.0040651712939149135,nan
487,2,0.004065171293949326,0.004065171293914915,nan
487,3,0.004065171293914916,0.0040651712939493295,0.0010193020364391249
487,4,0.004098493449755405,0.004098493449755407,nan
488,1,0.004065171293906376,0.004065171293906376,nan
488,2,0.004065171293906374,0.004065171293906378,nan
488,3,0.004065171293906379,0.004065171293906378,nan
488,4,0.0040651712939063795,0.004065171293906382,0.00360317000215584
489,1,0.004032386609317783,0.004032386609317783,0.0023385543558365174
489,2,0.004065171293897975,0.004065171293864119,nan
489,3,0.00406517129386412,0.004065171293897978,nan
489,4,0.00406517129389798,0.004065171293897983,nan
490,1,0.0040323866093095176,0.004032386609276202,nan
490,2,0.004032386609309517,0.004032386609276205,0.0049483288702692856
490,3,0.00406517129385572,0.004065171293889579,nan
490,4,0.004065171293855721,0.004065171293889583,nan
491,1,0.004032386609267937,0.004032386609267937,nan
491,2,0.004032386609301252,0.00403238660926794,nan
491,3,0.004032386609267941,0.004032386609301255,0.0010168193018697663
491,4,0.004065171293847322,0.004065171293847324,nan
492,1,0.004032386609259672,0.004032386609259672,nan
492,2,0.004032386609259671,0.004032386609259675,nan
492,3,0.0040323866092596755,0.004032386609259675,nan
492,4,0.004032386609259677,0.00403238660925968,0.0036255107643395294
493,1,0.004000126496214247,0.004000126496214247,0.002241637488233234
493,2,0.004032386609251539,0.00403238660921876,nan
493,3,0.004032386609218761,0.004032386609251542,nan
493,4,0.004032386609251545,0.004032386609251547,nan
494,1,0.004000126496206244,0.004000126496173984,nan
494,2,0.004000126496206243,0.004000126496173988,0.005041555470487108
494,3,0.004032386609210629,0.00403238660924341,nan
494,4,0.0040323866092106305,0.004032386609243415,nan
495,1,0.004000126496165981,0.004000126496165981,nan
495,2,0.00400012649619824,0.004000126496165985,nan
495,3,0.004000126496165986,0.0040001264961982445,0.0009563394003263956
495,4,0.004032386609202498,0.004032386609202501,nan
496,1,0.004000126496157978,0.004000126496157978,nan
496,2,0.004000126496157977,0.004000126496157982,nan
496,3,0.0040001264961579824,0.004000126496157982,nan
496,4,0.004000126496157984,0.004000126496157987,0.0037552217096907844
497,1,0.003968378464465186,0.003968378464465186,0.002243411424035133
497,2,0.004000126496150102,0.004000126496118358,nan
497,3,0.004000126496118359,0.004000126496150106,nan
497,4,0.0040001264961501085,0.004000126496150111,nan
498,1,0.003968378464457434,0.003968378464426188,nan
498,2,0.003968378464457434,0.003968378464426192,0.005087358550911296
498,3,0.004000126496110483,0.00400012649614223,nan
498,4,0.004000126496110485,0.0040001264961422355,nan
499,1,0.003968378464418437,0.003968378464418437,nan
499,2,0.0039683784644496825,0.00396837846441844,nan
499,3,0.003968378464418442,0.003968378464449687,0.0009350591990603559
499,4,0.004000126496102609,0.004000126496102612,nan
500,1,0.003968378464410685,0.003968378464410685,nan
500,2,0.003968378464410685,0.0039683784644106886,nan
500,3,0.00396837846441069,0.003968378464410689,nan
500,4,0.003968378464410693,0.0039683784644106955,0.0037779356496587388
501,1,0.003937130417284064,0.003937130417284064,0.0020944182124902726
501,2,0.003968378464403056,0.003968378464372305,nan
501,3,0.003968378464372307,0.00396837846440306,nan
501,4,0.003968378464403064,0.003968378464403066,nan
502,1,0.003937130417276554,0.003937130417246283,nan
502,2,0.003937130417276554,0.003937130417246286,0.005117005728518626
502,3,0.003968378464364678,0.003968378464395431,nan
502,4,0.003968378464364681,0.003968378464395437,nan
503,1,0.0039371304172387735,0.0039371304172387735,nan
503,2,0.0039371304172690445,0.003937130417238776,nan
503,3,0.003937130417238778,0.003937130417269049,0.00088416758312419
503,4,0.003968378464357052,0.003968378464357054,nan
504,1,0.003937130417231264,0.003937130417231264,nan
504,2,0.003937130417231264,0.0039371304172312665,nan
504,3,0.003937130417231268,0.003937130417231268,nan
504,4,0.003937130417231272,0.003937130417231274,0.003905739453505422
505,1,0.003906370635920606,0.003906370635920606,0.0019792232877133137
505,2,0.003937130417223872,0.003937130417194076,nan
505,3,0.0039371304171940775,0.003937130417223877,nan
505,4,0.00393713041722388,0.003937130417223883,nan
506,1,0.003906370635913329,0.003906370635883995,nan
506,2,0.00390637063591333,0.003906370635883997,0.005149125640899146
506,3,0.003937130417186686,0.003937130417216485,nan
506,4,0.003937130417186689,0.003937130417216491,nan
507,1,0.003906370635876718,0.003906370635876718,nan
507,2,0.003906370635906053,0.0039063706358767195,nan
507,3,0.003906370635876722,0.003906370635906057,0.0008527649513767664
507,4,0.003937130417179298,0.0039371304171793,nan
508,1,0.003906370635869441,0.003906370635869441,nan
508,2,0.0039063706358694415,0.003906370635869442,nan
508,3,0.003906370635869445,0.003906370635869446,nan
508,4,0.003906370635869448,0.003906370635869451,0.00402172176960673
509,1,0.0038760877650077744,0.0038760877650077744,0.0023816524627840695
509,2,0.003906370635862277,0.003906370635833398,nan
509,3,0.003906370635833401,0.003906370635862281,nan
509,4,0.003906370635862284,0.003906370635862287,nan
510,1,0.003876087765000721,0.003876087764972287,nan
510,2,0.0038760877650007215,0.0038760877649722885,0.005381441032102895
510,3,0.0039063706358262364,0.003906370635855117,nan
510,4,0.00390637063582624,0.003906370635855122,nan
511,1,0.003876087764965234,0.003876087764965234,nan
511,2,0.003876087764993668,0.003876087764965235,nan
511,3,0.0038760877649652373,0.003876087764993672,0.0008846628956059229
511,4,0.0039063706358190755,0.003906370635819078,nan
512,1,0.0038760877649581804,0.0038760877649581804,nan
512,2,0.003876087764958181,0.0038760877649581817,nan
512,3,0.003876087764958184,0.0038760877649581848,nan
512,4,0.003876087764958187,0.0038760877649581895,0.0038834306689084614
513,1,0.0038462707985850663,0.0038462707985850663,0.0021696787174319003
513,2,0.003876087764951236,0.0038760877649232405,nan
513,3,0.0038760877649232427,0.00387608776495124,nan
513,4,0.003876087764951242,0.0038760877649512446,nan
514,1,0.003846270798578228,0.0038462707985506607,nan
514,2,0.003846270798578228,0.003846270798550662,0.0052801010204683975
514,3,0.0038760877649162977,0.003876087764944295,nan
514,4,0.0038760877649163007,0.0038760877649442996,nan
515,1,0.0038462707985438224,0.0038462707985438224,nan
515,2,0.0038462707985713897,0.0038462707985438237,nan
515,3,0.0038462707985438254,0.003846270798571393,0.0008461074965385837
515,4,0.0038760877649093558,0.0038760877649093584,nan
516,1,0.003846270798536984,0.003846270798536984,nan
516,2,0.003846270798536984,0.0038462707985369854,nan
516,3,0.003846270798536987,0.0038462707985369876,nan
516,4,0.0038462707985369897,0.0038462707985369923,0.003955558786108648
517,1,0.003816909066761987,0.003816909066761987,1.4172240608611029
517,2,0.00384627079853025,0.003846270798503105,nan
517,3,0.0038462707985031067,0.0038462707985302534,nan
517,4,0.0038462707985302555,0.003846270798530258,nan
518,1,0.0038169090667553554,0.003816909066728622,nan
518,2,0.0038169090667553546,0.003816909066728623,0.9687449123356553
518,3,0.0038462707984963725,0.003846270798523519,nan
518,4,0.003846270798496375,0.003846270798523524,nan
519,1,0.0038169090667219906,0.0038169090667219906,nan
519,2,0.003816909066748723,0.0038169090667219915,nan
519,3,0.003816909066721993,0.003816909066748726,0.4893625999134611
519,4,0.003846270798489641,0.0038462707984896435,nan
520,1,0.003816909066715359,0.003816909066715359,nan
520,2,0.0038169090667153583,0.00381690906671536,nan
520,3,0.0038169090667153614,0.0038169090667153614,nan
520,4,0.003816909066715363,0.0038169090667153657,0.0405461985087939
521,1,0.0037879922229877394,0.0037879922229877394,1.4150628356217476
521,2,0.003816909066708827,0.0038169090666825005,nan
521,3,0.003816909066682502,0.00381690906670883,nan
521,4,0.003816909066708832,0.0038169090667088345,nan
522,1,0.003787992222981307,0.003787992222955376,nan
522,2,0.0037879922229813057,0.003787992222955377,0.9661810439057923
522,3,0.0038169090666759706,0.003816909066702299,nan
522,4,0.0038169090666759723,0.0038169090667023032,nan
523,1,0.0037879922229489436,0.0037879922229489436,nan
523,2,0.0037879922229748734,0.0037879922229489445,nan
523,3,0.0037879922229489453,0.0037879922229748764,0.48938146942292193
523,4,0.003816909066669441,0.0038169090666694437,nan
524,1,0.0037879922229425112,0.0037879922229425112,nan
524,2,0.00378799222294251,0.003787992222942512,nan
524,3,0.003787992222942513,0.003787992222942513,nan
524,4,0.0037879922229425143,0.003787992222942517,0.04016949495017958
525,1,0.0037595102318952393,0.0037595102318952393,1.4426968007243697
525,2,0.0037879922229361743,0.0037879922229106353,nan
525,3,0.003787992222910636,0.0037879922229361773,nan
525,4,0.0037879922229361786,0.0037879922229361812,nan
526,1,0.003759510231888998,0.00375951023186384,nan
526,2,0.0037595102318889973,0.0037595102318638413,0.9819341032859377
526,3,0.0037879922229043005,0.0037879922229298417,nan
526,4,0.003787992222904302,0.0037879922229298456,nan
527,1,0.003759510231857599,0.003759510231857599,nan
527,2,0.0037595102318827562,0.0037595102318576,nan
527,3,0.003759510231857601,0.0037595102318827597,0.5011733499388745
527,4,0.003787992222897966,0.0037879922228979688,nan
528,1,0.0037595102318513578,0.0037595102318513578,nan
528,2,0.003759510231851357,0.003759510231851359,nan
528,3,0.00375951023185136,0.0037595102318513604,nan
528,4,0.0037595102318513617,0.0037595102318513643,0.04008222380813882
529,1,0.003731453357689437,0.003731453357689437,1.4772993181286427
529,2,0.003759510231845209,0.0037595102318204285,nan
529,3,0.0037595102318204294,0.0037595102318452125,nan
529,4,0.003759510231845214,0.0037595102318452164,nan
530,1,0.0037314533576833808,0.0037314533576589663,nan
530,2,0.00373145335768338,0.003731453357658968,1.0026420461056371
530,3,0.0037595102318142815,0.0037595102318390646,nan
530,4,0.0037595102318142832,0.0037595102318390685,nan
531,1,0.00373145335765291,0.00373145335765291,nan
531,2,0.0037314533576773235,0.0037314533576529117,nan
531,3,0.0037314533576529125,0.003731453357677327,0.5152973236259071
531,4,0.0037595102318081354,0.003759510231808138,nan
532,1,0.0037314533576468536,0.0037314533576468536,nan
532,2,0.0037314533576468527,0.0037314533576468553,nan
532,3,0.003731453357646856,0.003731453357646856,nan
532,4,0.0037314533576468575,0.00373145335764686,0.04031350581684006
533,1,0.0037038121530517357,0.0037038121530517357,1.4932654828190306
533,2,0.003731453357640886,0.003731453357616836,nan
533,3,0.0037314533576168368,0.0037314533576408896,nan
533,4,0.003731453357640891,0.0037314533576408935,nan
534,1,0.003703812153045857,0.0037038121530221595,nan
534,2,0.003703812153045856,0.003703812153022161,1.0120533329777015
534,3,0.00373145335761087,0.003731453357634923,nan
534,4,0.0037314533576108715,0.003731453357634927,nan
535,1,0.003703812153016281,0.003703812153016281,nan
535,2,0.0037038121530399773,0.0037038121530162823,nan
535,3,0.003703812153016283,0.0037038121530399808,0.5219656192446098
535,4,0.003731453357604905,0.0037314533576049075,nan
536,1,0.0037038121530104024,0.0037038121530104024,nan
536,2,0.003703812153010401,0.0037038121530104037,nan
536,3,0.0037038121530104046,0.0037038121530104046,nan
536,4,0.003703812153010406,0.0037038121530104085,0.04043373261843996
537,1,0.0036765774485339256,0.0036765774485339256,1.4506492248994827
537,2,0.003703812153004609,0.0037038121529812625,nan
537,3,0.0037038121529812634,0.0037038121530046124,nan
537,4,0.0037038121530046137,0.0037038121530046163,nan
538,1,0.0036765774485282184,0.0036765774485052116,nan
538,2,0.003676577448528217,0.003676577448505213,0.9837537711349608
538,3,0.0037038121529754716,0.00370381215299882,nan
538,4,0.0037038121529754725,0.003703812152998824,nan
539,1,0.0036765774484995043,0.0036765774484995043,nan
539,2,0.00367657744852251,0.0036765774484995056,nan
539,3,0.0036765774484995065,0.0036765774485225133,0.5065666852275479
539,4,0.0037038121529696807,0.003703812152969683,nan
540,1,0.003676577448493797,0.003676577448493797,nan
540,2,0.003676577448493796,0.0036765774484937984,nan
540,3,0.0036765774484937993,0.0036765774484937993,nan
540,4,0.0036765774484938006,0.0036765774484938027,0.039371722594830266
541,1,0.0036497403424166405,0.0036497403424166405,1.5535174839601855
541,2,0.003676577448488172,0.0036765774484655033,nan
541,3,0.003676577448465504,0.0036765774484881753,nan
541,4,0.0036765774484881766,0.0036765774484881788,nan
542,1,0.0036497403424110984,0.003649740342388757,nan
542,2,0.003649740342411097,0.0036497403423887587,1.051917217297624
542,3,0.0036765774484598802,0.0036765774484825513,nan
542,4,0.0036765774484598815,0.003676577448482555,nan
543,1,0.003649740342383215,0.003649740342383215,nan
543,2,0.003649740342405555,0.0036497403423832167,nan
543,3,0.0036497403423832175,0.0036497403424055586,0.5440414729545956
543,4,0.0036765774484542576,0.0036765774484542597,nan
544,1,0.003649740342377673,0.003649740342377673,nan
544,2,0.0036497403423776716,0.0036497403423776747,nan
544,3,0.0036497403423776755,0.003649740342377675,nan
544,4,0.003649740342377676,0.003649740342377678,0.0421328920138842
545,1,0.0036232921910087576,0.0036232921910087576,1.543564027526156
545,2,0.00364974034237221,0.0036497403423501953,nan
545,3,0.003649740342350196,0.0036497403423722133,nan
545,4,0.003649740342372214,0.0036497403423722164,nan
546,1,0.0036232921910033748,0.003623292190981675,nan
546,2,0.0036232921910033735,0.003623292190981677,1.045179923387047
546,3,0.0036497403423447344,0.0036497403423667515,nan
546,4,0.003649740342344735,0.0036497403423667546,nan
547,1,0.0036232921909762923,0.0036232921909762923,nan
547,2,0.0036232921909979906,0.003623292190976294,nan
547,3,0.003623292190976295,0.003623292190997994,0.5405550807789435
547,4,0.003649740342339273,0.0036497403423392753,nan
548,1,0.0036232921909709094,0.0036232921909709094,nan
548,2,0.003623292190970908,0.003623292190970911,nan
548,3,0.003623292190970912,0.0036232921909709116,nan
548,4,0.0036232921909709124,0.0036232921909709146,0.04187794909639056
549,1,0.003597224599365543,0.003597224599365543,1.5910776493014527
549,2,0.003623292190965603,0.0036232921909442185,nan
549,3,0.0036232921909442194,0.0036232921909656064,nan
549,4,0.0036232921909656072,0.0036232921909656094,nan
550,1,0.0035972245993603135,0.0035972245993392328,nan
550,2,0.0035972245993603127,0.003597224599339235,1.0774105902435278
550,3,0.003623292190938914,0.003623292190960301,nan
550,4,0.0036232921909389146,0.003623292190960304,nan
551,1,0.0035972245993340034,0.0035972245993340034,nan
551,2,0.0035972245993550834,0.0035972245993340056,nan
551,3,0.003597224599334007,0.003597224599355087,0.5574163120980778
551,4,0.0036232921909336094,0.0036232921909336115,nan
552,1,0.003597224599328774,0.003597224599328774,nan
552,2,0.0035972245993287732,0.0035972245993287763,nan
552,3,0.0035972245993287776,0.0035972245993287767,nan
552,4,0.003597224599328778,0.00359722459932878,0.04346100938329361
553,1,0.0035715294124046004,0.003571529412404601,1.5618515055165467
553,2,0.0035972245993236185,0.003597224599302842,nan
553,3,0.0035972245993028435,0.003597224599323622,nan
553,4,0.0035972245993236233,0.0035972245993236254,nan
554,1,0.003571529412399519,0.003571529412379036,nan
554,2,0.003571529412399518,0.0035715294123790375,1.0566209477484065
554,3,0.0035972245992976887,0.0035972245993184672,nan
554,4,0.003597224599297689,0.0035972245993184707,nan
555,1,0.003571529412373954,0.0035715294123739544,nan
555,2,0.0035715294123944367,0.003571529412373956,nan
555,3,0.003571529412373958,0.0035715294123944406,0.5478107911725594
555,4,0.0035972245992925344,0.0035972245992925366,nan
556,1,0.0035715294123688725,0.003571529412368873,nan
556,2,0.0035715294123688716,0.0035715294123688747,nan
556,3,0.0035715294123688764,0.0035715294123688755,nan
556,4,0.003571529412368877,0.003571529412368879,0.042310323343742184
557,1,0.0035461987063998756,0.003546198706399876,1.569806823957169
557,2,0.0035715294123638626,0.003571529412343672,nan
557,3,0.003571529412343674,0.0035715294123638665,nan
557,4,0.003571529412363868,0.00357152941236387,nan
558,1,0.0035461987063949373,0.00354619870637503,nan
558,2,0.003546198706394937,0.003546198706375032,1.060970727277784
558,3,0.003571529412338665,0.0035715294123588575,nan
558,4,0.0035715294123386653,0.003571529412358861,nan
559,1,0.0035461987063700913,0.0035461987063700917,nan
559,2,0.0035461987063899985,0.0035461987063700935,nan
559,3,0.003546198706370095,0.0035461987063900025,0.551427264503746
559,4,0.0035715294123336563,0.0035715294123336585,nan
560,1,0.003546198706365153,0.0035461987063651534,nan
560,2,0.0035461987063651525,0.003546198706365155,nan
560,3,0.003546198706365157,0.0035461987063651564,nan
560,4,0.0035461987063651577,0.00354619870636516,0.04233215286276588
561,1,0.003521224780835082,0.0035212247808350822,1.5507735798175377
561,2,0.0035461987063602836,0.003546198706340659,nan
561,3,0.003546198706340661,0.0035461987063602875,nan
561,4,0.003546198706360289,0.003546198706360291,nan
562,1,0.0035212247808302814,0.00352122478081093,nan
562,2,0.003521224780830281,0.0035212247808109323,1.0467250202951357
562,3,0.003546198706335792,0.0035461987063554186,nan
562,4,0.0035461987063357928,0.003546198706355422,nan
563,1,0.0035212247808061293,0.0035212247808061297,nan
563,2,0.0035212247808254805,0.003521224780806132,nan
563,3,0.003521224780806133,0.0035212247808254844,0.5457260559241638
563,4,0.003546198706330924,0.003546198706330926,nan
564,1,0.003521224780801329,0.0035212247808013293,nan
564,2,0.0035212247808013284,0.0035212247808013315,nan
564,3,0.0035212247808013328,0.0035212247808013323,nan
564,4,0.003521224780801333,0.0035212247808013354,0.041432988266782746
565,1,0.003496600150598944,0.0034966001505989442,1.5295868632954217
565,2,0.0035212247807965952,0.0035212247807775167,nan
565,3,0.003521224780777518,0.003521224780796599,nan
565,4,0.0035212247807966,0.003521224780796602,nan
566,1,0.0034966001505942765,0.0034966001505754617,nan
566,2,0.003496600150594276,0.0034966001505754634,1.0309369088799947
566,3,0.003521224780772785,0.003521224780791866,nan
566,4,0.0035212247807727853,0.003521224780791869,nan
567,1,0.003496600150570794,0.0034966001505707944,nan
567,2,0.003496600150589609,0.003496600150570796,nan
567,3,0.0034966001505707975,0.0034966001505896127,0.5393338978124134
567,4,0.003521224780768052,0.0035212247807680543,nan
568,1,0.0034966001505661267,0.003496600150566127,nan
568,2,0.0034966001505661263,0.003496600150566129,nan
568,3,0.00349660015056613,0.00349660015056613,nan
568,4,0.0034966001505661306,0.003496600150566133,0.040453748949361275
569,1,0.0034723175385056523,0.0034723175385056528,1.5190342151639247
569,2,0.0034966001505615236,0.0034966001505429725,nan
569,3,0.003496600150542974,0.0034966001505615275,nan
569,4,0.003496600150561528,0.00349660015056153,nan
570,1,0.0034723175385011134,0.003472317538482817,nan
570,2,0.0034723175385011126,0.003472317538482818,1.0218978642944385
570,3,0.003496600150538371,0.003496600150556925,nan
570,4,0.0034966001505383716,0.0034966001505569275,nan
571,1,0.0034723175384782775,0.003472317538478278,nan
571,2,0.0034723175384965737,0.0034723175384782793,nan
571,3,0.0034723175384782806,0.0034723175384965776,0.5370276899879648
571,4,0.003496600150533769,0.003496600150533771,nan
572,1,0.0034723175384737386,0.003472317538473739,nan
572,2,0.0034723175384737378,0.0034723175384737404,nan
572,3,0.0034723175384737417,0.0034723175384737417,nan
572,4,0.003472317538473742,0.0034723175384737443,0.039672824761752594
573,1,0.0034483698681248252,0.0034483698681248257,1.5051612411798148
573,2,0.0034723175384692617,0.0034723175384512193,nan
573,3,0.0034723175384512206,0.0034723175384692656,nan
573,4,0.003472317538469266,0.0034723175384692682,nan
574,1,0.0034483698681204104,0.0034483698681026143,nan
574,2,0.0034483698681204095,0.0034483698681026156,1.0106931822924135
574,3,0.0034723175384467446,0.0034723175384647896,nan
574,4,0.003472317538446745,0.0034723175384647922,nan
575,1,0.003448369868098199,0.0034483698680981994,nan
575,2,0.0034483698681159946,0.0034483698680982007,nan
575,3,0.003448369868098202,0.003448369868115999,0.5334927996482122
575,4,0.003472317538442269,0.003472317538442271,nan
576,1,0.003448369868093784,0.0034483698680937845,nan
576,2,0.0034483698680937832,0.003448369868093786,nan
576,3,0.003448369868093787,0.0034483698680937876,nan
576,4,0.003448369868093788,0.00344836986809379,0.03881775833609941
577,1,0.003424750256906137,0.0034247502569061373,1.4855009368300849
577,2,0.003448369868089429,0.003448369868071879,nan
577,3,0.00344836986807188,0.0034483698680894334,nan
577,4,0.003448369868089434,0.003448369868089436,nan
578,1,0.003424750256901842,0.0034247502568845295,nan
578,2,0.003424750256901841,0.0034247502568845304,0.9962504838275495
578,3,0.003448369868067526,0.0034483698680850793,nan
578,4,0.003448369868067527,0.003448369868085082,nan
579,1,0.0034247502568802344,0.003424750256880235,nan
579,2,0.003424750256897546,0.0034247502568802357,nan
579,3,0.0034247502568802374,0.003424750256897551,0.5274212922259579
579,4,0.0034483698680631727,0.003448369868063175,nan
580,1,0.0034247502568759396,0.00342475025687594,nan
580,2,0.0034247502568759383,0.003424750256875941,nan
580,3,0.0034247502568759427,0.003424750256875943,nan
580,4,0.003424750256875943,0.0034247502568759453,0.03797607509109044
581,1,0.0034014520095845806,0.003401452009584581,1.4722074526579085
581,2,0.003424750256871702,0.003424750256854627,nan
581,3,0.0034247502568546286,0.003424750256871707,nan
581,4,0.003424750256871707,0.003424750256871709,nan
582,1,0.0034014520095804017,0.0034014520095635562,nan
582,2,0.0034014520095804004,0.0034014520095635567,0.9857017007526043
582,3,0.0034247502568503924,0.0034247502568674707,nan
582,4,0.003424750256850393,0.003424750256867473,nan
583,1,0.003401452009559377,0.0034014520095593773,nan
583,2,0.0034014520095762214,0.0034014520095593777,nan
583,3,0.00340145200955938,0.0034014520095762267,0.5238976846197608
583,4,0.0034247502568461566,0.0034247502568461588,nan
584,1,0.003401452009555198,0.0034014520095551983,nan
584,2,0.0034014520095551966,0.0034014520095551988,nan
584,3,0.003401452009555201,0.003401452009555202,nan
584,4,0.0034014520095552014,0.0034014520095552035,0.03720706419628243
585,1,0.00337846861185309,0.0033784686118530903,1.4574258559328184
585,2,0.003401452009551074,0.003401452009534458,nan
585,3,0.00340145200953446,0.0034014520095510792,nan
585,4,0.003401452009551079,0.003401452009551081,nan
586,1,0.0033784686118490228,0.0033784686118326288,nan
586,2,0.0033784686118490215,0.003378468611832629,0.9736412832233702
586,3,0.0034014520095303376,0.0034014520095469567,nan
586,4,0.003401452009530338,0.0034014520095469584,nan
587,1,0.0033784686118285613,0.0033784686118285617,nan
587,2,0.0033784686118449544,0.003378468611828562,nan
587,3,0.0033784686118285643,0.0033784686118449596,0.520231547349132
587,4,0.0034014520095262154,0.0034014520095262176,nan
588,1,0.003378468611824494,0.0033784686118244946,nan
588,2,0.003378468611824493,0.003378468611824495,nan
588,3,0.0033784686118244972,0.003378468611824498,nan
588,4,0.0033784686118244977,0.0033784686118245,0.03627206837284057
589,1,0.0033557937242899667,0.003355793724289967,1.4385042913900443
589,2,0.0033784686118204805,0.003378468611804308,nan
589,3,0.0033784686118043103,0.0033784686118204857,nan
589,4,0.0033784686118204853,0.0033784686118204874,nan
590,1,0.003355793724286008,0.0033557937242700503,nan
590,2,0.0033557937242860063,0.0033557937242700508,0.9590206706137482
590,3,0.003378468611800298,0.0033784686118164733,nan
590,4,0.0033784686118002983,0.003378468611816475,nan
591,1,0.0033557937242660913,0.0033557937242660917,nan
591,2,0.0033557937242820477,0.003355793724266092,nan
591,3,0.003355793724266094,0.003355793724282053,0.5149458506105167
591,4,0.003378468611796286,0.003378468611796288,nan
592,1,0.0033557937242621326,0.003355793724262133,nan
592,2,0.003355793724262131,0.0033557937242621335,nan
592,3,0.0033557937242621352,0.003355793724262136,nan
592,4,0.0033557937242621357,0.003355793724262138,0.03529704142593412
593,1,0.0033334211765292145,0.003333421176529215,1.4199164200087158
593,2,0.003355793724258225,0.003355793724242482,nan
593,3,0.003355793724242484,0.0033557937242582304,nan
593,4,0.00335579372425823,0.003355793724258232,nan
594,1,0.0033334211765253603,0.0033334211765098246,nan
594,2,0.003333421176525359,0.003333421176509825,0.9448394838656919
594,3,0.003355793724238578,0.0033557937242543246,nan
594,4,0.0033557937242385785,0.0033557937242543264,nan
595,1,0.00333342117650597,0.0033334211765059705,nan
595,2,0.003333421176521505,0.003333421176505971,nan
595,3,0.003333421176505973,0.00333342117652151,0.5096307540305023
595,4,0.003355793724234673,0.003355793724234675,nan
596,1,0.003333421176502116,0.0033334211765021163,nan
596,2,0.0033334211765021146,0.0033334211765021168,nan
596,3,0.003333421176502119,0.00333342117650212,nan
596,4,0.00333342117650212,0.0033334211765021216,0.03439803146411456
597,1,0.0033113449616625195,0.00331134496166252,1.4026414049034532
597,2,0.0033334211764983117,0.0033334211764829836,nan
597,3,0.003333421176482986,0.003333421176498317,nan
597,4,0.003333421176498317,0.0033334211764983186,nan
598,1,0.003311344961658767,0.0033113449616436396,nan
598,2,0.003311344961658766,0.00331134496164364,0.9319318519549434
598,3,0.003333421176479183,0.003333421176494514,nan
598,4,0.0033334211764791837,0.0033334211764945157,nan
599,1,0.0033113449616398866,0.003311344961639887,nan
599,2,0.0033113449616550134,0.0033113449616398874,nan
599,3,0.0033113449616398896,0.003311344961655018,0.5044941369114878
599,4,0.003333421176475381,0.0033334211764753825,nan
600,1,0.003311344961636134,0.0033113449616361344,nan
600,2,0.003311344961636133,0.003311344961636135,nan
600,3,0.003311344961636137,0.003311344961636138,nan
600,4,0.0033113449616361374,0.003311344961636139,0.033637347607037606
601,1,0.003289559230862217,0.0032895592308622174,1.385969413568144
601,2,0.00331134496163243,0.0033113449616175026,nan
601,3,0.0033113449616175047,0.0033113449616324346,nan
601,4,0.003311344961632434,0.003311344961632436,nan
602,1,0.003289559230858562,0.0032895592308438294,nan
602,2,0.0032895592308585615,0.00328955923084383,0.9196008009249372
602,3,0.0033113449616138015,0.0033113449616287314,nan
602,4,0.003311344961613802,0.0033113449616287327,nan
603,1,0.003289559230840174,0.0032895592308401743,nan
603,2,0.0032895592308549064,0.0032895592308401747,nan
603,3,0.0032895592308401773,0.0032895592308549116,0.49944277600646947
603,4,0.0033113449616100988,0.0033113449616101005,nan
604,1,0.003289559230836519,0.0032895592308365192,nan
604,2,0.0032895592308365184,0.0032895592308365197,nan
604,3,0.0032895592308365223,0.0032895592308365236,nan
604,4,0.003289559230836523,0.003289559230836525,0.03293474533261347
605,1,0.0032680582882151157,0.003268058288215116,1.3696148729748137
605,2,0.0032895592308329114,0.0032895592308183723,nan
605,3,0.003289559230818375,0.0032895592308329166,nan
605,4,0.003289559230832916,0.003289559230832918,nan
606,1,0.0032680582882115557,0.003268058288197205,nan
606,2,0.0032680582882115557,0.003268058288197206,0.9075028174122762
606,3,0.003289559230814768,0.0032895592308293097,nan
606,4,0.003289559230814769,0.003289559230829311,nan
607,1,0.0032680582881936446,0.003268058288193645,nan
607,2,0.0032680582882079956,0.003268058288193646,nan
607,3,0.0032680582881936485,0.003268058288208001,0.4944902444478528
607,4,0.003289559230811162,0.0032895592308111636,nan
608,1,0.0032680582881900845,0.003268058288190085,nan
608,2,0.0032680582881900845,0.003268058288190086,nan
608,3,0.0032680582881900884,0.00326805828819009,nan
608,4,0.0032680582881900893,0.003268058288190091,0.03224690216732719
609,1,0.003246836585757626,0.0032468365857576263,1.354024965547414
609,2,0.003268058288186571,0.0032680582881724073,nan
609,3,0.00326805828817241,0.0032680582881865765,nan
609,4,0.0032680582881865756,0.0032680582881865774,nan
610,1,0.0032468365857541578,0.0032468365857401768,nan
610,2,0.0032468365857541578,0.0032468365857401776,0.8955511609795697
610,3,0.003268058288168896,0.003268058288183063,nan
610,4,0.003268058288168897,0.0032680582881830637,nan
611,1,0.003246836585736708,0.0032468365857367086,nan
611,2,0.0032468365857506896,0.0032468365857367095,nan
611,3,0.0032468365857367116,0.003246836585750695,0.49009071129006976
611,4,0.0032680582881653834,0.003268058288165385,nan
612,1,0.00324683658573324,0.0032468365857332405,nan
612,2,0.00324683658573324,0.0032468365857332413,nan
612,3,0.0032468365857332435,0.0032468365857332452,nan
612,4,0.0032468365857332444,0.003246836585733246,0.031493221279228135
613,1,0.0032258887187030603,0.0032258887187030607,1.3384272776514785
613,2,0.0032468365857298166,0.003246836585716017,nan
613,3,0.003246836585716019,0.0032468365857298218,nan
613,4,0.003246836585729821,0.0032468365857298226,nan
614,1,0.003225888718699681,0.003225888718686058,nan
614,2,0.003225888718699681,0.0032258887186860587,0.8838768988003372
614,3,0.0032468365857125955,0.0032468365857263983,nan
614,4,0.0032468365857125964,0.003246836585726399,nan
615,1,0.003225888718682678,0.0032258887186826786,nan
615,2,0.003225888718696302,0.0032258887186826794,nan
615,3,0.003225888718682681,0.0032258887186963066,0.4854759421378281
615,4,0.003246836585709173,0.0032468365857091746,nan
616,1,0.003225888718679299,0.0032258887186792993,nan
616,2,0.003225888718679299,0.0032258887186793,nan
616,3,0.003225888718679302,0.0032258887186793037,nan
616,4,0.003225888718679303,0.0032258887186793045,0.030809156861165858
617,1,0.0032052094208525187,0.003205209420852519,1.3234784738206842
617,2,0.0032258887186759626,0.0032258887186625155,nan
617,3,0.003225888718662517,0.0032258887186759674,nan
617,4,0.0032258887186759665,0.0032258887186759682,nan
618,1,0.0032052094208492254,0.0032052094208359487,nan
618,2,0.003205209420849225,0.0032052094208359495,0.872358071396635
618,3,0.003225888718659181,0.003225888718672631,nan
618,4,0.0032258887186591817,0.003225888718672632,nan
619,1,0.003205209420832655,0.0032052094208326553,nan
619,2,0.0032052094208459316,0.003205209420832656,nan
619,3,0.003205209420832658,0.003205209420845936,0.48130833985127364
619,4,0.0032258887186558454,0.003225888718655847,nan
620,1,0.0032052094208293615,0.003205209420829362,nan
620,2,0.003205209420829361,0.0032052094208293628,nan
620,3,0.0032052094208293645,0.0032052094208293654,nan
620,4,0.003205209420829365,0.0032052094208293667,0.03007856950385767
621,1,0.0031847935601811523,0.0031847935601811528,1.3082643378080459
621,2,0.0032052094208261097,0.0032052094208130035,nan
621,3,0.003205209420813005,0.003205209420826114,nan
621,4,0.0032052094208261136,0.0032052094208261154,nan
622,1,0.0031847935601779422,0.003184793560165001,nan
622,2,0.0031847935601779422,0.003184793560165002,0.8611462483919126
622,3,0.003205209420809754,0.0032052094208228628,nan
622,4,0.0032052094208097543,0.003205209420822864,nan
623,1,0.0031847935601617906,0.003184793560161791,nan
623,2,0.003184793560174732,0.003184793560161792,nan
623,3,0.003184793560161794,0.003184793560174736,0.4766777167143723
623,4,0.003205209420806503,0.0032052094208065048,nan
624,1,0.0031847935601585805,0.003184793560158581,nan
624,2,0.0031847935601585805,0.003184793560158582,nan
624,3,0.003184793560158584,0.0031847935601585844,nan
624,4,0.003184793560158584,0.0031847935601585857,0.029456960955973673
625,1,0.0031646361345920434,0.003164636134592044,1.293358912225397
625,2,0.0031847935601554108,0.003184793560142635,nan
625,3,0.003184793560142637,0.0031847935601554147,nan
625,4,0.0031847935601554142,0.003184793560155416,nan
626,1,0.003164636134588914,0.0031646361345762978,nan
626,2,0.0031646361345889135,0.003164636134576299,0.8501352930665056
626,3,0.0031847935601394674,0.003184793560152245,nan
626,4,0.0031847935601394674,0.003184793560152246,nan
627,1,0.003164636134573168,0.0031646361345731683,nan
627,2,0.003164636134585784,0.0031646361345731696,nan
627,3,0.0031646361345731714,0.0031646361345857876,0.47216324214700645
627,4,0.0031847935601362976,0.0031847935601362993,nan
628,1,0.0031646361345700385,0.003164636134570039,nan
628,2,0.003164636134570038,0.00316463613457004,nan
628,3,0.003164636134570042,0.0031646361345700415,nan
628,4,0.003164636134570042,0.0031646361345700437,0.028843503853534375
629,1,0.00314473226783032,0.0031447322678303203,1.278280153680601
629,2,0.0031646361345669476,0.0031646361345544923,nan
629,3,0.003164636134554494,0.003164636134566951,nan
629,4,0.0031646361345669515,0.0031646361345669533,nan
630,1,0.0031447322678272685,0.0031447322678149676,nan
630,2,0.0031447322678272677,0.0031447322678149685,0.8393995343266331
630,3,0.0031646361345514036,0.0031646361345638607,nan
630,4,0.0031646361345514036,0.003164636134563863,nan
631,1,0.0031447322678119158,0.003144732267811916,nan
631,2,0.0031447322678242163,0.003144732267811917,nan
631,3,0.0031447322678119184,0.003144732267824219,0.4672872080600732
631,4,0.003164636134548313,0.003164636134548315,nan
632,1,0.0031447322678088644,0.003144732267808865,nan
632,2,0.0031447322678088635,0.0031447322678088657,nan
632,3,0.003144732267808867,0.003144732267808866,nan
632,4,0.0031447322678088666,0.0031447322678088683,0.028316867151618318
633,1,0.0031250772055504933,0.0031250772055504937,1.261628896512796
633,2,0.0031447322678058503,0.0031447322677937047,nan
633,3,0.003144732267793706,0.003144732267805853,nan
633,4,0.0031447322678058534,0.003144732267805855,nan
634,1,0.003125077205547518,0.0031250772055355217,nan
634,2,0.0031250772055475165,0.003125077205535522,0.8291672768825835
634,3,0.0031447322677906927,0.0031447322678028397,nan
634,4,0.0031447322677906923,0.003144732267802842,nan
635,1,0.003125077205532546,0.0031250772055325463,nan
635,2,0.003125077205544541,0.0031250772055325467,nan
635,3,0.0031250772055325476,0.003125077205544543,0.46065395021986394
635,4,0.003144732267787679,0.003144732267787681,nan
636,1,0.0031250772055295703,0.0031250772055295708,nan
636,2,0.003125077205529569,0.003125077205529571,nan
636,3,0.003125077205529572,0.003125077205529571,nan
636,4,0.0031250772055295716,0.0031250772055295734,0.028107421130650408
637,1,0.0031056663115303605,0.003105666311530361,1.2461602582908369
637,2,0.0031250772055266304,0.0031250772055147853,nan
637,3,0.003125077205514786,0.0031250772055266326,nan
637,4,0.003125077205526633,0.0031250772055266348,nan
638,1,0.0031056663115274583,0.003105666311515758,nan
638,2,0.003105666311527457,0.0031056663115157585,0.8189747917357323
638,3,0.0031250772055118475,0.003125077205523694,nan
638,4,0.003125077205511847,0.003125077205523696,nan
639,1,0.0031056663115128554,0.003105666311512856,nan
639,2,0.003105666311524555,0.0031056663115128563,nan
639,3,0.003105666311512857,0.003105666311524557,0.455023016870429
639,4,0.0031250772055089085,0.00312507720550891,nan
640,1,0.0031056663115099532,0.0031056663115099537,nan
640,2,0.003105666311509952,0.003105666311509954,nan
640,3,0.003105666311509955,0.003105666311509954,nan
640,4,0.003105666311509955,0.0031056663115099567,0.02775526227879577
641,1,0.0030864950640251353,0.0030864950640251358,1.2309756007617814
641,2,0.0031056663115070853,0.0031056663114955316,nan
641,3,0.0031056663114955325,0.0031056663115070875,nan
641,4,0.0031056663115070883,0.00310566631150709,nan
642,1,0.0030864950640223042,0.0030864950640108906,nan
642,2,0.0030864950640223025,0.003086495064010891,0.8089697487867056
642,3,0.003105666311492666,0.003105666311504221,nan
642,4,0.003105666311492666,0.0031056663115042234,nan
643,1,0.003086495064008059,0.0030864950640080596,nan
643,2,0.0030864950640194714,0.00308649506400806,nan
643,3,0.0030864950640080604,0.003086495064019473,0.4494952570396113
643,4,0.003105666311489799,0.003105666311489801,nan
644,1,0.003086495064005228,0.0030864950640052285,nan
644,2,0.0030864950640052263,0.003086495064005229,nan
644,3,0.0030864950640052294,0.003086495064005228,nan
644,4,0.0030864950640052294,0.003086495064005231,0.02740966146464558
645,1,0.003067559052255785,0.0030675590522557853,1.2160680001122603
645,2,0.00308649506400243,0.0030864950639911586,nan
645,3,0.003086495063991159,0.0030864950640024317,nan
645,4,0.003086495064002433,0.0030864950640024347,nan
646,1,0.0030675590522530227,0.003067559052241887,nan
646,2,0.003067559052253021,0.0030675590522418875,0.7991475719780238
646,3,0.0030864950639883626,0.0030864950639996353,nan
646,4,0.0030864950639883626,0.0030864950639996384,nan
647,1,0.0030675590522391246,0.003067559052239125,nan
647,2,0.003067559052250259,0.0030675590522391254,nan
647,3,0.003067559052239126,0.0030675590522502606,0.44406815879670786
647,4,0.0030864950639855663,0.003086495063985568,nan
648,1,0.0030675590522363625,0.003067559052236363,nan
648,2,0.0030675590522363607,0.0030675590522363633,nan
648,3,0.0030675590522363638,0.0030675590522363625,nan
648,4,0.0030675590522363638,0.0030675590522363655,0.027070457089407435
649,1,0.0030488539730258463,0.0030488539730258468,1.2014307425324948
649,2,0.003067559052233632,0.0030675590522226347,nan
649,3,0.003067559052222635,0.0030675590522336337,nan
649,4,0.003067559052233635,0.0030675590522336368,nan
650,1,0.003048853973023151,0.003048853973012285,nan
650,2,0.0030488539730231493,0.003048853973012285,0.7895038241932936
650,3,0.0030675590522199064,0.003067559052230905,nan
650,4,0.0030675590522199064,0.003067559052230908,nan
651,1,0.0030488539730095894,0.00304885397300959,nan
651,2,0.003048853973020454,0.00304885397300959,nan
651,3,0.0030488539730095902,0.0030488539730204552,0.43873928631554315
651,4,0.0030675590522171777,0.0030675590522171794,nan
652,1,0.003048853973006894,0.0030488539730068945,nan
652,2,0.0030488539730068923,0.0030488539730068945,nan
652,3,0.003048853973006895,0.0030488539730068936,nan
652,4,0.0030488539730068945,0.003048853973006896,0.026737492497122983
653,1,0.0030303756274612705,0.003030375627461271,1.187057316612514
653,2,0.0030488539730042295,0.003048853972993497,nan
653,3,0.0030488539729934976,0.003048853973004231,nan
653,4,0.0030488539730042317,0.0030488539730042334,nan
654,1,0.0030303756274586402,0.003030375627448036,nan
654,2,0.0030303756274586385,0.003030375627448036,0.7800342022219854
654,3,0.003048853972990835,0.003048853973001568,nan
654,4,0.0030488539729908344,0.0030488539730015706,nan
655,1,0.003030375627445405,0.0030303756274454056,nan
655,2,0.0030303756274560082,0.0030303756274454056,nan
655,3,0.0030303756274454056,0.003030375627456009,0.4335062771213313
655,4,0.0030488539729881716,0.0030488539729881733,nan
656,1,0.003030375627442775,0.0030303756274427753,nan
656,2,0.003030375627442773,0.0030303756274427753,nan
656,3,0.0030303756274427753,0.003030375627442774,nan
656,4,0.0030303756274427745,0.003030375627442776,0.02641061579444859
657,1,0.003012119917868107,0.0030121199178681076,1.1729414060578518
657,2,0.003030375627440174,0.0030303756274296994,nan
657,3,0.0030303756274296994,0.003030375627440175,nan
657,4,0.0030303756274401754,0.003030375627440177,nan
658,1,0.00301211991786554,0.0030121199178551887,nan
658,2,0.0030121199178655376,0.0030121199178551887,0.7707345319359366
658,3,0.0030303756274271004,0.003030375627437576,nan
658,4,0.0030303756274270995,0.003030375627437578,nan
659,1,0.003012119917852621,0.0030121199178526213,nan
659,2,0.0030121199178629703,0.0030121199178526213,nan
659,3,0.003012119917852621,0.0030121199178629703,0.4283668394531365
659,4,0.0030303756274245005,0.003030375627424502,nan
660,1,0.0030121199178500535,0.003012119917850054,nan
660,2,0.0030121199178500513,0.003012119917850054,nan
660,3,0.0030121199178500535,0.0030121199178500513,nan
660,4,0.003012119917850052,0.003012119917850054,0.026089679678051172
661,1,0.0029940828447030856,0.002994082844703086,1.1590768827094413
661,2,0.0030121199178475143,0.00301211991783729,nan
661,3,0.0030121199178372894,0.0030121199178475143,nan
661,4,0.003012119917847515,0.003012119917847517,nan
662,1,0.002994082844700579,0.002994082844690474,nan
662,2,0.0029940828447005763,0.002994082844690474,0.7616007636674405
662,3,0.0030121199178347524,0.0030121199178449773,nan
662,4,0.003012119917834751,0.00301211991784498,nan
663,1,0.002994082844687967,0.0029940828446879675,nan
663,2,0.0029940828446980696,0.0029940828446879675,nan
663,3,0.002994082844687967,0.00299408284469807,0.42331874973639777
663,4,0.003012119917832214,0.0030121199178322158,nan
664,1,0.0029940828446854604,0.002994082844685461,nan
664,2,0.0029940828446854578,0.002994082844685461,nan
664,3,0.0029940828446854604,0.002994082844685458,nan
664,4,0.002994082844685459,0.002994082844685461,0.025774541269256594
665,1,0.0029762605036523972,0.0029762605036523977,1.1454577998532929
665,2,0.002994082844682981,0.0029940828446729994,nan
665,3,0.002994082844672999,0.0029940828446829815,nan
665,4,0.0029940828446829823,0.002994082844682984,nan
666,1,0.00297626050364995,0.002976260503640084,nan
666,2,0.0029762605036499474,0.002976260503640084,0.7526289677793655
666,3,0.0029940828446705222,0.0029940828446805047,nan
666,4,0.002994082844670521,0.0029940828446805073,nan
667,1,0.0029762605036376365,0.002976260503637637,nan
667,2,0.0029762605036475,0.002976260503637637,nan
667,3,0.0029762605036376365,0.0029762605036475,0.41835985016029587
667,4,0.002994082844668044,0.002994082844668046,nan
668,1,0.002976260503635189,0.0029762605036351896,nan
668,2,0.0029762605036351866,0.0029762605036351896,nan
668,3,0.002976260503635189,0.0029762605036351866,nan
668,4,0.002976260503635188,0.0029762605036351896,0.02546506195560334
669,1,0.002958649082814193,0.0029586490828141933,1.1320783858062642
669,2,0.002976260503632768,0.002976260503623022,nan
669,3,0.0029762605036230214,0.002976260503632768,nan
669,4,0.0029762605036327693,0.002976260503632771,nan
670,1,0.0029586490828118032,0.002958649082802169,nan
670,2,0.0029586490828117998,0.0029586490828021686,0.7438153304182186
670,3,0.002976260503620603,0.0029762605036303493,nan
670,4,0.0029762605036206015,0.0029762605036303524,nan
671,1,0.002958649082799779,0.0029586490827997794,nan
671,2,0.00295864908280941,0.002958649082799779,nan
671,3,0.002958649082799778,0.0029586490828094098,0.41348804635503433
671,4,0.002976260503618183,0.0029762605036181846,nan
672,1,0.0029586490827973894,0.00295864908279739,nan
672,2,0.002958649082797386,0.0029586490827973894,nan
672,3,0.0029586490827973886,0.0029586490827973855,nan
672,4,0.0029586490827973873,0.0029586490827973886,0.025161107238972896
673,1,0.0029412448599805134,0.002941244859980514,1.1189330377649758
673,2,0.002958649082795024,0.0029586490827855066,nan
673,3,0.0029586490827855057,0.0029586490827950237,nan
673,4,0.0029586490827950254,0.0029586490827950267,nan
674,1,0.0029412448599781794,0.00294124485996877,nan
674,2,0.0029412448599781763,0.00294124485996877,0.7351561494415858
674,3,0.002958649082783144,0.002958649082792662,nan
674,4,0.0029586490827831426,0.002958649082792665,nan
675,1,0.0029412448599664357,0.002941244859966436,nan
675,2,0.0029412448599758423,0.002941244859966436,nan
675,3,0.0029412448599664353,0.002941244859975842,0.4087013051643387
675,4,0.0029586490827807808,0.002958649082780782,nan
676,1,0.0029412448599641016,0.002941244859964102,nan
676,2,0.0029412448599640986,0.002941244859964102,nan
676,3,0.002941244859964101,0.002941244859964098,nan
676,4,0.0029412448599641,0.002941244859964101,0.024862546589988863
677,1,0.0029240442000146066,0.002924044200014607,1.106016315905622
677,2,0.002941244859961792,0.002941244859952496,nan
677,3,0.002941244859952495,0.0029412448599617914,nan
677,4,0.002941244859961793,0.0029412448599617945,nan
678,1,0.002924044200012327,0.0029240442000031362,nan
678,2,0.002924044200012324,0.0029240442000031362,0.7266478305117908
678,3,0.0029412448599501883,0.0029412448599594847,nan
678,4,0.002941244859950187,0.0029412448599594877,nan
679,1,0.002924044200000856,0.0029240442000008564,nan
679,2,0.0029240442000100443,0.0029240442000008564,nan
679,3,0.0029240442000008555,0.002924044200010044,0.40399765250872816
679,4,0.0029412448599478802,0.0029412448599478815,nan
680,1,0.002924044199998576,0.0029240441999985765,nan
680,2,0.0029240441999985735,0.0029240441999985765,nan
680,3,0.0029240441999985756,0.002924044199998573,nan
680,4,0.0029240441999985743,0.0029240441999985756,0.024569253308388647
681,1,0.0029070435523197284,0.002907043552319729,1.0933229377229927
681,2,0.00292404419999632,0.0029240441999872392,nan
681,3,0.0029240441999872384,0.0029240441999963196,nan
681,4,0.002924044199996321,0.0029240441999963222,nan
682,1,0.0029070435523175014,0.002907043552308523,nan
682,2,0.002907043552317499,0.0029070435523085233,0.71828688334808
682,3,0.002924044199984985,0.0029240441999940662,nan
682,4,0.0029240441999849836,0.002924044199994069,nan
683,1,0.0029070435523062955,0.002907043552306296,nan
683,2,0.002907043552315272,0.0029070435523062964,nan
683,3,0.002907043552306295,0.002907043552315271,0.3993751713353766
683,4,0.0029240441999827302,0.0029240441999827315,nan
684,1,0.0029070435523040686,0.002907043552304069,nan
684,2,0.002907043552304066,0.0029070435523040694,nan
684,3,0.002907043552304068,0.002907043552304065,nan
684,4,0.0029070435523040664,0.0029070435523040677,0.024281104389091958
685,1,0.0028902394483957326,0.002890239448395733,1.080847772597741
685,2,0.0029070435523018646,0.0029070435522929932,nan
685,3,0.002907043552292992,0.0029070435523018637,nan
685,4,0.002907043552301865,0.0029070435523018663,nan
686,1,0.002890239448393557,0.0028902394483847843,nan
686,2,0.002890239448393554,0.0028902394483847848,0.7100699181300049
686,3,0.0029070435522907906,0.0029070435522996624,nan
686,4,0.002907043552290789,0.002907043552299665,nan
687,1,0.002890239448382608,0.0028902394483826086,nan
687,2,0.002890239448391378,0.002890239448382609,nan
687,3,0.0028902394483826073,0.0028902394483913767,0.3948319996505577
687,4,0.0029070435522885875,0.0029070435522885888,nan
688,1,0.0028902394483804324,0.002890239448380433,nan
688,2,0.0028902394483804293,0.0028902394483804332,nan
688,3,0.0028902394483804315,0.002890239448380428,nan
688,4,0.0028902394483804297,0.002890239448380431,0.023997980393700304
